-100.0000000000000000 95.5252473477428907
-99.9799979997999770 88.4313008913768499
-99.9599959995999541 100.1952712273717196
-99.9399939993999453 107.8427907048514385
-99.9199919991999224 104.6031238032062589
-99.8999899989998994 107.6355434771672321
-99.8799879987998764 75.8147822917499212
-99.8599859985998535 71.3260384563344445
-99.8399839983998447 100.5619659780011119
-99.8199819981998218 108.4507068446689289
-99.7999799979997988 87.1271874792082883
-99.7799779977997758 132.0713393997675666
-99.7599759975997529 114.2445272401279084
-99.7399739973997441 76.4074180734308044
-99.7199719971997212 121.4577421311399945
-99.6999699969996982 71.1417937213686145
-99.6799679967996752 101.6054540234516850
-99.6599659965996665 112.3632317147023372
-99.6399639963996435 79.4759229459221075
-99.6199619961996206 87.6548060601656118
-99.5999599959995976 108.4117976839347648
-99.5799579957995746 70.3871047708215656
-99.5599559955995659 121.8968474381877485
-99.5399539953995429 63.5449725840661230
-99.5199519951995200 90.7363421575710873
-99.4999499949994970 92.4429282997052297
-99.4799479947994740 74.0552364043562932
-99.4599459945994653 102.1897855702108586
-99.4399439943994423 70.7099425229155543
-99.4199419941994194 71.7356878319937152
-99.3999399939993964 125.2522306977531485
-99.3799379937993734 89.8475821621496635
-99.3599359935993647 84.3836692033329427
-99.3399339933993417 101.7330554945657610
-99.3199319931993188 51.3434725172859245
-99.2999299929992958 61.4594789042200631
-99.2799279927992870 91.2444745346717099
-99.2599259925992641 70.6942944677985707
-99.2399239923992411 99.1259672667799947
-99.2199219921992182 93.6436094372912606
-99.1999199919991952 71.8390936870436292
-99.1799179917991864 87.9159149406254414
-99.1599159915991635 109.8410501410712641
-99.1399139913991405 76.2702652168487845
-99.1199119911991176 89.9977929616242136
-99.0999099909990946 77.2334751045726335
-99.0799079907990858 94.6262129418574602
-99.0599059905990629 93.5263340524311815
-99.0399039903990399 102.9368881710346102
-99.0199019901990170 73.7158689965017828
-98.9998999899989940 106.4026709650074167
-98.9798979897989852 78.0314465050041690
-98.9598959895989623 93.8985805278666419
-98.9398939893989393 65.6788860716136753
-98.9198919891989163 77.0882746412328146
-98.8998899889988934 82.2923607217719706
-98.8798879887988846 111.0692026436891808
-98.8598859885988617 58.6782548552008976
-98.8398839883988387 88.6643292530308287
-98.8198819881988157 96.6289856580102651
-98.7998799879987928 84.1985802979399551
-98.7798779877987840 95.3904915499116868
-98.7598759875987611 90.2834415207398138
-98.7398739873987381 70.1174259700859608
-98.7198719871987151 65.4860632517037260
-98.6998699869987064 53.3901866024261693
-98.6798679867986834 88.2141467027389439
-98.6598659865986605 71.8645188059781788
-98.6398639863986375 64.7021691406601605
-98.6198619861986145 87.3833119653366595
-98.5998599859986058 116.1822143936998941
-98.5798579857985828 69.2938709252419898
-98.5598559855985599 62.5095946826593831
-98.5398539853985369 68.5443700213419760
-98.5198519851985139 82.8312356603880318
-98.4998499849985052 48.5697610583349757
-98.4798479847984822 102.0686620348993188
-98.4598459845984593 94.9229089106778758
-98.4398439843984363 105.6660019079233876
-98.4198419841984133 74.9584123914515317
-98.3998399839984046 47.9553734825593736
-98.3798379837983816 86.8811275282258038
-98.3598359835983587 67.6693312912321545
-98.3398339833983357 99.3096848585704777
-98.3198319831983270 93.9031004544857524
-98.2998299829983040 45.0879368723048373
-98.2798279827982810 75.1786225100108965
-98.2598259825982581 91.7551488818186272
-98.2398239823982351 77.5425387382186955
-98.2198219821982264 59.8343676440305643
-98.1998199819982034 88.4118309196424121
-98.1798179817981804 78.8683021853709079
-98.1598159815981575 88.1033294368912578
-98.1398139813981345 65.8574328827069451
-98.1198119811981257 100.7685877087478445
-98.0998099809981028 52.3896551499932883
-98.0798079807980798 76.6637665258633376
-98.0598059805980569 101.6298325188170111
-98.0398039803980339 82.0186328621812919
-98.0198019801980251 84.3133909826586461
-97.9997999799980022 35.5750652451928957
-97.9797979797979792 55.3467578421118276
-97.9597959795979563 99.3732293473746893
-97.9397939793979333 58.6929394822207087
-97.9197919791979245 103.5387147308152436
-97.8997899789979016 60.1152872631418589
-97.8797879787978786 76.9817986282760529
-97.8597859785978557 69.6772846000718289
-97.8397839783978327 61.3125791291010742
-97.8197819781978239 64.3926815887223825
-97.7997799779978010 58.3628215321471657
-97.7797779777977780 74.6174840695997972
-97.7597759775977551 84.3997037168341677
-97.7397739773977463 33.1131158625665662
-97.7197719771977233 59.2319560379185788
-97.6997699769977004 67.6387076135982284
-97.6797679767976774 81.9344357178215006
-97.6597659765976545 73.7402804360018393
-97.6397639763976457 75.6282737355816721
-97.6197619761976227 64.0005985401370907
-97.5997599759975998 87.2596007009856578
-97.5797579757975768 53.8902801891887080
-97.5597559755975539 77.0023866461796729
-97.5397539753975451 57.1996404589105225
-97.5197519751975221 88.3680399659000386
-97.4997499749974992 52.4851512630973218
-97.4797479747974762 55.7216542961411889
-97.4597459745974533 54.6518783832959940
-97.4397439743974445 68.2683404545435621
-97.4197419741974215 72.4265245721379927
-97.3997399739973986 69.4926444171946684
-97.3797379737973756 73.0325167706274385
-97.3597359735973669 74.7672103239075199
-97.3397339733973439 90.6664387389274111
-97.3197319731973209 45.1437141678960643
-97.2997299729972980 88.1126246514170077
-97.2797279727972750 90.9304106626849489
-97.2597259725972663 72.3185671304833306
-97.2397239723972433 85.8306311198762444
-97.2197219721972203 85.3777909532712442
-97.1997199719971974 43.8415768665711312
-97.1797179717971744 73.5062021418390117
-97.1597159715971657 50.6421239823435130
-97.1397139713971427 71.1224424691216512
-97.1197119711971197 42.5240449840039076
-97.0997099709970968 43.4862607705063553
-97.0797079707970738 66.6327630589133548
-97.0597059705970651 34.8261043673659856
-97.0397039703970421 64.2468405725160068
-97.0197019701970191 55.8501223347883382
-96.9996999699969962 59.5903220110582268
-96.9796979697969732 80.0673953567957426
-96.9596959695969645 68.0582308718046392
-96.9396939693969415 58.4953903163582751
-96.9196919691969185 56.3849098445774217
-96.8996899689968956 56.2552887652125406
-96.8796879687968726 66.0110088233996777
-96.8596859685968639 63.5783145841565869
-96.8396839683968409 33.5673342363655252
-96.8196819681968179 52.0151037859886500
-96.7996799679967950 41.7152828113567580
-96.7796779677967862 93.7975633014471128
-96.7596759675967633 78.6804998082323834
-96.7396739673967403 64.7020071590332577
-96.7196719671967173 32.1152915825010297
-96.6996699669966944 78.4039181613715783
-96.6796679667966856 84.0714507003104643
-96.6596659665966627 31.0542517575018415
-96.6396639663966397 44.1624546239429492
-96.6196619661966167 58.3123009193176500
-96.5996599659965938 57.8394460835922288
-96.5796579657965850 52.7580379470498215
-96.5596559655965621 87.6016963439847700
-96.5396539653965391 15.8322825505767000
-96.5196519651965161 88.9586969941253756
-96.4996499649964932 79.5357285046910647
-96.4796479647964844 35.1129041242740172
-96.4596459645964615 73.6259906623149618
-96.4396439643964385 43.7074296249797314
-96.4196419641964155 65.1286118849539548
-96.3996399639964068 67.4624568085610292
-96.3796379637963838 62.0245691443688969
-96.3596359635963609 35.6975604501822090
-96.3396339633963379 33.6616188758169699
-96.3196319631963149 76.0000735498928748
-96.2996299629963062 37.1574519607264762
-96.2796279627962832 89.0758452057929162
-96.2596259625962603 68.8423761437874475
-96.2396239623962373 58.6226170553126735
-96.2196219621962143 83.2602189399948998
-96.1996199619962056 49.1790310677519926
-96.1796179617961826 24.4173125460756353
-96.1596159615961597 37.4560343278732333
-96.1396139613961367 38.7192255826340528
-96.1196119611961137 71.7923860260806350
-96.0996099609961050 41.1436994660521123
-96.0796079607960820 40.6155679500070477
-96.0596059605960590 65.5991258844068028
-96.0396039603960361 36.5968999149098124
-96.0196019601960131 44.4404245224255448
-95.9995999599960044 43.5135533866229451
-95.9795979597959814 13.4602465387246468
-95.9595959595959584 66.3558558041375335
-95.9395939593959355 27.4522850478524241
-95.9195919591959125 46.8096304633911657
-95.8995899589959038 27.7006167177156684
-95.8795879587958808 41.2675133590014127
-95.8595859585958578 54.6790028006629711
-95.8395839583958349 57.2062462226831059
-95.8195819581958119 74.3023652945913682
-95.7995799579958032 27.0109749055835167
-95.7795779577957802 36.6403793144058554
-95.7595759575957572 62.7629095654341640
-95.7395739573957343 30.5771612875676411
-95.7195719571957255 24.9707150991591860
-95.6995699569957026 37.6208680425661157
-95.6795679567956796 59.5434793510491502
-95.6595659565956566 29.7143922217485219
-95.6395639563956337 66.6394585433967848
-95.6195619561956249 56.2424899145142447
-95.5995599559956020 50.1311010936905390
-95.5795579557955790 51.7842711110928064
-95.5595559555955560 31.8503327990221052
-95.5395539553955331 -3.0051585253485911
-95.5195519551955243 59.9513426912552063
-95.4995499549955014 51.1554764732342093
-95.4795479547954784 71.3472899958584037
-95.4595459545954554 51.9151778451431198
-95.4395439543954467 33.8799408220249774
-95.4195419541954237 38.8480552318978098
-95.3995399539954008 62.5519528436859815
-95.3795379537953778 50.6222114070441549
-95.3595359535953548 -22.8288810398766415
-95.3395339533953461 22.6232227017680181
-95.3195319531953231 23.7374620591885126
-95.2995299529953002 47.6326391421134048
-95.2795279527952772 54.6291911474019471
-95.2595259525952542 40.9548380672237897
-95.2395239523952455 56.1613356028095012
-95.2195219521952225 45.8773692496628982
-95.1995199519951996 61.7446413992175565
-95.1795179517951766 36.8470223156976857
-95.1595159515951536 69.2936590903985206
-95.1395139513951449 55.0146849266625111
-95.1195119511951219 45.1818270428637305
-95.0995099509950990 40.0482728189504940
-95.0795079507950760 5.3089980231690674
-95.0595059505950530 82.3093711204369356
-95.0395039503950443 34.6893325664793579
-95.0195019501950213 26.2825907231804834
-94.9994999499949984 54.2708007597236843
-94.9794979497949754 57.9888610715261166
-94.9594959495949524 13.6787608313408775
-94.9394939493949437 45.5603244523600281
-94.9194919491949207 35.2801284119299510
-94.8994899489948978 27.0961869580815247
-94.8794879487948748 52.0214541658631973
-94.8594859485948518 45.1981444916275592
-94.8394839483948431 17.4081305156413713
-94.8194819481948201 32.1019835657667016
-94.7994799479947972 46.3129203778147271
-94.7794779477947742 23.3537334326405812
-94.7594759475947654 41.6095027422445369
-94.7394739473947425 52.3888565226864316
-94.7194719471947195 46.7892991005174181
-94.6994699469946966 19.8072371770719293
-94.6794679467946736 76.7149079270286904
-94.6594659465946648 71.3501483816867932
-94.6394639463946419 37.6967177979401669
-94.6194619461946189 47.7206121877810148
-94.5994599459945960 53.6638845213913811
-94.5794579457945730 56.3271461820406572
-94.5594559455945642 31.2760086899684673
-94.5394539453945413 33.2243791090105418
-94.5194519451945183 40.9380994150039044
-94.4994499449944954 32.5708620099386934
-94.4794479447944866 49.8706859711377533
-94.4594459445944636 42.0881593394145739
-94.4394439443944407 56.5542495424262484
-94.4194419441944177 21.4091833263322577
-94.3994399439943948 50.3669418015649200
-94.3794379437943860 22.0194963613811971
-94.3594359435943630 26.8311111977285748
-94.3394339433943401 32.8970987150716638
-94.3194319431943171 43.2460322389747134
-94.2994299429942942 62.1831606378023451
-94.2794279427942854 63.8770199008624644
-94.2594259425942624 47.9892815243455573
-94.2394239423942395 54.9786321477333146
-94.2194219421942165 32.1077473675476739
-94.1994199419941936 55.2695664768008754
-94.1794179417941848 20.7899421767010963
-94.1594159415941618 76.0252008325018096
-94.1394139413941389 39.8449102780606310
-94.1194119411941159 21.1063036916449960
-94.0994099409940929 73.3694925462843059
-94.0794079407940842 60.8909929546090893
-94.0594059405940612 10.6998628366926312
-94.0394039403940383 41.7969446148339685
-94.0194019401940153 33.5903560409950828
-93.9993999399939923 59.8658692867991959
-93.9793979397939836 13.3893580787444293
-93.9593959395939606 27.5988562745115615
-93.9393939393939377 23.0764763494268692
-93.9193919391939147 43.8297885614871277
-93.8993899389938917 -1.1212898589525864
-93.8793879387938830 17.0183986514186039
-93.8593859385938600 35.2330848975498228
-93.8393839383938371 41.7295514475054290
-93.8193819381938141 26.1983596531819032
-93.7993799379938054 22.5583443189994703
-93.7793779377937824 72.8627504715065868
-93.7593759375937594 57.8560675460654892
-93.7393739373937365 48.0476727201243605
-93.7193719371937135 30.6691227024458186
-93.6993699369937048 33.6684761362976701
-93.6793679367936818 43.3353904047855067
-93.6593659365936588 -7.2422632656978010
-93.6393639363936359 21.2719887981455642
-93.6193619361936129 43.7053235867066832
-93.5993599359936042 58.7274452883184210
-93.5793579357935812 48.7964221684739954
-93.5593559355935582 57.1917592303898203
-93.5393539353935353 2.2236483441950838
-93.5193519351935265 65.9913155833490208
-93.4993499349935036 48.2500815457420984
-93.4793479347934806 67.4948582792950447
-93.4593459345934576 29.0445345027614010
-93.4393439343934347 28.3319054165255508
-93.4193419341934259 34.2856380317066183
-93.3993399339934030 44.2620662226979817
-93.3793379337933800 16.4935081372231132
-93.3593359335933570 61.4734571951638031
-93.3393339333933341 46.4342040505939337
-93.3193319331933253 53.2942540093003885
-93.2993299329933024 31.3099165267466333
-93.2793279327932794 63.9799841696170688
-93.2593259325932564 46.9251161879432601
-93.2393239323932335 39.3318888419042096
-93.2193219321932247 30.5622431270648747
-93.1993199319932017 38.1556175905932520
-93.1793179317931788 40.8065200916207758
-93.1593159315931558 47.5136558725255966
-93.1393139313931329 21.4570616359826225
-93.1193119311931241 40.7987711839734644
-93.0993099309931011 46.5323634221162834
-93.0793079307930782 32.7011602828160548
-93.0593059305930552 49.7898261302059382
-93.0393039303930323 62.4407693922324114
-93.0193019301930235 18.1074494347997792
-92.9992999299930005 -12.7830911127217703
-92.9792979297929776 68.9304160580806951
-92.9592959295929546 24.9881903627885649
-92.9392939293929317 35.4661461831674032
-92.9192919291929229 53.0572622403266223
-92.8992899289928999 8.9576616070601425
-92.8792879287928770 40.3773081704737038
-92.8592859285928540 42.4258308328188889
-92.8392839283928453 15.0600405608996724
-92.8192819281928223 17.3442775119113293
-92.7992799279927993 32.2936665230590165
-92.7792779277927764 18.4194059278884339
-92.7592759275927534 30.3027675780709735
-92.7392739273927447 37.7458473238808025
-92.7192719271927217 55.8870930613692565
-92.6992699269926987 13.9274715808162881
-92.6792679267926758 32.1776971081811212
-92.6592659265926528 16.7448830761028873
-92.6392639263926441 27.9584653842717401
-92.6192619261926211 22.9754477924317655
-92.5992599259925981 7.3265807186702290
-92.5792579257925752 14.5533559100551280
-92.5592559255925664 21.4757097296540778
-92.5392539253925435 61.0523473391215461
-92.5192519251925205 66.7154735721418319
-92.4992499249924975 52.6587502947211874
-92.4792479247924746 33.1767590811365025
-92.4592459245924658 30.3153350231442040
-92.4392439243924429 19.0975871183011883
-92.4192419241924199 34.7390848932799798
-92.3992399239923969 43.3917661585829819
-92.3792379237923740 55.1296165113495533
-92.3592359235923652 18.4820533867019066
-92.3392339233923423 26.3496469385811487
-92.3192319231923193 71.5067284046150746
-92.2992299229922963 49.4610775153729207
-92.2792279227922734 45.9701028431389886
-92.2592259225922646 53.8579665507055410
-92.2392239223922417 -10.7404376980838272
-92.2192219221922187 48.6325039410797757
-92.1992199219921957 24.1341474551754729
-92.1792179217921728 68.1765199064980152
-92.1592159215921640 1.1707631954640121
-92.1392139213921411 36.6418666140884071
-92.1192119211921181 43.6421966984071190
-92.0992099209920951 -0.5461828946883323
-92.0792079207920722 36.9406062502175061
-92.0592059205920634 26.1758068209244072
-92.0392039203920405 40.7451605413059923
-92.0192019201920175 25.7423654067742618
-91.9991999199919945 42.1511173420309504
-91.9791979197919716 47.3688066165469053
-91.9591959195919628 15.5155003669960667
-91.9391939193919399 11.9526179109028092
-91.9191919191919169 45.7770876811426888
-91.8991899189918939 47.6839859993342401
-91.8791879187918710 10.8541658914965922
-91.8591859185918622 13.4883677433335940
-91.8391839183918393 25.7640753776467513
-91.8191819181918163 38.4721058388977042
-91.7991799179917933 4.0150639229869931
-91.7791779177917846 42.5828128365851200
-91.7591759175917616 49.3416768588489418
-91.7391739173917387 29.0924330651608685
-91.7191719171917157 14.3068730839194771
-91.6991699169916927 22.8789173579819050
-91.6791679167916840 64.6600161563675044
-91.6591659165916610 18.0623506910154816
-91.6391639163916381 25.7999287601694007
-91.6191619161916151 5.5682384212640912
-91.5991599159916063 67.0787737906655934
-91.5791579157915834 15.0737579429097437
-91.5591559155915604 50.3869060207147044
-91.5391539153915375 40.1706083330718258
-91.5191519151915145 12.6239024478324495
-91.4991499149915057 8.1928179085662194
-91.4791479147914828 9.6859301291169579
-91.4591459145914598 -0.6536336615633651
-91.4391439143914369 38.1700263810191061
-91.4191419141914139 15.9900912665939074
-91.3991399139914051 43.1678244442339718
-91.3791379137913822 22.0217436030490461
-91.3591359135913592 22.2872932357591544
-91.3391339133913363 28.0148741468712679
-91.3191319131913133 0.2790632763436420
-91.2991299129913045 8.7505355393988253
-91.2791279127912816 55.8069386280501689
-91.2591259125912586 42.4724989272006326
-91.2391239123912356 33.4251772259393007
-91.2191219121912127 15.5481086830709394
-91.1991199119912039 45.6167903507590822
-91.1791179117911810 -8.7583037050441206
-91.1591159115911580 22.6400885130033203
-91.1391139113911350 26.0083242541601685
-91.1191119111911121 41.9269277292159757
-91.0991099109911033 4.9422324672419933
-91.0791079107910804 28.6592632454373124
-91.0591059105910574 26.5477891744889440
-91.0391039103910344 34.8258329035088821
-91.0191019101910115 53.0321253366216681
-90.9990999099910027 17.4370205808892607
-90.9790979097909798 6.5624202604915887
-90.9590959095909568 15.6128463601672927
-90.9390939093909338 22.0977788960157504
-90.9190919091909109 38.2762865968019526
-90.8990899089909021 26.1661971185850213
-90.8790879087908792 39.5408132972742976
-90.8590859085908562 37.5839270012820847
-90.8390839083908332 63.5989000194671803
-90.8190819081908245 37.9002248456586486
-90.7990799079908015 14.8579795447143983
-90.7790779077907786 19.8327371904586727
-90.7590759075907556 20.9953860919235673
-90.7390739073907326 3.7086801246117922
-90.7190719071907239 57.6252525842645653
-90.6990699069907009 52.0508112839642223
-90.6790679067906780 63.5894756692581637
-90.6590659065906550 45.7727154334860700
-90.6390639063906463 56.8669210376254597
-90.6190619061906233 34.0636147485235909
-90.5990599059906003 29.1154892398092962
-90.5790579057905774 21.7528873392888578
-90.5590559055905544 39.9870903527809318
-90.5390539053905457 26.0360335862718983
-90.5190519051905227 28.7841618815319364
-90.4990499049904997 -8.6562251181998207
-90.4790479047904768 58.7577749106358382
-90.4590459045904538 36.2862754104601350
-90.4390439043904451 53.4187696661247813
-90.4190419041904221 18.2228604894962842
-90.3990399039903991 11.4394915924323932
-90.3790379037903762 11.7391342642743446
-90.3590359035903532 21.1285686076329853
-90.3390339033903444 28.5228641036208543
-90.3190319031903215 21.1840885450337524
-90.2990299029902985 13.1277896669978418
-90.2790279027902756 34.6978413047141103
-90.2590259025902526 31.1916830910153884
-90.2390239023902438 54.3287739176481210
-90.2190219021902209 10.9843439293011222
-90.1990199019901979 27.1995319242665303
-90.1790179017901750 -2.0364110805682465
-90.1590159015901520 61.1715412565259271
-90.1390139013901432 50.4258516095734706
-90.1190119011901203 73.8164811609731686
-90.0990099009900973 27.2835490129375806
-90.0790079007900744 10.0287029091274817
-90.0590059005900514 54.0765138797425635
-90.0390039003900426 3.3758255839282505
-90.0190019001900197 11.6955401056134320
-89.9989998999899967 34.9786744673052752
-89.9789978997899738 23.6775290468585276
-89.9589958995899508 8.0674008913756801
-89.9389938993899420 35.6059547185007830
-89.9189918991899191 37.9606508015156194
-89.8989898989898961 24.2771307221044168
-89.8789878987898732 20.2482463078739485
-89.8589858985898644 22.6335920231740602
-89.8389838983898414 31.9052065384995736
-89.8189818981898185 20.3698635480900876
-89.7989798979897955 23.7244681196836851
-89.7789778977897726 26.6947853956165666
-89.7589758975897638 12.0947125109728422
-89.7389738973897408 26.9381420785737831
-89.7189718971897179 5.2553855878554003
-89.6989698969896949 42.4706909823206260
-89.6789678967896862 31.4177996200697898
-89.6589658965896632 34.7086305562744712
-89.6389638963896402 54.5805220946033813
-89.6189618961896173 35.4397028211153682
-89.5989598959895943 30.5231611102629472
-89.5789578957895856 25.4587019160022798
-89.5589558955895626 51.1768608186209519
-89.5389538953895396 33.0929891616300651
-89.5189518951895167 35.5372098104514009
-89.4989498949894937 30.3914028412211188
-89.4789478947894850 39.4769749717131049
-89.4589458945894620 21.4400807631426034
-89.4389438943894390 1.0716001216721942
-89.4189418941894161 42.3068572249078514
-89.3989398939893931 38.3846290814722835
-89.3789378937893844 19.5873449271980533
-89.3589358935893614 38.4166563183599834
-89.3389338933893384 21.5670843109443453
-89.3189318931893155 25.4383598344963140
-89.2989298929892925 12.6877995789450928
-89.2789278927892838 33.4371162681745986
-89.2589258925892608 51.4757241573200730
-89.2389238923892378 15.7664146599235639
-89.2189218921892149 11.9341653856750156
-89.1989198919891919 28.4709351109570754
-89.1789178917891832 7.0937769118777538
-89.1589158915891602 51.1313611227556777
-89.1389138913891372 12.8254521906051888
-89.1189118911891143 33.4499647314596231
-89.0989098909890913 27.1666383046784787
-89.0789078907890826 24.0985596675380940
-89.0589058905890596 20.9840275269982683
-89.0389038903890366 8.6928329411697689
-89.0189018901890137 44.7056828544470761
-88.9988998899889907 49.9612315643167548
-88.9788978897889820 -6.5529006477371112
-88.9588958895889590 3.0457654791888160
-88.9388938893889360 16.3242043425709724
-88.9188918891889131 20.3452157143564065
-88.8988898889889043 32.3404134023961660
-88.8788878887888814 12.6676044805260268
-88.8588858885888584 14.2590567943409390
-88.8388838883888354 -21.0045863983714511
-88.8188818881888125 5.8814187552034589
-88.7988798879888037 52.9163436841160006
-88.7788778877887808 49.2284607190814967
-88.7588758875887578 0.7193556257133267
-88.7388738873887348 49.4757584739880514
-88.7188718871887261 47.8905973158723839
-88.6988698869887031 26.6130350755497211
-88.6788678867886802 60.7509587815079115
-88.6588658865886572 24.6039643534361652
-88.6388638863886342 31.1207310390720124
-88.6188618861886255 46.6645890254075510
-88.5988598859886025 5.5601793928027128
-88.5788578857885796 77.8943292774015532
-88.5588558855885566 25.7704135207614833
-88.5388538853885336 11.0395683984565132
-88.5188518851885249 30.7597388859741585
-88.4988498849885019 -9.4828520650456696
-88.4788478847884790 54.1722244739213679
-88.4588458845884560 22.5427069848201747
-88.4388438843884330 37.2022390626859050
-88.4188418841884243 29.2894208168540899
-88.3988398839884013 43.3048993367263222
-88.3788378837883783 41.3816140379422990
-88.3588358835883554 -1.4002876526199088
-88.3388338833883324 1.4699674077693707
-88.3188318831883237 59.4527909646798349
-88.2988298829883007 16.4817523926216118
-88.2788278827882777 9.2319409561905239
-88.2588258825882548 10.7625072919571068
-88.2388238823882318 42.2641418855836690
-88.2188218821882231 12.8425077911293251
-88.1988198819882001 45.6195274399564923
-88.1788178817881771 68.1094398001480670
-88.1588158815881542 8.5585275163672172
-88.1388138813881312 15.8269767806490318
-88.1188118811881225 27.5392879597855185
-88.0988098809880995 37.1594269877373762
-88.0788078807880765 23.3205290352916634
-88.0588058805880536 42.6889884261583461
-88.0388038803880306 39.2786717122783315
-88.0188018801880219 11.4331016681337125
-87.9987998799879989 40.5512277050558936
-87.9787978797879759 10.3675226476207953
-87.9587958795879530 34.3361182814544605
-87.9387938793879442 61.0311500691225888
-87.9187918791879213 31.1353221672195524
-87.8987898789878983 21.7471399193326960
-87.8787878787878753 14.7427588961611864
-87.8587858785878524 18.1763636733247864
-87.8387838783878436 26.1724027355150923
-87.8187818781878207 46.8330398170408131
-87.7987798779877977 35.9150189164393367
-87.7787778777877747 41.5296999562691411
-87.7587758775877660 18.4199491383755074
-87.7387738773877430 23.3347996022058553
-87.7187718771877201 20.5590943080306801
-87.6987698769876971 29.1931240112915908
-87.6787678767876741 42.2729749677164079
-87.6587658765876654 26.9493749704662058
-87.6387638763876424 1.7530388025631503
-87.6187618761876195 17.1170418102585558
-87.5987598759875965 19.9874416641087365
-87.5787578757875735 31.7515374966951214
-87.5587558755875648 36.9257759468765983
-87.5387538753875418 26.2993547921445128
-87.5187518751875189 21.1076261095456132
-87.4987498749874959 49.6087088867264328
-87.4787478747874729 58.3959895327865866
-87.4587458745874642 61.3230752649580353
-87.4387438743874412 31.6341080468385805
-87.4187418741874183 5.8635940379368847
-87.3987398739873953 55.7350730965063832
-87.3787378737873723 -11.6186950647448626
-87.3587358735873636 23.1659896761801818
-87.3387338733873406 35.9011410237482096
-87.3187318731873177 -21.7011284168035061
-87.2987298729872947 51.8315222180760315
-87.2787278727872717 41.2312920776447314
-87.2587258725872630 52.8622998851331403
-87.2387238723872400 19.9973406596767234
-87.2187218721872171 31.7069100935637991
-87.1987198719871941 14.4997817494534615
-87.1787178717871711 -8.2478146914575987
-87.1587158715871624 -2.2086272156637854
-87.1387138713871394 10.1182119333993015
-87.1187118711871165 43.8498229728867059
-87.0987098709870935 38.1520164721143473
-87.0787078707870705 11.3990847816938725
-87.0587058705870618 45.2560336729390045
-87.0387038703870388 22.1319953899822437
-87.0187018701870159 12.5324712400965836
-86.9986998699869929 45.5670557086747010
-86.9786978697869841 -15.9540150899417981
-86.9586958695869612 48.7889988802338053
-86.9386938693869382 8.1186905059429151
-86.9186918691869153 9.8981580831837661
-86.8986898689868923 49.1865439968715776
-86.8786878687868835 12.6623462521059587
-86.8586858685868606 8.3866845971035389
-86.8386838683868376 47.3291404841734078
-86.8186818681868147 -25.3154358734417002
-86.7986798679868059 22.2550171512719643
-86.7786778677867829 20.3435050705389955
-86.7586758675867600 23.2587928456018744
-86.7386738673867370 19.1525040677909146
-86.7186718671867141 29.4247996784489736
-86.6986698669867053 44.0214017656567549
-86.6786678667866823 36.8229840749814201
-86.6586658665866594 81.2976842659058150
-86.6386638663866364 47.9810460729162003
-86.6186618661866135 71.9412963680748589
-86.5986598659866047 35.3098052502020536
-86.5786578657865817 31.4160608016007643
-86.5586558655865588 26.1123649620572671
-86.5386538653865358 22.1700505811849204
-86.5186518651865129 48.8791875450522539
-86.4986498649865041 36.6105723291249845
-86.4786478647864811 29.6961536092361555
-86.4586458645864582 -10.1043949312293044
-86.4386438643864352 31.1088818883943361
-86.4186418641864122 7.4909584427648532
-86.3986398639864035 29.0503006748471577
-86.3786378637863805 47.1606524629933261
-86.3586358635863576 44.6773726230580053
-86.3386338633863346 17.7199428016152254
-86.3186318631863116 44.3953897204569827
-86.2986298629863029 49.0584406917292739
-86.2786278627862799 54.3636961892514279
-86.2586258625862570 -4.3497934279925303
-86.2386238623862340 19.7954343049974355
-86.2186218621862110 42.9379460791011098
-86.1986198619862023 42.7897030502394315
-86.1786178617861793 23.9289336333009395
-86.1586158615861564 47.0643455873273240
-86.1386138613861334 59.0638991941839109
-86.1186118611861104 24.7031709606353402
-86.0986098609861017 54.0586070808744807
-86.0786078607860787 32.8033222097966117
-86.0586058605860558 -2.1572681532395741
-86.0386038603860328 47.0632443642036833
-86.0186018601860241 26.5042739264499261
-85.9985998599860011 19.0442272627832985
-85.9785978597859781 15.5896955517058107
-85.9585958595859552 53.2892872257907939
-85.9385938593859322 28.5432633730772132
-85.9185918591859235 53.9668191779415949
-85.8985898589859005 49.0626428268734713
-85.8785878587858775 58.6794805650653757
-85.8585858585858546 44.1855117571727973
-85.8385838583858458 27.3164426669107208
-85.8185818581858229 13.2996173448381150
-85.7985798579857999 48.4722176669324085
-85.7785778577857769 0.4225976987431146
-85.7585758575857540 19.5836991180224942
-85.7385738573857452 65.3518623890840331
-85.7185718571857223 30.3903500960086994
-85.6985698569856993 17.7540316289686757
-85.6785678567856763 48.6938918088595827
-85.6585658565856534 -3.6697017789823114
-85.6385638563856446 1.7405724864961698
-85.6185618561856217 25.7942816134918864
-85.5985598559855987 10.2445712105644873
-85.5785578557855757 35.5820224394517410
-85.5585558555855528 -0.1728550472101951
-85.5385538553855440 31.7624164379358973
-85.5185518551855210 27.1925989132343489
-85.4985498549854981 78.8220434322193739
-85.4785478547854751 14.8664195825939398
-85.4585458545854522 23.8886810032498005
-85.4385438543854434 56.9316683153324306
-85.4185418541854204 14.3521523355480554
-85.3985398539853975 27.7287149505688291
-85.3785378537853745 41.0847583099917486
-85.3585358535853516 46.3728374564332313
-85.3385338533853428 10.2583199465193609
-85.3185318531853198 40.4818144751529161
-85.2985298529852969 30.2053460279679946
-85.2785278527852739 33.5618189078348621
-85.2585258525852510 18.7371928432380166
-85.2385238523852422 26.1617630523799320
-85.2185218521852192 36.1570151694221522
-85.1985198519851963 31.9074665425840500
-85.1785178517851733 53.0714902632581129
-85.1585158515851504 21.3618864754052424
-85.1385138513851416 30.6591327560496438
-85.1185118511851186 7.4399111906274626
-85.0985098509850957 72.6018137198875735
-85.0785078507850727 17.6786966236391265
-85.0585058505850640 29.0148911973053600
-85.0385038503850410 18.1647779977122070
-85.0185018501850180 20.0169950115165705
-84.9984998499849951 1.2433852233596738
-84.9784978497849721 53.3552288441259037
-84.9584958495849634 27.1680634047852081
-84.9384938493849404 74.2501620951164227
-84.9184918491849174 28.5182105098235716
-84.8984898489848945 0.5738767649367560
-84.8784878487848857 27.1593869981457274
-84.8584858485848628 28.9981341078719446
-84.8384838483848398 34.5809894914845657
-84.8184818481848168 64.8252766037811341
-84.7984798479847939 25.6145972931535759
-84.7784778477847851 33.3119297676912822
-84.7584758475847622 37.5981037293342979
-84.7384738473847392 32.3228930572522444
-84.7184718471847162 4.1582703828334395
-84.6984698469846933 35.6838796066517290
-84.6784678467846845 16.4336508623909907
-84.6584658465846616 6.2187022601395121
-84.6384638463846386 11.0322021742743814
-84.6184618461846156 25.5314204386499206
-84.5984598459845927 66.5649197420236476
-84.5784578457845839 28.0446176207125539
-84.5584558455845610 34.0047848164340323
-84.5384538453845380 16.9131334047443715
-84.5184518451845150 38.3133229033862861
-84.4984498449844921 57.3703787368868774
-84.4784478447844833 55.9772337487929192
-84.4584458445844604 23.4452667715545751
-84.4384438443844374 43.8961143079744716
-84.4184418441844144 12.0702741507163971
-84.3984398439843915 56.6145896472113748
-84.3784378437843827 16.2557088444636477
-84.3584358435843598 50.9191500361443019
-84.3384338433843368 36.0678835598854732
-84.3184318431843138 23.8046823473172324
-84.2984298429842909 32.4588882158464429
-84.2784278427842821 30.2982575004313262
-84.2584258425842592 66.9995696457070267
-84.2384238423842362 11.9965929211838791
-84.2184218421842132 16.6681635998876629
-84.1984198419841903 41.6622737465604942
-84.1784178417841815 19.1310579906196239
-84.1584158415841586 53.4166586610670606
-84.1384138413841356 26.0753339194990517
-84.1184118411841126 48.1795414986225268
-84.0984098409840897 31.2000627082855608
-84.0784078407840809 61.5969002066931068
-84.0584058405840580 70.6816209519850247
-84.0384038403840350 38.5183636268409373
-84.0184018401840120 19.7619623601124310
-83.9983998399839891 19.7587440860742021
-83.9783978397839803 14.2105936532683721
-83.9583958395839574 12.5238324076970784
-83.9383938393839344 19.4161931220666624
-83.9183918391839256 20.5099335475485844
-83.8983898389839027 47.5472383856326672
-83.8783878387838797 29.3751579404547201
-83.8583858385838568 26.7509807355459941
-83.8383838383838338 37.5923208535531117
-83.8183818381838250 45.5587217442866077
-83.7983798379838021 31.5055915352636013
-83.7783778377837791 21.1727772630604960
-83.7583758375837562 55.2390010096182920
-83.7383738373837332 12.4104841857342905
-83.7183718371837244 25.3907627032564136
-83.6983698369837015 18.8925064975033976
-83.6783678367836785 17.7694697887043063
-83.6583658365836556 29.8627670831827565
-83.6383638363836326 27.6894658615832228
-83.6183618361836238 12.6628472818028293
-83.5983598359836009 47.6679534308182014
-83.5783578357835779 50.3753290436453653
-83.5583558355835549 17.8614640171461616
-83.5383538353835320 13.4886269116391659
-83.5183518351835232 46.1247479758386589
-83.4983498349835003 -1.7311806863222969
-83.4783478347834773 19.9273078111753108
-83.4583458345834543 31.4481709128706974
-83.4383438343834314 53.6434988429430604
-83.4183418341834226 50.5118167102624156
-83.3983398339833997 41.5692736808333052
-83.3783378337833767 33.5282143150753598
-83.3583358335833537 6.7999964442664620
-83.3383338333833308 29.7594298198209266
-83.3183318331833220 54.7250574936919634
-83.2983298329832991 6.0456685496569307
-83.2783278327832761 -4.9466196622119298
-83.2583258325832531 4.5866338422127271
-83.2383238323832302 35.2169020597634344
-83.2183218321832214 28.0360698218813056
-83.1983198319831985 29.9967333870200932
-83.1783178317831755 64.3420053197795880
-83.1583158315831525 37.2708108284242599
-83.1383138313831296 41.9216625459850221
-83.1183118311831208 33.7069729403053984
-83.0983098309830979 35.3195361296404187
-83.0783078307830749 25.8904983777220430
-83.0583058305830662 36.5038158821592873
-83.0383038303830290 26.9122296823168838
-83.0183018301830202 46.4779590248616401
-82.9982998299829973 44.5013939293149647
-82.9782978297829743 4.7642397357559929
-82.9582958295829656 36.4953385069569762
-82.9382938293829426 48.8443031648674335
-82.9182918291829196 35.5588804452468779
-82.8982898289828967 38.7307601601534444
-82.8782878287828737 34.3949714407563221
-82.8582858285828650 65.7541099676357561
-82.8382838283828420 30.8829730494090349
-82.8182818281828190 50.9291144489264482
-82.7982798279827961 66.1824008670527917
-82.7782778277827731 0.1889026822582451
-82.7582758275827644 40.2622012854751432
-82.7382738273827414 30.4720792917667218
-82.7182718271827184 44.5810870012926230
-82.6982698269826955 24.0609842400213445
-82.6782678267826725 16.8075246377428904
-82.6582658265826637 35.7434704911714931
-82.6382638263826408 31.1495247511918301
-82.6182618261826178 42.1928003090491401
-82.5982598259825949 4.3639101131991076
-82.5782578257825719 36.4197420099781795
-82.5582558255825631 19.5115084728296182
-82.5382538253825402 31.9940016200422086
-82.5182518251825172 41.0123235262593369
-82.4982498249824943 30.1559250541821271
-82.4782478247824713 28.7113345454523277
-82.4582458245824625 23.4563266335607246
-82.4382438243824396 43.6960018299453807
-82.4182418241824166 7.2206737758340793
-82.3982398239823937 30.6564294033597200
-82.3782378237823707 28.4779509748815300
-82.3582358235823619 28.7254511269467514
-82.3382338233823390 63.3348719104995865
-82.3182318231823160 14.2103400636109072
-82.2982298229822931 33.6325643630063951
-82.2782278227822701 23.2353414417273640
-82.2582258225822613 44.9793592960572468
-82.2382238223822384 10.2843981177554582
-82.2182218221822154 3.0135015423374298
-82.1982198219821925 36.9925466119299529
-82.1782178217821695 33.1440910909414441
-82.1582158215821607 19.2860320048219336
-82.1382138213821378 24.6415215331145347
-82.1182118211821148 23.4743202212343469
-82.0982098209821061 41.2856119531122516
-82.0782078207820689 40.4080523788507833
-82.0582058205820601 34.3775781998144794
-82.0382038203820372 40.1810595781520092
-82.0182018201820142 66.6250527628418041
-81.9981998199820055 48.3155031537039150
-81.9781978197819825 24.0622002546292464
-81.9581958195819595 41.8727145452609406
-81.9381938193819366 11.4879798054457503
-81.9181918191819136 60.5404257279402813
-81.8981898189819049 22.9036372024581105
-81.8781878187818819 57.0679251116605855
-81.8581858185818589 30.7673062071399848
-81.8381838183818360 61.5230653324193710
-81.8181818181818130 17.4499526379348815
-81.7981798179818043 60.3663756467092725
-81.7781778177817813 41.2155880411869333
-81.7581758175817583 40.5440590924008930
-81.7381738173817354 13.4237338520513632
-81.7181718171817124 22.8294407430436550
-81.6981698169817037 54.7849363237029578
-81.6781678167816807 30.4456022535794091
-81.6581658165816577 27.1748797012412737
-81.6381638163816348 38.7408081359997780
-81.6181618161816118 41.2035063626785174
-81.5981598159816031 24.7271484368163321
-81.5781578157815801 26.2805972827065126
-81.5581558155815571 34.8419260406692501
-81.5381538153815342 57.7870707536847945
-81.5181518151815112 66.7199048272425443
-81.4981498149815025 60.7276302460765081
-81.4781478147814795 34.5819901302254920
-81.4581458145814565 48.8319419768130274
-81.4381438143814336 30.6527561234272738
-81.4181418141814106 15.7135427292833150
-81.3981398139814019 14.2205132268788930
-81.3781378137813789 30.8292237809479204
-81.3581358135813559 63.4703952993410070
-81.3381338133813330 -28.1522106428640555
-81.3181318131813100 40.9276392420268564
-81.2981298129813013 5.6343561570516592
-81.2781278127812783 41.4325085476378376
-81.2581258125812553 21.2710858717548703
-81.2381238123812324 45.5614177782447882
-81.2181218121812094 41.1252956117459263
-81.1981198119812007 31.1809456647162264
-81.1781178117811777 60.0849082261645293
-81.1581158115811547 68.6938905910254789
-81.1381138113811460 60.9396168065239010
-81.1181118111811088 39.3995643243808757
-81.0981098109811001 22.2827718095345908
-81.0781078107810771 48.0172673582172749
-81.0581058105810541 42.5533277662497653
-81.0381038103810454 31.2093444501658368
-81.0181018101810224 57.0411879588728254
-80.9980998099809995 32.9941778206590897
-80.9780978097809765 2.6675393204782267
-80.9580958095809535 44.1218921990719579
-80.9380938093809448 42.4450261317210717
-80.9180918091809218 61.1910144916689447
-80.8980898089808989 19.2364371034546551
-80.8780878087808759 49.7679406772731738
-80.8580858085808529 14.8862110499484963
-80.8380838083808442 23.5650921918846308
-80.8180818081808212 57.8437187401073771
-80.7980798079807983 54.8087153048663396
-80.7780778077807753 34.8822723959407313
-80.7580758075807523 32.3662399701968297
-80.7380738073807436 15.8201314581255517
-80.7180718071807206 40.7084746213071114
-80.6980698069806976 43.1408515668523904
-80.6780678067806747 36.7381070112441677
-80.6580658065806517 52.8970830296730909
-80.6380638063806430 31.2798860397105827
-80.6180618061806200 44.3852687289365946
-80.5980598059805970 22.4932241605737246
-80.5780578057805741 42.4390707648687950
-80.5580558055805511 19.1577283924256072
-80.5380538053805424 30.2584210882152824
-80.5180518051805194 33.9568325949711465
-80.4980498049804964 -19.6381573586456923
-80.4780478047804735 57.6591405424779424
-80.4580458045804505 11.8171148533285262
-80.4380438043804418 60.2621113204781977
-80.4180418041804188 29.8459112491717065
-80.3980398039803958 40.7642529927836037
-80.3780378037803729 72.8855961347052670
-80.3580358035803499 39.6855204835994826
-80.3380338033803412 41.1638603685925162
-80.3180318031803182 8.1404602558560555
-80.2980298029802952 30.6341346200399585
-80.2780278027802723 22.7380540283562524
-80.2580258025802493 26.4762715365697829
-80.2380238023802406 67.5165314198731608
-80.2180218021802176 30.7087191049269812
-80.1980198019801946 33.8061727664170206
-80.1780178017801859 43.6893555062320686
-80.1580158015801487 48.0674340872340835
-80.1380138013801400 71.6290463867320994
-80.1180118011801170 32.7497418421010096
-80.0980098009800940 30.3507277251707102
-80.0780078007800853 16.0080330789746874
-80.0580058005800623 43.6979311602441669
-80.0380038003800394 42.7440670738370301
-80.0180018001800164 68.4090205630706976
-79.9979997999799934 45.2999294659465193
-79.9779977997799847 29.8998729571069006
-79.9579957995799617 63.0534429476990823
-79.9379937993799388 61.4064476905783820
-79.9179917991799158 10.0748054366285587
-79.8979897989798928 59.4373496729592929
-79.8779877987798841 32.2748167689312453
-79.8579857985798611 13.8450484169870691
-79.8379837983798382 -4.7643995310012741
-79.8179817981798152 0.3783711873946913
-79.7979797979797922 53.4828119855357826
-79.7779777977797835 43.7555240955492835
-79.7579757975797605 37.1707255407110964
-79.7379737973797376 14.9233055090803433
-79.7179717971797146 50.2690513642597097
-79.6979697969796916 29.5228432830330867
-79.6779677967796829 17.3578350078675996
-79.6579657965796599 19.1823844487981283
-79.6379637963796370 39.9528448224515031
-79.6179617961796140 45.2653503948947389
-79.5979597959795910 42.4331063687358707
-79.5779577957795823 43.1170386868686748
-79.5579557955795593 21.1112949466511424
-79.5379537953795364 37.1929465229671337
-79.5179517951795134 50.5369400383377965
-79.4979497949794904 44.4260151291228027
-79.4779477947794817 69.9520579166997294
-79.4579457945794587 44.7907303881054588
-79.4379437943794358 17.8537561194878371
-79.4179417941794128 27.8521995234602144
-79.3979397939793898 34.5908877975732736
-79.3779377937793811 12.4385795664123648
-79.3579357935793581 -0.4722062852723212
-79.3379337933793352 14.6592893416130252
-79.3179317931793122 54.9413035848704467
-79.2979297929792892 75.0158609423245650
-79.2779277927792805 40.2786617140800516
-79.2579257925792575 53.5749529932647448
-79.2379237923792346 62.2011818633271076
-79.2179217921792116 49.4868301843744263
-79.1979197919791886 39.8046929147765525
-79.1779177917791799 47.4748619597994121
-79.1579157915791569 49.7918815382550477
-79.1379137913791340 61.0862713386154823
-79.1179117911791252 31.9789070763586061
-79.0979097909790880 17.1149478094453826
-79.0779077907790793 27.5127941403094596
-79.0579057905790563 44.9960281253964922
-79.0379037903790334 8.4384670739282228
-79.0179017901790246 59.9387200583372817
-78.9978997899790016 23.4300733454290793
-78.9778977897789787 41.7947795642836084
-78.9578957895789557 61.4528597833063941
-78.9378937893789328 44.9506103293412167
-78.9178917891789240 21.9211422085762919
-78.8978897889789010 74.4602066484459613
-78.8778877887788781 32.0210431316684421
-78.8578857885788551 44.0634374952690351
-78.8378837883788322 20.8589542371604111
-78.8178817881788234 30.9679233584049811
-78.7978797879788004 24.3599205621964643
-78.7778777877787775 37.9184797018207718
-78.7578757875787545 26.6315325907102576
-78.7378737873787315 6.7181844062335685
-78.7178717871787228 52.7023649729045331
-78.6978697869786998 19.4037087387033615
-78.6778677867786769 28.3426353249989447
-78.6578657865786539 54.1346148825343292
-78.6378637863786309 65.0153112413485701
-78.6178617861786222 34.9712012434984416
-78.5978597859785992 49.9779233133465155
-78.5778577857785763 36.3558048828107800
-78.5578557855785533 15.5011090898743973
-78.5378537853785303 36.6543152183737746
-78.5178517851785216 27.8889783759140926
-78.4978497849784986 1.9269257261886992
-78.4778477847784757 54.6422891593336857
-78.4578457845784527 32.5462435863428894
-78.4378437843784297 14.2208899470330046
-78.4178417841784210 44.1139642686797373
-78.3978397839783980 41.6879904931179084
-78.3778377837783751 33.4360793424348159
-78.3578357835783521 26.0799798410894113
-78.3378337833783291 19.6435710642595538
-78.3178317831783204 28.5409910051929785
-78.2978297829782974 39.3346467395099779
-78.2778277827782745 15.7111023962513663
-78.2578257825782515 13.0999515989518045
-78.2378237823782285 49.3857834853607898
-78.2178217821782198 34.6460012365281855
-78.1978197819781968 47.6182281271326246
-78.1778177817781739 54.3730434581144664
-78.1578157815781651 23.0257619525522301
-78.1378137813781279 26.2316121462517486
-78.1178117811781192 34.0891871670299551
-78.0978097809780962 45.3051809001076364
-78.0778077807780733 20.5511452760818685
-78.0578057805780645 61.3447168741436002
-78.0378037803780416 17.2707868308724919
-78.0178017801780186 39.0627266285537758
-77.9977997799779956 37.1301660707298495
-77.9777977797779727 19.4463184913885279
-77.9577957795779639 49.8780943796420289
-77.9377937793779410 -5.2392626593676326
-77.9177917791779180 38.5717787440879150
-77.8977897789778950 53.2410222065477541
-77.8777877787778721 31.2685570763748579
-77.8577857785778633 60.9186959591837649
-77.8377837783778403 3.0353291894417609
-77.8177817781778174 15.9232664547691698
-77.7977797779777944 16.9673246848849644
-77.7777777777777715 9.4916598358419648
-77.7577757775777627 49.6737744478851226
-77.7377737773777397 11.8409322288768770
-77.7177717771777168 47.0432332322030078
-77.6977697769776938 0.1162866908414131
-77.6777677767776709 63.5569455310499052
-77.6577657765776621 33.1757634546036613
-77.6377637763776391 22.8148033819211875
-77.6177617761776162 57.5564198083505119
-77.5977597759775932 33.4308037179398809
-77.5777577757775703 22.1524508095308121
-77.5577557755775615 7.5275153373107706
-77.5377537753775385 54.0785755262328607
-77.5177517751775156 36.5508441091901233
-77.4977497749774926 23.7064495228434566
-77.4777477747774697 35.5738676947036510
-77.4577457745774609 69.0726765313953024
-77.4377437743774379 17.7682693499058253
-77.4177417741774150 41.8045496223166282
-77.3977397739773920 26.1286484184894547
-77.3777377737773691 36.5301717800583532
-77.3577357735773603 -15.3618865531869417
-77.3377337733773373 48.1133405429656023
-77.3177317731773144 46.3524143719615296
-77.2977297729772914 53.2036534839489121
-77.2777277727772685 36.6842809661556615
-77.2577257725772597 53.0931226289696383
-77.2377237723772367 3.6673194783644618
-77.2177217721772138 43.9157268356030315
-77.1977197719772050 44.7138158671944979
-77.1777177717771679 9.0065218764313677
-77.1577157715771591 44.4840278369005659
-77.1377137713771361 -7.9173679778178041
-77.1177117711771132 25.2926704325473288
-77.0977097709771044 26.2279227074472168
-77.0777077707770815 70.8834157426465339
-77.0577057705770585 20.8935727266329003
-77.0377037703770355 51.5417972256522816
-77.0177017701770126 7.0302851660373520
-76.9976997699770038 37.7470098899033815
-76.9776977697769809 13.9843771491992719
-76.9576957695769579 55.3403767133906257
-76.9376937693769349 26.3331015522413949
-76.9176917691769120 56.2812787716002134
-76.8976897689769032 51.3858349356716104
-76.8776877687768803 47.6235493122220888
-76.8576857685768573 4.4794911583306884
-76.8376837683768343 57.0829354252581993
-76.8176817681768114 40.0611057406632369
-76.7976797679768026 58.4776250196529048
-76.7776777677767797 17.2344341265080843
-76.7576757675767567 66.0948431024741581
-76.7376737673767337 28.2831237208820809
-76.7176717671767108 27.7678958756948475
-76.6976697669767020 47.6001692750742151
-76.6776677667766791 11.8570404449549791
-76.6576657665766561 38.9773071428821751
-76.6376637663766331 37.5450771435160533
-76.6176617661766102 77.9332744703983167
-76.5976597659766014 60.8364642703829688
-76.5776577657765785 44.0112749755287354
-76.5576557655765555 -5.3035457328234941
-76.5376537653765325 43.4479876288237605
-76.5176517651765096 51.6267141670535494
-76.4976497649765008 38.8496114828778119
-76.4776477647764779 23.5680053831482041
-76.4576457645764549 52.4281340984733575
-76.4376437643764319 43.9288458132691417
-76.4176417641764090 60.7432414355299244
-76.3976397639764002 39.8143458914792987
-76.3776377637763773 74.5235590555783460
-76.3576357635763543 -3.1765800411831719
-76.3376337633763313 -5.5589500979722004
-76.3176317631763084 44.4736574701424416
-76.2976297629762996 59.2673516905724682
-76.2776277627762767 70.5105764105811375
-76.2576257625762537 16.5438244211997372
-76.2376237623762449 30.8471525423152642
-76.2176217621762078 55.1762593467877664
-76.1976197619761990 30.3404634510686577
-76.1776177617761761 57.6917942045663779
-76.1576157615761531 35.6359955860799431
-76.1376137613761443 56.5944640649637378
-76.1176117611761214 40.3313936279042977
-76.0976097609760984 -12.1849251843748192
-76.0776077607760755 57.7639193780781000
-76.0576057605760525 44.2816122593004096
-76.0376037603760437 42.9465150525677686
-76.0176017601760208 4.5980255488213970
-75.9975997599759978 14.8740456977451991
-75.9775977597759749 16.8472968470242286
-75.9575957595759519 45.0349632853029220
-75.9375937593759431 35.2117409595996733
-75.9175917591759202 40.6944471850907448
-75.8975897589758972 59.0689212084982458
-75.8775877587758742 36.3814269229730343
-75.8575857585758513 30.1728002285680361
-75.8375837583758425 60.2947253110567303
-75.8175817581758196 43.7190585994878376
-75.7975797579757966 65.0363679559413299
-75.7775777577757736 13.3711060118164369
-75.7575757575757507 21.9638104906436666
-75.7375737573757419 35.4074733447255241
-75.7175717571757190 56.5373270246610176
-75.6975697569756960 42.8968066426374648
-75.6775677567756730 26.4237488699757392
-75.6575657565756501 24.4293029535747408
-75.6375637563756413 51.8686857533662362
-75.6175617561756184 61.0018998835390533
-75.5975597559755954 61.0951950856793218
-75.5775577557755724 32.5702344105627546
-75.5575557555755495 72.1929321978316807
-75.5375537553755407 25.2869631123649263
-75.5175517551755178 36.0223575286711153
-75.4975497549754948 17.3594808015969981
-75.4775477547754718 53.5383261601126819
-75.4575457545754489 28.6537628170823702
-75.4375437543754401 22.8289550928771625
-75.4175417541754172 63.6115425978267410
-75.3975397539753942 45.6004478467519192
-75.3775377537753712 32.9788876316545725
-75.3575357535753483 30.8833591821758979
-75.3375337533753395 23.3570201749479907
-75.3175317531753166 42.6217094175362163
-75.2975297529752936 39.3325499696969487
-75.2775277527752849 31.0844161523032909
-75.2575257525752477 33.1330660163546469
-75.2375237523752389 47.3438140375736154
-75.2175217521752160 31.2036050600657831
-75.1975197519751930 44.8181393260669623
-75.1775177517751843 31.2257079110800291
-75.1575157515751613 25.3604789676520070
-75.1375137513751383 57.7714217676001169
-75.1175117511751154 42.2124312453377826
-75.0975097509750924 28.8468386837586692
-75.0775077507750837 53.0448544557342672
-75.0575057505750607 47.4537503851927625
-75.0375037503750377 26.2796418208924081
-75.0175017501750148 31.0393536279385742
-74.9974997499749918 62.3878098047466096
-74.9774977497749830 31.1448932634078410
-74.9574957495749601 50.1306072490923995
-74.9374937493749371 52.6268159498985995
-74.9174917491749142 43.6692944827470697
-74.8974897489748912 22.1212964722174803
-74.8774877487748824 13.8934969207419172
-74.8574857485748595 -27.5933740381049688
-74.8374837483748365 26.3096474677990031
-74.8174817481748136 55.5418968248522162
-74.7974797479747906 24.9236772152591755
-74.7774777477747818 58.6305421784872465
-74.7574757475747589 87.7697825448311164
-74.7374737473747359 58.8384374130979211
-74.7174717471747130 34.5785219329051614
-74.6974697469746900 46.5333845709386011
-74.6774677467746812 23.9075227662921428
-74.6574657465746583 36.5328733154528322
-74.6374637463746353 30.8277059126906856
-74.6174617461746124 27.1752896616013189
-74.5974597459745894 50.4967287552139936
-74.5774577457745806 65.2500197697775661
-74.5574557455745577 79.8566419741964353
-74.5374537453745347 35.0422016831698002
-74.5174517451745118 32.4392117268715694
-74.4974497449744888 37.6913548319519478
-74.4774477447744800 49.9562889168189841
-74.4574457445744571 50.4522595107717535
-74.4374437443744341 47.8610995693567816
-74.4174417441744112 23.2380765320701528
-74.3974397439743882 45.9931027558313801
-74.3774377437743794 28.7464640189226941
-74.3574357435743565 47.8976055520300079
-74.3374337433743335 25.6243902650877970
-74.3174317431743248 38.7726047738824633
-74.2974297429742876 48.8908495834224510
-74.2774277427742788 42.3906248271310204
-74.2574257425742559 53.4810756375365344
-74.2374237423742329 28.0532485708592318
-74.2174217421742242 34.0942025215570297
-74.1974197419742012 63.5093670508558716
-74.1774177417741782 25.4723577455865424
-74.1574157415741553 48.3659927797950076
-74.1374137413741323 21.8578918596062195
-74.1174117411741236 39.6251070096937212
-74.0974097409741006 32.8106580385034405
-74.0774077407740776 45.1612083927893835
-74.0574057405740547 30.4563799113851381
-74.0374037403740317 4.7072777181235494
-74.0174017401740230 11.0096008454850072
-73.9973997399740000 38.0117798180406155
-73.9773977397739770 14.6991282012673281
-73.9573957395739541 22.7637018625826499
-73.9373937393739311 42.4422510533166104
-73.9173917391739224 64.7858801868930527
-73.8973897389738994 39.3718236422167749
-73.8773877387738764 26.2054309628096043
-73.8573857385738535 26.0464061852856901
-73.8373837383738305 27.7477152716667277
-73.8173817381738218 31.8336753774709074
-73.7973797379737988 75.3660187235158787
-73.7773777377737758 67.3136306787340573
-73.7573757375737529 48.5672194765913616
-73.7373737373737299 69.8045828797998524
-73.7173717371737212 14.3650523171835367
-73.6973697369736982 15.0410148181349435
-73.6773677367736752 14.5785211321639032
-73.6573657365736523 40.4686579521343432
-73.6373637363736293 43.2738493628292602
-73.6173617361736206 64.9225372715620495
-73.5973597359735976 48.6597973352522004
-73.5773577357735746 33.6260672158639693
-73.5573557355735517 10.1474244881390412
-73.5373537353735287 2.9606256033467133
-73.5173517351735200 15.3417546910508236
-73.4973497349734970 36.8693242410007969
-73.4773477347734740 37.4031323440254226
-73.4573457345734511 50.8223553446215135
-73.4373437343734281 35.5510303705891459
-73.4173417341734194 64.2593859490036152
-73.3973397339733964 77.4603913140019245
-73.3773377337733734 79.0632486994117158
-73.3573357335733647 59.1454746779763241
-73.3373337333733275 76.8804303582542161
-73.3173317331733188 51.2501821132924675
-73.2973297329732958 48.4718345071118790
-73.2773277327732728 -0.9616238258773819
-73.2573257325732641 39.8679373429825503
-73.2373237323732411 53.5898401918527583
-73.2173217321732182 28.3652528362135357
-73.1973197319731952 34.2759200734218084
-73.1773177317731722 34.1141020564729445
-73.1573157315731635 26.6895201548502428
-73.1373137313731405 27.4488071418401809
-73.1173117311731176 22.3531928749151518
-73.0973097309730946 11.5850221108678966
-73.0773077307730716 46.5214853070684313
-73.0573057305730629 45.4244818604971456
-73.0373037303730399 19.9463651435123097
-73.0173017301730169 25.1966771403454572
-72.9972997299729940 37.1158795352094444
-72.9772977297729710 71.6918022188175996
-72.9572957295729623 60.5059779578460848
-72.9372937293729393 23.8947478684790937
-72.9172917291729163 -5.5312585840974435
-72.8972897289728934 45.9290822144783206
-72.8772877287728704 20.7602784365881519
-72.8572857285728617 31.4222187999345692
-72.8372837283728387 46.9564556689025778
-72.8172817281728157 50.7026901648118340
-72.7972797279727928 54.2507501665130434
-72.7772777277727698 43.6163486553870214
-72.7572757275727611 18.6083269001176035
-72.7372737273727381 19.3403913424552272
-72.7172717271727151 46.6168119428458425
-72.6972697269726922 23.0422412261982856
-72.6772677267726692 49.1623222915175333
-72.6572657265726605 46.3945096478467107
-72.6372637263726375 46.7907457557329920
-72.6172617261726145 24.4779994763575459
-72.5972597259725916 58.4097345774446239
-72.5772577257725686 31.8262371818433785
-72.5572557255725599 35.4980887348784222
-72.5372537253725369 42.3884492749034365
-72.5172517251725139 22.4815260610273313
-72.4972497249724910 33.9092762754011545
-72.4772477247724680 43.3691889902184471
-72.4572457245724593 20.7168201244564969
-72.4372437243724363 42.6379975646804112
-72.4172417241724133 40.6352862340124616
-72.3972397239724046 42.4430115631085414
-72.3772377237723674 63.2809432119042583
-72.3572357235723587 -6.6119924741261116
-72.3372337233723357 46.3939474258113123
-72.3172317231723127 75.7807126083167759
-72.2972297229723040 27.2412947972257236
-72.2772277227722810 16.9555021439662816
-72.2572257225722581 -15.2948644393422910
-72.2372237223722351 53.1492484093443380
-72.2172217221722121 47.5406595878856990
-72.1972197219722034 46.6663049466577107
-72.1772177217721804 -4.7382374424300693
-72.1572157215721575 42.5381116620944368
-72.1372137213721345 39.6197870467978177
-72.1172117211721115 39.0518048168952916
-72.0972097209721028 43.8965699724915126
-72.0772077207720798 38.8271193190349706
-72.0572057205720569 62.9169591452127577
-72.0372037203720339 21.6405128447725374
-72.0172017201720109 69.9535256817002846
-71.9971997199720022 11.8596162225561272
-71.9771977197719792 52.6775478261889987
-71.9571957195719563 35.4380867979664345
-71.9371937193719333 52.9113829090096530
-71.9171917191719103 38.1590252222175508
-71.8971897189719016 38.0656893206948794
-71.8771877187718786 24.0578493729681711
-71.8571857185718557 50.0285975560454972
-71.8371837183718327 18.5809182864731639
-71.8171817181718097 54.6350990497296038
-71.7971797179718010 29.2770933935816657
-71.7771777177717780 66.3106150989786727
-71.7571757175717551 39.9466655538904476
-71.7371737173717321 26.5507172079832827
-71.7171717171717091 -0.7641216067233927
-71.6971697169717004 0.9968053143048365
-71.6771677167716774 34.6129044024186072
-71.6571657165716545 -4.3733752569235591
-71.6371637163716315 16.1366342991538474
-71.6171617161716085 11.2706557828903371
-71.5971597159715998 15.4207392512741599
-71.5771577157715768 -17.7980372747045976
-71.5571557155715539 50.9739734018645336
-71.5371537153715309 41.0056017376363044
-71.5171517151715079 74.6274033973515145
-71.4971497149714992 36.0188149908668791
-71.4771477147714762 62.3990464311304294
-71.4571457145714533 42.8125220986497723
-71.4371437143714445 13.7245093663033870
-71.4171417141714073 23.4060380852200396
-71.3971397139713986 27.5333690098408539
-71.3771377137713756 34.5244189245190114
-71.3571357135713527 16.1527826764587807
-71.3371337133713439 21.3000216349418423
-71.3171317131713209 29.2304136808963122
-71.2971297129712980 51.2391112428153974
-71.2771277127712750 28.0445260021581717
-71.2571257125712521 44.5055291301510891
-71.2371237123712433 15.6547606118220735
-71.2171217121712203 31.2512436894052676
-71.1971197119711974 45.7565634195998285
-71.1771177117711744 18.6324904785004541
-71.1571157115711515 35.4448068875212314
-71.1371137113711427 46.4184226400143274
-71.1171117111711197 33.6783851726441625
-71.0971097109710968 54.5132427195357963
-71.0771077107710738 56.1137255963915180
-71.0571057105710508 51.5450482407232826
-71.0371037103710421 6.7977671410739937
-71.0171017101710191 48.2202571928652830
-70.9970997099709962 28.1701791861647450
-70.9770977097709732 23.1681955950660630
-70.9570957095709502 45.5472122421487953
-70.9370937093709415 44.5899390570936873
-70.9170917091709185 30.9366454205727841
-70.8970897089708956 30.2946010606161913
-70.8770877087708726 62.4064838281450136
-70.8570857085708496 12.4861922184476946
-70.8370837083708409 28.8715348044189497
-70.8170817081708179 36.4995777687211316
-70.7970797079707950 38.8002909162996801
-70.7770777077707720 30.5023468068793413
-70.7570757075707490 46.9560795703342535
-70.7370737073707403 62.2815244270765902
-70.7170717071707173 38.2909287789351467
-70.6970697069706944 46.8637964855179661
-70.6770677067706714 37.8672415539184612
-70.6570657065706484 71.5972601182111674
-70.6370637063706397 33.2881555643154954
-70.6170617061706167 24.9892107252433462
-70.5970597059705938 48.6796900751254356
-70.5770577057705708 18.7165786325799459
-70.5570557055705478 74.1116327122356751
-70.5370537053705391 60.7958413269393958
-70.5170517051705161 18.8965351153196082
-70.4970497049704932 62.5599070570968152
-70.4770477047704844 50.5836680521421016
-70.4570457045704472 40.3845120292068529
-70.4370437043704385 29.4250025131782067
-70.4170417041704155 13.7100184922830373
-70.3970397039703926 72.0509038649312572
-70.3770377037703838 21.3233528236247238
-70.3570357035703609 30.1361855947224981
-70.3370337033703379 -0.4949069188600390
-70.3170317031703149 42.6454570307541019
-70.2970297029702920 36.8497490284857179
-70.2770277027702832 59.9627740968063705
-70.2570257025702603 29.5598064135363110
-70.2370237023702373 49.8288048298772352
-70.2170217021702143 22.7093246780642382
-70.1970197019701914 38.4320450763535675
-70.1770177017701826 38.0840677070375762
-70.1570157015701596 49.7745453505664202
-70.1370137013701367 38.0132013074744393
-70.1170117011701137 21.1946712259452283
-70.0970097009700908 30.2240929600917134
-70.0770077007700820 60.4878637854455832
-70.0570057005700590 72.2447139340089137
-70.0370037003700361 26.7468124899860697
-70.0170017001700131 50.0614711637602596
-69.9969996999699902 21.0224766644624097
-69.9769976997699814 6.8846558474158428
-69.9569956995699584 19.8527022463993816
-69.9369936993699355 -8.2564245170274546
-69.9169916991699125 25.3840711630124787
-69.8969896989698896 12.3368344411755793
-69.8769876987698808 20.1160539921505084
-69.8569856985698578 6.2620440977299126
-69.8369836983698349 42.3905052750283744
-69.8169816981698119 65.8520692470962103
-69.7969796979697890 24.2015046608001043
-69.7769776977697802 41.6672783356974534
-69.7569756975697572 40.9275411105307256
-69.7369736973697343 38.3642580798046566
-69.7169716971697113 46.3157207827772055
-69.6969696969696884 24.8627847221578548
-69.6769676967696796 62.4021527302887051
-69.6569656965696566 23.7431550032815508
-69.6369636963696337 35.6789877683011909
-69.6169616961696107 35.2599980940318289
-69.5969596959695878 39.3359544438634998
-69.5769576957695790 7.6621466739582402
-69.5569556955695560 29.5444671676192847
-69.5369536953695331 17.6430266584659563
-69.5169516951695243 10.7171963808538813
-69.4969496949694872 20.4734911224419349
-69.4769476947694784 12.4156175644464994
-69.4569456945694554 22.9170501399747195
-69.4369436943694325 33.9263366144608227
-69.4169416941694237 16.8031024890154264
-69.3969396939694008 40.2946347137549452
-69.3769376937693778 32.5033187069493508
-69.3569356935693548 44.8508291799845367
-69.3369336933693319 37.6088057290482425
-69.3169316931693231 10.2897358582261127
-69.2969296929693002 52.4897525379370364
-69.2769276927692772 29.2199811523373327
-69.2569256925692542 53.7796010278146213
-69.2369236923692313 43.8812553833621095
-69.2169216921692225 20.7999319788836843
-69.1969196919691996 60.9208092243835537
-69.1769176917691766 35.8778943309312766
-69.1569156915691536 10.5480152150202677
-69.1369136913691307 69.0212250863835663
-69.1169116911691219 33.1905660542599605
-69.0969096909690990 22.1621956247630294
-69.0769076907690760 11.6703183180709225
-69.0569056905690530 37.5199511279801214
-69.0369036903690301 50.6019646331945125
-69.0169016901690213 5.2302938007380213
-68.9968996899689984 76.6933547974836642
-68.9768976897689754 29.7536579531752956
-68.9568956895689524 23.3279043413512852
-68.9368936893689295 57.8611820390324709
-68.9168916891689207 52.5764380489384138
-68.8968896889688978 21.0747162471691176
-68.8768876887688748 11.0658975140146083
-68.8568856885688518 35.8343865094346938
-68.8368836883688289 24.4832153582209102
-68.8168816881688201 22.9645849293782192
-68.7968796879687972 32.3370229039188857
-68.7768776877687742 22.1730851622182179
-68.7568756875687512 85.8292826599653438
-68.7368736873687283 29.0846734692558435
-68.7168716871687195 18.7950068596274278
-68.6968696869686966 69.5193805720650460
-68.6768676867686736 47.1007429335522261
-68.6568656865686506 21.3030684111168327
-68.6368636863686277 19.4462451685052393
-68.6168616861686189 32.8698343120199468
-68.5968596859685960 19.2871105850071629
-68.5768576857685730 31.6174275742197040
-68.5568556855685500 -4.4537271437706991
-68.5368536853685271 33.8128037932738295
-68.5168516851685183 20.6508269441241765
-68.4968496849684954 50.7862613905209841
-68.4768476847684724 3.4252789244261024
-68.4568456845684636 31.7253080198837480
-68.4368436843684265 42.6478612829070585
-68.4168416841684177 30.7812602949818093
-68.3968396839683948 34.3660103388301863
-68.3768376837683718 31.9243220798252665
-68.3568356835683630 23.3713072479464401
-68.3368336833683401 51.6495111658616679
-68.3168316831683171 45.0047094146101756
-68.2968296829682942 31.8813857769248514
-68.2768276827682712 52.5479526297347377
-68.2568256825682624 50.8438553758140301
-68.2368236823682395 10.6333506490212883
-68.2168216821682165 60.3884401312298706
-68.1968196819681935 31.6716426720335527
-68.1768176817681706 45.0590849585549904
-68.1568156815681618 50.6547441055962366
-68.1368136813681389 26.5070162572457804
-68.1168116811681159 60.3116853249505382
-68.0968096809680929 20.5789579460208785
-68.0768076807680700 44.9899251811593928
-68.0568056805680612 0.6744307614847749
-68.0368036803680383 14.1678101795896971
-68.0168016801680153 21.3966960622405580
-67.9967996799679923 60.9599292536720725
-67.9767976797679694 11.2286666847269885
-67.9567956795679606 16.1441970110722721
-67.9367936793679377 34.9475472507815681
-67.9167916791679147 54.2655162059496021
-67.8967896789678917 39.6044253918338427
-67.8767876787678688 66.5031503687590657
-67.8567856785678600 22.7437037818505736
-67.8367836783678371 46.9829529284434102
-67.8167816781678141 19.7069249407679266
-67.7967796779678054 42.2295063965361521
-67.7767776777677682 23.7642905153644755
-67.7567756775677594 4.1248907880002754
-67.7367736773677365 18.3669309709625850
-67.7167716771677135 46.0364171353407983
-67.6967696769677048 31.9480475092632759
-67.6767676767676676 21.7798331108439669
-67.6567656765676588 36.9942200707266977
-67.6367636763676359 49.3085004271954546
-67.6167616761676129 31.5337437669284135
-67.5967596759676042 28.2546313792031007
-67.5767576757675670 35.6099894194567099
-67.5567556755675582 39.9916249626030833
-67.5367536753675353 33.8682300466347499
-67.5167516751675123 -0.6612040238371257
-67.4967496749675036 -0.5235048108623630
-67.4767476747674664 42.7368053240387979
-67.4567456745674576 54.0089370881161059
-67.4367436743674347 65.3846234432508453
-67.4167416741674117 29.4349147776291140
-67.3967396739674030 27.4074473503003340
-67.3767376737673658 15.8470538583173504
-67.3567356735673570 9.5909143088022155
-67.3367336733673341 25.3169935349587121
-67.3167316731673111 22.4567246630515740
-67.2967296729673023 14.7042607750856718
-67.2767276727672652 13.5807943121239560
-67.2567256725672564 14.3894296792523058
-67.2367236723672335 -3.4651423053476691
-67.2167216721672105 34.6082523591960083
-67.1967196719672017 26.3445016843300941
-67.1767176717671646 32.9104634973475356
-67.1567156715671558 6.3413716336068333
-67.1367136713671329 21.9784374890708136
-67.1167116711671099 -2.2393484077383690
-67.0967096709671011 14.4134433254531231
-67.0767076707670782 13.7759315916567644
-67.0567056705670552 17.2308054687532248
-67.0367036703670323 23.9595137591027481
-67.0167016701670093 35.7129012206895027
-66.9966996699670005 -7.2498738778275964
-66.9766976697669776 12.5667595500685323
-66.9566956695669546 47.2843508477368744
-66.9366936693669317 7.0452875040589156
-66.9166916691669087 21.2404879138649285
-66.8966896689668999 56.5708731883545823
-66.8766876687668770 22.8016349027799734
-66.8566856685668540 42.2842968243591599
-66.8366836683668453 13.1993237484018948
-66.8166816681668081 10.0299546461825813
-66.7966796679667993 2.6054106451482895
-66.7766776677667764 -0.4498546490262676
-66.7566756675667534 33.3146876564303369
-66.7366736673667447 16.6298631663983656
-66.7166716671667075 31.9135248796621660
-66.6966696669666987 44.3852270415138292
-66.6766676667666758 41.6393487270984153
-66.6566656665666528 17.3839162574670496
-66.6366636663666441 12.7685511090734600
-66.6166616661666069 40.6287542829199282
-66.5966596659665981 20.7588763449010116
-66.5766576657665752 15.0286527335265188
-66.5566556655665522 6.5264315464493450
-66.5366536653665435 60.7090957948430514
-66.5166516651665063 30.0451374345397184
-66.4966496649664975 37.1946577078043106
-66.4766476647664746 18.9546942687671915
-66.4566456645664516 35.8442701846666409
-66.4366436643664429 36.7990456333717759
-66.4166416641664057 -11.6269649865234541
-66.3966396639663969 10.8431424246741344
-66.3766376637663740 19.6517481753594723
-66.3566356635663510 32.9614172256457678
-66.3366336633663423 12.9437814840498611
-66.3166316631663051 19.2612486105383205
-66.2966296629662963 -9.3875582224395835
-66.2766276627662734 53.7272197470983528
-66.2566256625662504 5.5691358192569780
-66.2366236623662417 44.0375832593348733
-66.2166216621662045 45.8175708664035568
-66.1966196619661957 30.8199264996599602
-66.1766176617661728 24.4158807460043406
-66.1566156615661498 10.8139686758391633
-66.1366136613661411 35.8380671575896486
-66.1166116611661181 18.9583090787770061
-66.0966096609660951 35.0961513022090301
-66.0766076607660722 -17.1448624802735701
-66.0566056605660492 14.8013397306607697
-66.0366036603660405 3.1527011018729425
-66.0166016601660175 60.9542355605935740
-65.9965996599659945 40.6946554998985590
-65.9765976597659716 44.6946707110342487
-65.9565956595659486 6.7318736508105772
-65.9365936593659399 47.4859072060553444
-65.9165916591659169 49.6591755786842839
-65.8965896589658939 54.5878801622063676
-65.8765876587658852 20.6729546704841738
-65.8565856585658480 6.2173279253188909
-65.8365836583658393 25.1519221423171295
-65.8165816581658163 15.7827055607727154
-65.7965796579657933 7.5213086557648552
-65.7765776577657846 57.8112536348936672
-65.7565756575657474 27.0097326539785385
-65.7365736573657387 68.2583588906194336
-65.7165716571657157 34.5488553003277019
-65.6965696569656927 27.4323199604065202
-65.6765676567656840 16.1506557804877744
-65.6565656565656468 14.1824094867346453
-65.6365636563656381 19.5306838759175605
-65.6165616561656151 36.9916248970686183
-65.5965596559655921 20.0123561070965650
-65.5765576557655834 22.8350024499871971
-65.5565556555655462 48.6404057523060089
-65.5365536553655375 35.4482042740965539
-65.5165516551655145 18.7688366695149114
-65.4965496549654915 23.3483003826606641
-65.4765476547654828 1.9246733447191673
-65.4565456545654456 37.5319965170069096
-65.4365436543654369 17.7047049644798733
-65.4165416541654139 59.5853015768494885
-65.3965396539653909 46.3940908983938840
-65.3765376537653822 39.1973414060145373
-65.3565356535653450 27.1225472651999056
-65.3365336533653362 6.1182941389504997
-65.3165316531653133 28.8816328486295042
-65.2965296529652903 20.8035969494093713
-65.2765276527652816 64.4758343138216787
-65.2565256525652444 22.5459327101287172
-65.2365236523652356 33.3625079315978468
-65.2165216521652127 49.6490338317709785
-65.1965196519651897 -0.4143641914953839
-65.1765176517651810 32.4981618372875758
-65.1565156515651580 55.1586808334515268
-65.1365136513651350 36.6070455924443507
-65.1165116511651121 62.2830586442700280
-65.0965096509650891 13.8037107088074968
-65.0765076507650804 33.3828022496487122
-65.0565056505650574 39.6089056094928011
-65.0365036503650344 4.2402822284624442
-65.0165016501650115 13.2978442968777220
-64.9964996499649885 33.2193617107158659
-64.9764976497649798 20.7826828161896877
-64.9564956495649568 19.4772674823650789
-64.9364936493649338 17.0395090860511011
-64.9164916491649251 0.7819742387261250
-64.8964896489648879 20.9287598007776410
-64.8764876487648792 41.5052444334363102
-64.8564856485648562 26.8024764081875979
-64.8364836483648332 2.3885948804359920
-64.8164816481648245 48.9304312271939281
-64.7964796479647873 35.9329168244817865
-64.7764776477647786 23.6014401000541838
-64.7564756475647556 8.8757034122982077
-64.7364736473647326 34.5864544272539547
-64.7164716471647239 32.8026040428777179
-64.6964696469646867 2.1488953519183092
-64.6764676467646780 8.4455515046067156
-64.6564656465646550 11.9708141654197320
-64.6364636463646320 23.3707399896522467
-64.6164616461646233 49.9706492658407058
-64.5964596459645861 4.8018577852498936
-64.5764576457645774 18.4036710481571610
-64.5564556455645544 40.2421294407712651
-64.5364536453645314 32.2125079622841852
-64.5164516451645227 28.2049969063441850
-64.4964496449644855 32.3062095807365637
-64.4764476447644768 8.3174236013677962
-64.4564456445644538 -8.7987314201308315
-64.4364436443644308 26.7978753557020433
-64.4164416441644221 34.8662094045315456
-64.3964396439643849 27.5495559756475394
-64.3764376437643762 24.8919005114860532
-64.3564356435643532 3.6659358439092316
-64.3364336433643302 24.7168060921304296
-64.3164316431643215 -0.2007924269127273
-64.2964296429642843 32.1104530797752616
-64.2764276427642756 18.0119585713506183
-64.2564256425642526 56.1569695554494714
-64.2364236423642296 62.3485194318375875
-64.2164216421642209 13.7778480578951186
-64.1964196419641979 30.0110462073759514
-64.1764176417641750 12.7726501591115813
-64.1564156415641520 12.4029908698380744
-64.1364136413641290 24.6739701262774140
-64.1164116411641203 42.2344350797115737
-64.0964096409640973 2.6251481683690194
-64.0764076407640744 23.8472934026372521
-64.0564056405640514 55.1061280271733693
-64.0364036403640284 16.3777697066904153
-64.0164016401640197 24.6256763653995634
-63.9963996399639967 21.6858036786408803
-63.9763976397639738 39.2169486495173203
-63.9563956395639579 11.3329951034666880
-63.9363936393639349 31.2186547482200183
-63.9163916391639120 22.4542295350557204
-63.8963896389638961 16.6136247927583227
-63.8763876387638732 -11.9841223382523694
-63.8563856385638573 48.1160991975652195
-63.8363836383638343 36.7883199298008563
-63.8163816381638114 -12.8883972283412653
-63.7963796379637955 15.0476285490893424
-63.7763776377637726 22.0356812616753821
-63.7563756375637567 29.1657722309899725
-63.7363736373637337 36.7887127554592652
-63.7163716371637179 26.1025445965208078
-63.6963696369636949 50.1955353610769208
-63.6763676367636720 -30.7628472109503548
-63.6563656365636561 20.0995974060842855
-63.6363636363636331 20.7321846688402331
-63.6163616361636173 12.8920854925714021
-63.5963596359635943 24.6466775498705566
-63.5763576357635714 18.5932872921460053
-63.5563556355635555 19.5940771844099153
-63.5363536353635325 1.9504012407280413
-63.5163516351635167 61.9691970245267498
-63.4963496349634937 15.0939868182690429
-63.4763476347634779 26.3835157775418416
-63.4563456345634549 0.0129996160750281
-63.4363436343634319 28.6964730065013036
-63.4163416341634161 24.4830924218547246
-63.3963396339633931 30.8825509138640832
-63.3763376337633773 5.3216292282839071
-63.3563356335633543 13.9291226631357929
-63.3363336333633313 31.9426040286871853
-63.3163316331633155 2.7619548160774343
-63.2963296329632925 21.2929427376471523
-63.2763276327632767 36.3952564213665966
-63.2563256325632537 45.3721575264476087
-63.2363236323632378 32.2519100739669113
-63.2163216321632149 38.0419379310072046
-63.1963196319631919 10.3682235816751263
-63.1763176317631761 -21.7572216056891534
-63.1563156315631531 42.5879981235773215
-63.1363136313631372 15.3551412514783436
-63.1163116311631143 28.9403735197950027
-63.0963096309630913 37.9238735499480057
-63.0763076307630755 -9.9518274164053615
-63.0563056305630525 15.2083589541034563
-63.0363036303630366 15.4760067913330879
-63.0163016301630137 19.2216927615832702
-62.9962996299629978 27.9621320857730851
-62.9762976297629749 -4.9247971408346949
-62.9562956295629519 29.5090824011797359
-62.9362936293629360 35.5772976449037586
-62.9162916291629131 59.0621212126024702
-62.8962896289628972 5.1567712324747284
-62.8762876287628742 19.0218708010368900
-62.8562856285628513 30.9951185051652374
-62.8362836283628354 21.1935839426514008
-62.8162816281628125 20.3741918770897783
-62.7962796279627966 30.0847683039881417
-62.7762776277627736 31.0659520632186670
-62.7562756275627578 21.4860996740869119
-62.7362736273627348 3.4403155391594744
-62.7162716271627119 25.7633751336068713
-62.6962696269626960 2.4037389058850955
-62.6762676267626730 17.3291137643455784
-62.6562656265626572 11.0471234832403447
-62.6362636263626342 33.2809430014749168
-62.6162616261626113 29.4718302079460699
-62.5962596259625954 23.9755541175009412
-62.5762576257625724 27.1878927486203636
-62.5562556255625566 16.2369518873315393
-62.5362536253625336 10.4609173381806535
-62.5162516251625178 14.2839072460260930
-62.4962496249624948 -5.6010589573515759
-62.4762476247624718 43.1493048004816728
-62.4562456245624560 62.0228010010716915
-62.4362436243624330 -17.6797277216463087
-62.4162416241624172 2.8223532898921064
-62.3962396239623942 80.5723194141533554
-62.3762376237623712 -17.2190540669838548
-62.3562356235623554 -23.6921697273834013
-62.3362336233623324 32.3038928337982583
-62.3162316231623166 -8.2050179118276105
-62.2962296229622936 -10.8445075190591602
-62.2762276227622777 5.7575636855465362
-62.2562256225622548 15.7989245386056041
-62.2362236223622318 64.0153518495127116
-62.2162216221622160 12.4239461236538311
-62.1962196219621930 49.6059234999891316
-62.1762176217621771 55.4218390471793043
-62.1562156215621542 63.7256424243539783
-62.1362136213621312 33.2387040348681424
-62.1162116211621154 65.4259156066103458
-62.0962096209620924 10.7143434841511844
-62.0762076207620765 21.6104732982642354
-62.0562056205620536 11.0199210838937312
-62.0362036203620377 35.8846988906596351
-62.0162016201620148 8.5225742367568920
-61.9961996199619918 3.6476168628033321
-61.9761976197619759 6.8290513330339060
-61.9561956195619530 54.9303035713079879
-61.9361936193619371 14.7281073774959452
-61.9161916191619142 -3.4402234634618729
-61.8961896189618912 -8.9763190220222420
-61.8761876187618753 -0.0989711336654295
-61.8561856185618524 20.0188190108803781
-61.8361836183618365 43.2801902631763795
-61.8161816181618136 2.6709883736360212
-61.7961796179617977 10.2472914000328803
-61.7761776177617747 41.8594065318928017
-61.7561756175617518 10.4708232677457342
-61.7361736173617359 26.4773991549987322
-61.7161716171617130 23.4631694624522424
-61.6961696169616971 32.1220269900749003
-61.6761676167616741 11.4388453656325133
-61.6561656165616512 11.2285251961224297
-61.6361636163616353 8.9359484416563468
-61.6161616161616124 9.1535841601384842
-61.5961596159615965 40.4730673552263625
-61.5761576157615735 25.5317242831492877
-61.5561556155615577 33.9266224220780970
-61.5361536153615347 10.8077183619784201
-61.5161516151615118 -0.5656186766658351
-61.4961496149614959 52.9568326520624595
-61.4761476147614729 2.7777913214120495
-61.4561456145614571 -9.5142350892472791
-61.4361436143614341 12.5430382241229790
-61.4161416141614112 25.9796597825912698
-61.3961396139613953 26.2731049992301990
-61.3761376137613723 -10.0378852730480617
-61.3561356135613565 -10.1766919930658233
-61.3361336133613335 12.6148714154619199
-61.3161316131613177 -11.6126607840042304
-61.2961296129612947 8.7516606310512710
-61.2761276127612717 44.9443658719572454
-61.2561256125612559 -10.9724918743874795
-61.2361236123612329 46.5543678595816175
-61.2161216121612171 36.0837080176990312
-61.1961196119611941 25.5941225529286882
-61.1761176117611711 20.0997759504156370
-61.1561156115611553 4.8516262857467485
-61.1361136113611323 15.7061932147207344
-61.1161116111611165 -16.4353864748305085
-61.0961096109610935 23.7926650354402440
-61.0761076107610776 3.2286620688405829
-61.0561056105610547 20.8333782637305376
-61.0361036103610317 -4.2501534049546379
-61.0161016101610159 63.5386029168819277
-60.9960996099609929 18.7053489264607187
-60.9760976097609770 7.4903818876263415
-60.9560956095609541 25.8094703242250638
-60.9360936093609311 -5.6146511317456920
-60.9160916091609153 1.9321325154802533
-60.8960896089608923 27.0087858732019583
-60.8760876087608764 55.7259570783098894
-60.8560856085608535 18.9906744888142711
-60.8360836083608376 44.3292972287263893
-60.8160816081608147 36.9483154553388147
-60.7960796079607917 11.1147489778726118
-60.7760776077607758 7.1891320933258243
-60.7560756075607529 7.4928804980721839
-60.7360736073607370 12.7353490217659271
-60.7160716071607141 17.5508494397141739
-60.6960696069606911 2.7640823608024014
-60.6760676067606752 17.5937526484125968
-60.6560656065606523 37.6494354514730745
-60.6360636063606364 29.4236515488478219
-60.6160616061606135 -16.0600999979031727
-60.5960596059605976 -31.1030138938606626
-60.5760576057605746 -1.3159904425107563
-60.5560556055605517 17.9852873312849226
-60.5360536053605358 -0.0309389690917321
-60.5160516051605128 29.5157767110903642
-60.4960496049604970 19.4406670824086127
-60.4760476047604740 30.6186224813437704
-60.4560456045604511 20.0447163917865616
-60.4360436043604352 -9.4333954906051201
-60.4160416041604122 31.3917488699037648
-60.3960396039603964 14.8396841408164839
-60.3760376037603734 1.6014105755399548
-60.3560356035603576 -6.5864425234982509
-60.3360336033603346 13.8226128489235034
-60.3160316031603116 34.2556375228027861
-60.2960296029602958 60.1266596126950077
-60.2760276027602728 31.2796149333764788
-60.2560256025602570 -12.1842615166216355
-60.2360236023602340 16.9926862912039134
-60.2160216021602110 -14.6188201350517524
-60.1960196019601952 9.2016197797781434
-60.1760176017601722 15.5882733884490570
-60.1560156015601564 42.2668480711954047
-60.1360136013601334 45.3226952739242464
-60.1160116011601176 43.0090593946370205
-60.0960096009600946 -9.8705582266683081
-60.0760076007600716 11.0727636506294349
-60.0560056005600558 -0.7901799170392447
-60.0360036003600328 5.6322313641712221
-60.0160016001600169 -8.6687910406088680
-59.9959995999599940 12.1343125106070051
-59.9759975997599710 29.0083454731874504
-59.9559955995599552 -4.7659663361121094
-59.9359935993599322 0.6184967249823323
-59.9159915991599163 21.5944683872437579
-59.8959895989598934 -20.0092514807929085
-59.8759875987598775 -6.2959498256003599
-59.8559855985598546 56.3716601937172044
-59.8359835983598316 -4.4812077148902816
-59.8159815981598157 43.2658273402810423
-59.7959795979597928 33.6364540425473848
-59.7759775977597769 -10.1013252089755046
-59.7559755975597540 -5.7912118791052478
-59.7359735973597310 -8.2955263531517662
-59.7159715971597151 -8.5719464194502244
-59.6959695969596922 18.4196170789610605
-59.6759675967596763 41.4321555717873764
-59.6559655965596534 51.5871096671129834
-59.6359635963596375 15.1499337717225941
-59.6159615961596145 35.3360582586786904
-59.5959595959595916 6.0822489108290911
-59.5759575957595757 8.9213315673984201
-59.5559555955595528 9.8408969958526011
-59.5359535953595369 -1.7526393173050234
-59.5159515951595139 8.6312746387276125
-59.4959495949594910 -22.9294046977387396
-59.4759475947594751 21.2022569745437721
-59.4559455945594522 48.1139467568066834
-59.4359435943594363 41.6548918242774917
-59.4159415941594133 18.4573797359099743
-59.3959395939593975 2.3306901675932732
-59.3759375937593745 35.9429319682835811
-59.3559355935593516 11.2879177940930937
-59.3359335933593357 0.6833171071438766
-59.3159315931593127 -17.3078270451308676
-59.2959295929592969 -18.8645876999874211
-59.2759275927592739 63.4117070130836495
-59.2559255925592510 29.4735698603904837
-59.2359235923592351 -7.0975741419057385
-59.2159215921592121 4.7284100805075449
-59.1959195919591963 43.2349528966290038
-59.1759175917591733 33.9244106427862562
-59.1559155915591575 62.7105943247700708
-59.1359135913591345 -15.5885441144390828
-59.1159115911591115 50.1709980525413499
-59.0959095909590957 -14.5407610224403214
-59.0759075907590727 -2.2978916291735896
-59.0559055905590569 14.9478417226136777
-59.0359035903590339 4.4336910901553841
-59.0159015901590109 9.1079229627960849
-58.9958995899589951 -3.3823839596316496
-58.9758975897589721 13.9929047563999021
-58.9558955895589563 18.3572969965867863
-58.9358935893589333 14.2764030535245166
-58.9158915891589103 25.4481878094411229
-58.8958895889588945 13.2633386715263413
-58.8758875887588715 21.1218072948345679
-58.8558855885588557 34.9546200264092590
-58.8358835883588327 7.9503401758136665
-58.8158815881588168 11.4178931265555175
-58.7958795879587939 -17.2422155675174338
-58.7758775877587709 -16.0564096413410589
-58.7558755875587551 28.7797941317461436
-58.7358735873587321 9.2088895857655615
-58.7158715871587162 2.2634067456811682
-58.6958695869586933 3.1690665653517902
-58.6758675867586703 5.6043264468902807
-58.6558655865586545 8.9241954395057128
-58.6358635863586315 10.4721235077705401
-58.6158615861586156 -3.9379478355149047
-58.5958595859585927 -8.4112027042443831
-58.5758575857585768 18.5182544308250421
-58.5558555855585539 19.4544676163111454
-58.5358535853585309 36.9918880819449072
-58.5158515851585150 -39.9572656408130626
-58.4958495849584921 8.9247857048001862
-58.4758475847584762 12.7778204744153516
-58.4558455845584533 11.9964763982625424
-58.4358435843584303 7.4474688684817458
-58.4158415841584144 33.4363402311967803
-58.3958395839583915 -12.2075971514496917
-58.3758375837583756 48.7056735763716233
-58.3558355835583527 28.7766592332883882
-58.3358335833583368 -30.7687367306861113
-58.3158315831583138 18.4065596910095479
-58.2958295829582909 17.3304472644813856
-58.2758275827582750 50.1311759327829591
-58.2558255825582521 -21.8023197258203041
-58.2358235823582362 3.2281732795858025
-58.2158215821582132 -5.0107611125718456
-58.1958195819581903 7.1959998095219850
-58.1758175817581744 -8.9844151312353180
-58.1558155815581515 12.8596216646491950
-58.1358135813581356 3.3375678362772261
-58.1158115811581126 -11.5882631280745780
-58.0958095809580968 -11.6551490173423336
-58.0758075807580738 0.9463220817413891
-58.0558055805580508 48.1945044090614800
-58.0358035803580350 6.7127954852178808
-58.0158015801580120 24.1807061384077215
-57.9957995799579962 -3.3403184051392554
-57.9757975797579732 -19.4988458524896160
-57.9557955795579502 1.9780440501587044
-57.9357935793579344 46.9368235230258861
-57.9157915791579114 -29.3743585713552875
-57.8957895789578956 13.1816920898465515
-57.8757875787578726 -3.1881494514286484
-57.8557855785578568 -0.2580796732015127
-57.8357835783578338 16.5863521131816505
-57.8157815781578108 25.1695735527367290
-57.7957795779577950 22.9322874304912077
-57.7757775777577720 16.1853281087199079
-57.7557755775577562 13.3463402305459322
-57.7357735773577332 14.6509485141666982
-57.7157715771577102 35.6036136183314511
-57.6957695769576944 10.7124778599229415
-57.6757675767576714 13.3469149721884435
-57.6557655765576555 7.2439240067974087
-57.6357635763576326 30.4088126862861969
-57.6157615761576167 24.5224802694154143
-57.5957595759575938 42.3757725803958181
-57.5757575757575708 31.6121972565547793
-57.5557555755575549 41.4873073584083016
-57.5357535753575320 6.7407823368209856
-57.5157515751575161 22.5553950943309687
-57.4957495749574932 -0.7516970707026731
-57.4757475747574702 2.5395745146597930
-57.4557455745574543 29.1336964323593861
-57.4357435743574314 3.6879307315978984
-57.4157415741574155 6.6391999545426978
-57.3957395739573926 44.2091268970652891
-57.3757375737573767 -14.3761571903091507
-57.3557355735573537 1.4663636054205256
-57.3357335733573308 34.1920603762253208
-57.3157315731573149 18.2900610309276956
-57.2957295729572920 3.6614536554722763
-57.2757275727572761 -22.0898142698376958
-57.2557255725572531 -28.2017135033004891
-57.2357235723572302 27.3501677878375773
-57.2157215721572143 29.0170368077318912
-57.1957195719571914 -0.5951982091813930
-57.1757175717571755 26.5610159787996736
-57.1557155715571525 -35.0750090543716553
-57.1357135713571367 24.0615703803879697
-57.1157115711571137 22.0485900435427808
-57.0957095709570908 6.9988292525739801
-57.0757075707570749 -11.3458711428310863
-57.0557055705570519 4.5989342707075149
-57.0357035703570361 -2.4408444785465759
-57.0157015701570131 34.4780117126076959
-56.9956995699569902 5.0298355355051916
-56.9756975697569743 -45.9641812303186370
-56.9556955695569513 9.6411996213865443
-56.9356935693569355 30.5117713724747652
-56.9156915691569125 -22.7075657040934544
-56.8956895689568967 -18.4063768212849581
-56.8756875687568737 1.3559467494787780
-56.8556855685568507 43.0226343767641595
-56.8356835683568349 5.9821847729844286
-56.8156815681568119 33.1760172975166014
-56.7956795679567961 -0.3927535986583015
-56.7756775677567731 53.2634815172002831
-56.7556755675567501 -6.5929832190881541
-56.7356735673567343 -4.7584637723857623
-56.7156715671567113 21.6915395063289402
-56.6956695669566955 32.7788220366439020
-56.6756675667566725 -12.5038216967147857
-56.6556655665566566 10.6769651397247216
-56.6356635663566337 -5.7072352844646241
-56.6156615661566107 -6.5240570050747557
-56.5956595659565949 7.5797075562261575
-56.5756575657565719 -17.8171209238960842
-56.5556555655565560 5.7582852658657977
-56.5356535653565331 25.3754700665607658
-56.5156515651565101 52.6880952672250658
-56.4956495649564943 -25.4996205671043477
-56.4756475647564713 43.1536655048889557
-56.4556455645564554 -10.1648955698663563
-56.4356435643564325 22.7138703743985637
-56.4156415641564166 -20.9182504924971546
-56.3956395639563937 -5.5650606968509404
-56.3756375637563707 9.1456976382730097
-56.3556355635563548 28.9857728626413973
-56.3356335633563319 1.0254532721075376
-56.3156315631563160 -13.6881078000446337
-56.2956295629562931 3.3983774260550650
-56.2756275627562701 -33.6396133278627971
-56.2556255625562542 15.7182405311194060
-56.2356235623562313 -5.0512856308719556
-56.2156215621562154 23.1323486859732590
-56.1956195619561925 1.9797686010710884
-56.1756175617561766 20.8131880924515613
-56.1556155615561536 -32.8671998195248491
-56.1356135613561307 14.9837060842679737
-56.1156115611561148 12.2858322033923049
-56.0956095609560919 -3.2753904945667238
-56.0756075607560760 -13.7866087971502136
-56.0556055605560530 26.2107111788346430
-56.0356035603560301 18.2826873335342022
-56.0156015601560142 -8.5303162028064801
-55.9955995599559913 -6.8405772652248844
-55.9755975597559754 -26.8056261468934203
-55.9555955595559524 -21.0941114978316655
-55.9355935593559366 5.1069799892272876
-55.9155915591559136 6.9087694320854389
-55.8955895589558907 10.1631387471729671
-55.8755875587558748 -26.3154876491002305
-55.8555855585558518 6.1645917429745767
-55.8355835583558360 3.0272578030848400
-55.8155815581558130 -0.9737860325985643
-55.7955795579557901 -1.6166849275306783
-55.7755775577557742 41.9275639450404398
-55.7555755575557512 44.0615965502356488
-55.7355735573557354 31.3357786990546181
-55.7155715571557124 43.2180882016281700
-55.6955695569556966 -13.3769432884626820
-55.6755675567556736 17.1721891492920733
-55.6555655565556506 33.8636261031464372
-55.6355635563556348 11.3575227216666494
-55.6155615561556118 16.8263358048388625
-55.5955595559555960 2.3410797773748628
-55.5755575557555730 -36.0084782371278109
-55.5555555555555500 3.0047378356765506
-55.5355535553555342 -5.5958889880864664
-55.5155515551555112 -23.7091521060730273
-55.4955495549554954 8.8914985340199895
-55.4755475547554724 -29.3752050455187650
-55.4555455545554565 -31.7398299340731818
-55.4355435543554336 -33.9274151244279665
-55.4155415541554106 -14.1550933788575684
-55.3955395539553948 10.6355172445952562
-55.3755375537553718 3.9648800538420108
-55.3555355535553559 -1.1795435802677618
-55.3355335533553330 -12.5528108186790526
-55.3155315531553100 5.5821266814318840
-55.2955295529552942 11.1812387147212373
-55.2755275527552712 27.2422274141349732
-55.2555255525552553 34.9502364198096842
-55.2355235523552324 -0.2315358870970057
-55.2155215521552165 3.9506368509575909
-55.1955195519551935 0.5897149924508158
-55.1755175517551706 20.1260872333390850
-55.1555155515551547 34.9907533669533066
-55.1355135513551318 17.4026301237851264
-55.1155115511551159 -12.3530181552877139
-55.0955095509550929 8.6521983668802527
-55.0755075507550700 -35.7022907168097703
-55.0555055505550541 7.0792136706101241
-55.0355035503550312 -24.4525755262191780
-55.0155015501550153 41.1730806769500148
-54.9954995499549923 -7.3678775055603243
-54.9754975497549765 -2.1293254662965904
-54.9554955495549535 8.7208412079695741
-54.9354935493549306 1.8263739482678487
-54.9154915491549147 -20.9489009297482660
-54.8954895489548917 -3.7891633681829529
-54.8754875487548759 -9.0605763842998606
-54.8554855485548529 28.0847523101719467
-54.8354835483548300 -7.6869418188084282
-54.8154815481548141 -21.6981220608144376
-54.7954795479547911 -8.4509273809574914
-54.7754775477547753 15.0228266482111668
-54.7554755475547523 15.8414022850788054
-54.7354735473547365 16.5395401373718549
-54.7154715471547135 40.3031953311725744
-54.6954695469546905 4.4154928793345825
-54.6754675467546747 21.4546805101847546
-54.6554655465546517 17.9123370121904273
-54.6354635463546359 -12.1973958072035629
-54.6154615461546129 -35.6025549833965940
-54.5954595459545899 -12.6217177795663460
-54.5754575457545741 -30.6389039217789758
-54.5554555455545511 -14.4920503046571199
-54.5354535453545353 15.6605765861512154
-54.5154515451545123 -3.1955873858219461
-54.4954495449544964 15.4101629637711000
-54.4754475447544735 16.8909838153860719
-54.4554455445544505 -5.0493847123788624
-54.4354435443544347 12.3268025031469595
-54.4154415441544117 1.4082040673700933
-54.3954395439543958 9.9131400792337860
-54.3754375437543729 -9.0626928676105241
-54.3554355435543499 -9.1659148773547425
-54.3354335433543341 8.4582250990855670
-54.3154315431543111 -10.2947090642683250
-54.2954295429542952 8.3171885784496720
-54.2754275427542723 -12.7282871609444825
-54.2554255425542564 -22.4224137806055843
-54.2354235423542335 -27.5811735734579919
-54.2154215421542105 -69.4923202066705983
-54.1954195419541946 -9.6124494322394280
-54.1754175417541717 -22.2869667049207436
-54.1554155415541558 -1.8567778563963095
-54.1354135413541329 19.2378807186120468
-54.1154115411541099 12.8328624076993822
-54.0954095409540940 24.0639807864520350
-54.0754075407540711 -43.6314444098307135
-54.0554055405540552 -10.6316580412471495
-54.0354035403540323 -22.5721145340363520
-54.0154015401540164 12.6763408363318391
-53.9953995399539934 14.0277677235852902
-53.9753975397539705 -21.6789727195972155
-53.9553955395539546 8.9123752922088180
-53.9353935393539317 27.7943908305906007
-53.9153915391539158 -18.7810134055426268
-53.8953895389538928 -0.1264203348079809
-53.8753875387538699 -0.0526475374839670
-53.8553855385538540 -0.0834005477513169
-53.8353835383538311 -6.5014484838035695
-53.8153815381538152 2.2092793303892906
-53.7953795379537922 8.9573560314638581
-53.7753775377537764 29.0053019529253682
-53.7553755375537534 -17.3107889572522069
-53.7353735373537305 29.7046467800970220
-53.7153715371537146 8.7725754234552440
-53.6953695369536916 -5.3830154693155530
-53.6753675367536758 -3.1967845428904624
-53.6553655365536528 17.2621024910041960
-53.6353635363536299 6.7184196877988036
-53.6153615361536140 -0.0385820608373870
-53.5953595359535910 21.5528867446829331
-53.5753575357535752 16.5531311749957872
-53.5553555355535522 -25.1284328976939690
-53.5353535353535364 -6.0331991283821198
-53.5153515351535134 -10.9562186537853901
-53.4953495349534904 8.2629289464668023
-53.4753475347534746 -19.2058599267366787
-53.4553455345534516 -12.2901059207947760
-53.4353435343534358 -36.0038933465162216
-53.4153415341534128 -35.6751499171160518
-53.3953395339533898 10.3065702204680196
-53.3753375337533740 -22.0517148962258744
-53.3553355335533510 5.3409110495424565
-53.3353335333533352 34.1406887253182134
-53.3153315331533122 -5.4905020366165855
-53.2953295329532963 -1.2878773504933547
-53.2753275327532734 -24.4704001506066788
-53.2553255325532504 -12.5898347496747061
-53.2353235323532346 -20.2737864969198256
-53.2153215321532116 17.7827264982064221
-53.1953195319531957 -27.0421278664028897
-53.1753175317531728 -19.6841694034954138
-53.1553155315531498 -23.6537927315553098
-53.1353135313531340 -37.9056674801203499
-53.1153115311531110 -2.8855618316452114
-53.0953095309530951 25.8250614117297417
-53.0753075307530722 39.7835492251876843
-53.0553055305530563 4.9459696687497301
-53.0353035303530334 14.6599365451561994
-53.0153015301530104 -46.5908915507844910
-52.9952995299529945 17.8661376273463688
-52.9752975297529716 2.3724809202306005
-52.9552955295529557 -14.1244631654387316
-52.9352935293529328 -27.7183576794462923
-52.9152915291529098 23.7037147577314578
-52.8952895289528939 -18.5736780037793636
-52.8752875287528710 9.0563919968467808
-52.8552855285528551 -5.6903479746972989
-52.8352835283528321 2.9187906475137018
-52.8152815281528163 18.1973568376727002
-52.7952795279527933 -8.8061370877881657
-52.7752775277527704 -33.7711971357675083
-52.7552755275527545 2.2203943989671524
-52.7352735273527315 -8.1876719328430596
-52.7152715271527157 -0.4440738051141917
-52.6952695269526927 8.8460405265887054
-52.6752675267526698 -14.0424764417807886
-52.6552655265526539 12.1704923956063364
-52.6352635263526309 11.3760403081380979
-52.6152615261526151 -10.9411622217939293
-52.5952595259525921 -38.9340839201049818
-52.5752575257525763 -16.6424237410629949
-52.5552555255525533 0.1308605462793215
-52.5352535253525303 3.3383002496461271
-52.5152515251525145 -8.9438601935733857
-52.4952495249524915 -13.9389587800117400
-52.4752475247524757 -6.4354617865304631
-52.4552455245524527 17.4467355668522757
-52.4352435243524297 2.6349844292637421
-52.4152415241524139 -0.3828241839029838
-52.3952395239523909 18.4488202531505401
-52.3752375237523751 -11.0022702502185332
-52.3552355235523521 -24.0898949619803098
-52.3352335233523362 -8.6838421787763025
-52.3152315231523133 -35.9354870961032873
-52.2952295229522903 0.1176101779372685
-52.2752275227522745 -20.6504452473685447
-52.2552255225522515 -9.0897946726579999
-52.2352235223522356 8.5038450169415256
-52.2152215221522127 2.2172738896398334
-52.1952195219521897 -28.2727320882343562
-52.1752175217521739 -3.4001894103362682
-52.1552155215521509 31.5481805581387960
-52.1352135213521350 -31.7851647489066522
-52.1152115211521121 -16.8168666202535313
-52.0952095209520962 -3.0125130629458270
-52.0752075207520733 0.2133752833871929
-52.0552055205520503 -2.6063290144719335
-52.0352035203520344 -4.6750412309673113
-52.0152015201520115 -3.0447253301641442
-51.9951995199519956 22.6982946132076933
-51.9751975197519727 -6.6354567366692416
-51.9551955195519497 -7.5127762052976612
-51.9351935193519338 -1.7161376202272880
-51.9151915191519109 20.3804762031021589
-51.8951895189518950 -14.9524102145711630
-51.8751875187518721 21.7932492285731882
-51.8551855185518562 -6.7138564126470328
-51.8351835183518332 -9.4824548527881554
-51.8151815181518103 -11.8747726328313519
-51.7951795179517944 -0.5179404094286513
-51.7751775177517715 17.1442437384996644
-51.7551755175517556 -4.4728425990260394
-51.7351735173517326 -15.4152020197585848
-51.7151715171517097 -6.2525173192884047
-51.6951695169516938 -22.8355269570210524
-51.6751675167516709 -33.9554308583527487
-51.6551655165516550 -10.9160847857609120
-51.6351635163516320 -8.1680077507514657
-51.6151615161516162 -8.2466426877146937
-51.5951595159515932 -29.2199053989845474
-51.5751575157515703 -0.3953121518600176
-51.5551555155515544 -3.8258879447515213
-51.5351535153515314 24.9216330503290600
-51.5151515151515156 -11.8479355851423449
-51.4951495149514926 13.7798958647604231
-51.4751475147514697 -4.6440250491067783
-51.4551455145514538 -14.6192016925829549
-51.4351435143514308 -3.9182454437555903
-51.4151415141514150 17.6232451283654576
-51.3951395139513920 -13.2235010472295027
-51.3751375137513762 -22.3681549000440540
-51.3551355135513532 -5.2960046921828159
-51.3351335133513302 5.2099494705009182
-51.3151315131513144 -24.1122438297123587
-51.2951295129512914 -43.9379332390177524
-51.2751275127512756 -8.5411863891641513
-51.2551255125512526 -24.3093696050290546
-51.2351235123512296 7.0494046345126780
-51.2151215121512138 8.4820371881413283
-51.1951195119511908 -18.9249677701034322
-51.1751175117511750 -3.7524403318854089
-51.1551155115511520 -9.5226126425925806
-51.1351135113511361 -15.5787186709024112
-51.1151115111511132 6.4204019874500684
-51.0951095109510902 -6.2547158631215147
-51.0751075107510744 -15.8154421541487906
-51.0551055105510514 -6.3405983831213071
-51.0351035103510355 33.7891476685785364
-51.0151015101510126 17.6492719571717025
-50.9950995099509896 6.3456738560158712
-50.9750975097509738 -23.3674622778477854
-50.9550955095509508 -8.5622435197603100
-50.9350935093509349 -54.9729181476803532
-50.9150915091509120 -5.9422416720712663
-50.8950895089508961 -15.3815230553726465
-50.8750875087508732 -34.1438996124322287
-50.8550855085508502 -0.2658633258507983
-50.8350835083508343 -7.9163749993566768
-50.8150815081508114 -8.3599330593417100
-50.7950795079507955 -35.6227454036472011
-50.7750775077507726 19.1101605837947730
-50.7550755075507496 -3.9263424329847956
-50.7350735073507337 -8.2930003535934400
-50.7150715071507108 -43.1273216907814358
-50.6950695069506949 -17.3968060578689361
-50.6750675067506720 -0.3542274778875196
-50.6550655065506561 12.4457522953527597
-50.6350635063506331 -21.0190441414712303
-50.6150615061506102 -35.0008120444284145
-50.5950595059505943 12.9001887258099206
-50.5750575057505714 6.7053595104326966
-50.5550555055505555 -34.4701522922233963
-50.5350535053505325 6.5618445282283631
-50.5150515051505096 -2.9781421783004163
-50.4950495049504937 13.1004212854461226
-50.4750475047504708 -33.1316406544217870
-50.4550455045504549 -22.6049752004792168
-50.4350435043504319 -29.2222772550083079
-50.4150415041504161 -38.2237937573888829
-50.3950395039503931 -21.6976455878032013
-50.3750375037503701 16.9808921095849215
-50.3550355035503543 -20.5854378796328419
-50.3350335033503313 -5.3771936656972326
-50.3150315031503155 -23.2778721633226553
-50.2950295029502925 -5.4905149353446312
-50.2750275027502695 -5.7642663503046734
-50.2550255025502537 -37.4196835660209359
-50.2350235023502307 -13.6633820074568355
-50.2150215021502149 -11.1764778704801930
-50.1950195019501919 -36.8853282265960729
-50.1750175017501761 7.4153032571271265
-50.1550155015501531 -22.6811989747525828
-50.1350135013501301 3.6946509556329072
-50.1150115011501143 -23.1018331749256838
-50.0950095009500913 -33.2867093883045300
-50.0750075007500755 -41.2851130445817631
-50.0550055005500525 18.0389476438154901
-50.0350035003500295 7.5646031414428911
-50.0150015001500137 -12.7478885175209165
-49.9949994999499907 33.3324751697672923
-49.9749974997499748 -22.0641684194691940
-49.9549954995499519 1.3153510280816381
-49.9349934993499360 -7.2005246413574211
-49.9149914991499131 6.6312556618452483
-49.8949894989498901 -30.3531080536307485
-49.8749874987498742 -19.8179136624162098
-49.8549854985498513 14.3822916860831889
-49.8349834983498354 -32.6083809083384892
-49.8149814981498125 3.2052079312450648
-49.7949794979497895 -15.3972865767486109
-49.7749774977497736 0.6109343098654811
-49.7549754975497507 -18.2199507262546447
-49.7349734973497348 -29.8429788139351686
-49.7149714971497119 -24.5683357328843499
-49.6949694969496960 -39.2830192389863271
-49.6749674967496730 -11.7395614502915180
-49.6549654965496501 -4.4655758537768673
-49.6349634963496342 -27.8251026561291965
-49.6149614961496113 -23.3472263324222027
-49.5949594959495954 -27.9488115873401881
-49.5749574957495724 -22.7208619431388783
-49.5549554955495495 -39.3206224082222704
-49.5349534953495336 -24.4543216249812190
-49.5149514951495107 -25.5864424494971949
-49.4949494949494948 -35.6762492917057585
-49.4749474947494718 -21.8018390340346002
-49.4549454945494560 -37.2644768764016447
-49.4349434943494330 2.8016814006723756
-49.4149414941494101 -30.9665091991666586
-49.3949394939493942 1.5401332441256361
-49.3749374937493712 22.4404413245426611
-49.3549354935493554 -13.4650989174402351
-49.3349334933493324 8.4952318953721484
-49.3149314931493095 -39.2618235855092337
-49.2949294929492936 -22.8793478567326360
-49.2749274927492706 0.9544184615776370
-49.2549254925492548 -1.7102211430795791
-49.2349234923492318 -10.3013397203033303
-49.2149214921492160 -21.4992650473540898
-49.1949194919491930 -22.4782320726569367
-49.1749174917491700 -12.9353314099933030
-49.1549154915491542 11.9616985701786227
-49.1349134913491312 -3.9660444770318932
-49.1149114911491154 -22.6665425077270015
-49.0949094909490924 15.6613785589865646
-49.0749074907490694 -13.0796572371563453
-49.0549054905490536 -11.0454493168405303
-49.0349034903490306 -16.4566282951451477
-49.0149014901490148 -4.7307693631843453
-48.9948994899489918 -26.5406707092816525
-48.9748974897489759 3.2684862235440395
-48.9548954895489530 -36.6553387005945055
-48.9348934893489300 -31.3138966376852608
-48.9148914891489142 -10.5035265591657687
-48.8948894889488912 -1.6817018989643220
-48.8748874887488753 -18.1438055345709373
-48.8548854885488524 -30.8106853497601634
-48.8348834883488294 6.9701465538393741
-48.8148814881488136 25.6692190093487866
-48.7948794879487906 -19.2954359478703346
-48.7748774877487747 16.1413279425674361
-48.7548754875487518 12.2809053620540780
-48.7348734873487288 -15.8305203151675471
-48.7148714871487130 -9.0362473712039311
-48.6948694869486900 -28.3755766538426144
-48.6748674867486741 -12.0317452794622977
-48.6548654865486512 -14.4914869388047372
-48.6348634863486353 -2.4936908708897381
-48.6148614861486124 -26.8255296640797525
-48.5948594859485894 11.0945266470940336
-48.5748574857485735 26.5528553448231790
-48.5548554855485506 -17.4381038533586761
-48.5348534853485347 -4.0407395923040319
-48.5148514851485118 -24.8314733133881411
-48.4948494849484888 7.6684015159068490
-48.4748474847484729 -27.5801381271811721
-48.4548454845484500 3.5780633279531973
-48.4348434843484341 -2.9815168153278968
-48.4148414841484112 8.7693134370940040
-48.3948394839483953 -10.1672940836525516
-48.3748374837483723 -3.8159695101437752
-48.3548354835483494 -25.3239815755663500
-48.3348334833483335 -11.9398179772490192
-48.3148314831483106 -21.8730297779295313
-48.2948294829482947 9.4272504491689499
-48.2748274827482717 -30.5068261808543113
-48.2548254825482488 -30.3515075771803495
-48.2348234823482329 -2.3540595854266293
-48.2148214821482100 -29.4885881864201380
-48.1948194819481941 -27.3871142791135185
-48.1748174817481711 -0.1077185593074148
-48.1548154815481553 -17.0155467120076160
-48.1348134813481323 -15.4792667749163524
-48.1148114811481094 -24.9502042770127872
-48.0948094809480935 -30.1185890386532122
-48.0748074807480705 -45.6965405781084684
-48.0548054805480547 -10.3338685615854651
-48.0348034803480317 -17.2067583042453691
-48.0148014801480087 -39.2696362723737380
-47.9947994799479929 -30.1776320075674853
-47.9747974797479699 -34.3455296165811461
-47.9547954795479541 -65.9427575985948238
-47.9347934793479311 -1.8980797098468134
-47.9147914791479153 6.3486679395893777
-47.8947894789478923 -9.8598416369711810
-47.8747874787478693 -33.8853358844694625
-47.8547854785478535 -13.5606822979229431
-47.8347834783478305 -46.6764913494877334
-47.8147814781478147 7.1848940453826060
-47.7947794779477917 -21.9701540907539865
-47.7747774777477687 -47.3767156247731407
-47.7547754775477529 -31.3422756860521261
-47.7347734773477299 -1.3120863396175402
-47.7147714771477141 -9.5079028095283711
-47.6947694769476911 -12.4695571238093930
-47.6747674767476752 -44.5643566841496579
-47.6547654765476523 -23.0797178048315175
-47.6347634763476293 -29.2351546639646500
-47.6147614761476135 -14.0940972935257296
-47.5947594759475905 6.9818536846182617
-47.5747574757475746 -11.2246412704389336
-47.5547554755475517 -20.9934375763937844
-47.5347534753475287 -57.2297965771618493
-47.5147514751475128 -32.8274889658440543
-47.4947494749474899 -2.6201900063346102
-47.4747474747474740 -27.0407621306539596
-47.4547454745474511 -15.8962031453263606
-47.4347434743474352 -13.5318839638701718
-47.4147414741474122 43.2784518373478164
-47.3947394739473893 0.9522717590095588
-47.3747374737473734 17.0745373080494893
-47.3547354735473505 -2.6418084324644173
-47.3347334733473346 27.1640815410415719
-47.3147314731473116 -34.2353992335219246
-47.2947294729472887 -27.6007753066584272
-47.2747274727472728 -21.0478822400316155
-47.2547254725472499 -41.0203268350579293
-47.2347234723472340 0.0117567750141916
-47.2147214721472110 -27.7865479865522254
-47.1947194719471952 4.0892177928587436
-47.1747174717471722 -3.3974183541280194
-47.1547154715471493 11.3882861051822104
-47.1347134713471334 -32.4509957818916703
-47.1147114711471104 7.0209293139745235
-47.0947094709470946 -3.6535895209472287
-47.0747074707470716 -55.2332479316384450
-47.0547054705470487 -48.5455640378068978
-47.0347034703470328 -13.2224580099365863
-47.0147014701470098 -24.4223536304775699
-46.9946994699469940 -22.3917877931439726
-46.9746974697469710 -48.8090010741067459
-46.9546954695469552 -46.7087993849244825
-46.9346934693469322 -40.5636961767480528
-46.9146914691469092 -6.2770066647383427
-46.8946894689468934 -18.9993709200977037
-46.8746874687468704 -6.8941124623143608
-46.8546854685468546 -38.6104365637252727
-46.8346834683468316 21.2580177308951797
-46.8146814681468086 -3.2538110789056756
-46.7946794679467928 -16.2017132171969003
-46.7746774677467698 -17.9798252507576279
-46.7546754675467540 -36.8974959656465415
-46.7346734673467310 -8.2517842792319787
-46.7146714671467151 5.2051912127995337
-46.6946694669466922 -19.9239362606225043
-46.6746674667466692 -43.0008320345639987
-46.6546654665466534 -15.7531970061658733
-46.6346634663466304 -13.0576527634743478
-46.6146614661466145 -6.3728970000539196
-46.5946594659465916 -13.4569038434122312
-46.5746574657465686 -5.1887685955049747
-46.5546554655465528 1.4156795141897156
-46.5346534653465298 -21.9972200250144567
-46.5146514651465139 -9.9920223431127972
-46.4946494649464910 -28.3923523760284731
-46.4746474647464751 1.2477850284691101
-46.4546454645464522 -3.0436052467462424
-46.4346434643464292 -48.0301835850787811
-46.4146414641464133 -51.7635942450616113
-46.3946394639463904 -8.4672393904017369
-46.3746374637463745 -13.6956572046861638
-46.3546354635463516 -21.0906848961410063
-46.3346334633463286 -26.1995346290366768
-46.3146314631463127 -37.6335628578023673
-46.2946294629462898 0.0915857129456725
-46.2746274627462739 -20.9261375706980246
-46.2546254625462510 -13.3152040803573186
-46.2346234623462351 24.1910575980193023
-46.2146214621462121 -38.6528794926337795
-46.1946194619461892 -25.4624501614683147
-46.1746174617461733 1.1193000515024991
-46.1546154615461504 -10.6474181580335880
-46.1346134613461345 -0.1615380870166909
-46.1146114611461115 14.8589058547008506
-46.0946094609460886 -11.2080106613286574
-46.0746074607460727 -23.0473962708395987
-46.0546054605460498 -29.7152742940656189
-46.0346034603460339 -28.7674155626308590
-46.0146014601460109 6.6249689947533881
-45.9945994599459951 29.0774954199893045
-45.9745974597459721 -7.5943116202371588
-45.9545954595459492 -15.0300415900302262
-45.9345934593459333 2.7459038398782241
-45.9145914591459103 -23.5867726805726399
-45.8945894589458945 -6.3405214655732003
-45.8745874587458715 13.7078163060799660
-45.8545854585458486 24.9056503333468093
-45.8345834583458327 -25.4679219154159497
-45.8145814581458097 -49.8843852203811622
-45.7945794579457939 -30.6056930339813533
-45.7745774577457709 4.4220481015613942
-45.7545754575457551 -25.8176709207692774
-45.7345734573457321 21.7827813522903497
-45.7145714571457091 8.6817690533402008
-45.6945694569456933 -55.9446106576312729
-45.6745674567456703 -8.5406336711660806
-45.6545654565456545 -3.3285369667664124
-45.6345634563456315 -17.6439131224042534
-45.6145614561456085 -54.0902436382550746
-45.5945594559455927 -29.6355167191991207
-45.5745574557455697 3.9188749761491444
-45.5545554555455539 -44.0567808557153739
-45.5345534553455309 -31.1778537809277552
-45.5145514551455150 -34.7604157110511167
-45.4945494549454921 -49.9357148938871944
-45.4745474547454691 -26.7125310224935220
-45.4545454545454533 -6.9334493893792022
-45.4345434543454303 7.0243779046754469
-45.4145414541454144 -34.7102770729933070
-45.3945394539453915 7.4267690692616419
-45.3745374537453685 -14.7312893173029629
-45.3545354535453527 -25.9916749357720605
-45.3345334533453297 -13.5746182388649537
-45.3145314531453138 -2.7276855147227934
-45.2945294529452909 -30.1357634238465337
-45.2745274527452750 -9.6425849826863104
-45.2545254525452521 -36.6466230923272605
-45.2345234523452291 -39.7454939856397118
-45.2145214521452132 -33.4833581685880191
-45.1945194519451903 -18.6650177732039779
-45.1745174517451744 -15.2526507884660649
-45.1545154515451514 35.6298965234908565
-45.1345134513451285 3.2469158011886492
-45.1145114511451126 -31.1656665734384575
-45.0945094509450897 -9.4121921102161217
-45.0745074507450738 -46.2998451389874930
-45.0545054505450508 -43.4540108073001718
-45.0345034503450350 -54.1072102827375687
-45.0145014501450120 -43.7550495661058889
-44.9944994499449891 -14.0027486945417508
-44.9744974497449732 8.6705935904040778
-44.9544954495449502 -31.3625651495473718
-44.9344934493449344 -33.8045919784300253
-44.9144914491449114 -23.7745397921717085
-44.8944894489448885 -34.3797771700088646
-44.8744874487448726 -47.7896916787520922
-44.8544854485448496 -25.4064858933004132
-44.8344834483448338 -21.8491787946326994
-44.8144814481448108 -9.6419167438301230
-44.7944794479447950 -20.5551619793969209
-44.7744774477447720 -11.4413424823027672
-44.7544754475447490 12.6823003908923866
-44.7344734473447332 -19.2243760621287478
-44.7144714471447102 -26.0237786951584127
-44.6944694469446944 -30.6641852457952808
-44.6744674467446714 -60.0191986982531702
-44.6544654465446484 -30.7236527659338741
-44.6344634463446326 -39.2585057911420066
-44.6144614461446096 -31.5530231551608225
-44.5944594459445938 -45.2882949610141949
-44.5744574457445708 -8.4432678614962331
-44.5544554455445549 -9.0540457986715275
-44.5344534453445320 -0.9721154644576337
-44.5144514451445090 -4.8616428191239685
-44.4944494449444932 -23.8865245765636764
-44.4744474447444702 -26.1695462591625798
-44.4544454445444543 -11.6241382117451106
-44.4344434443444314 0.0704054911386436
-44.4144414441444084 -44.2357383966962274
-44.3944394439443926 -39.5493112572888492
-44.3744374437443696 -24.9393013752989319
-44.3544354435443537 -12.9763188661271904
-44.3344334433443308 5.0872767437268358
-44.3144314431443149 -50.6888459243031093
-44.2944294429442920 8.2564936656035250
-44.2744274427442690 -40.4463841049322212
-44.2544254425442531 -28.6896774154016931
-44.2344234423442302 -20.6571628545617365
-44.2144214421442143 -14.9372145107495484
-44.1944194419441914 -8.5524743078608854
-44.1744174417441684 -19.7860729507672133
-44.1544154415441525 -41.0401129028143217
-44.1344134413441296 -18.5315349763572534
-44.1144114411441137 -27.5830457780941281
-44.0944094409440908 -23.1637529824365167
-44.0744074407440749 -46.0223925968135603
-44.0544054405440519 -13.5132984437205117
-44.0344034403440290 -28.6142147792405979
-44.0144014401440131 -17.6533005459141492
-43.9943994399439902 -18.8753012787495855
-43.9743974397439743 -5.1928318970151839
-43.9543954395439513 -52.6714911772027961
-43.9343934393439284 -30.1287234007232527
-43.9143914391439125 -3.1702026874570102
-43.8943894389438896 -31.7630243117549256
-43.8743874387438737 -40.1717781267082970
-43.8543854385438507 -35.5208611986258092
-43.8343834383438349 8.4878696412940755
-43.8143814381438119 -6.8859048699066836
-43.7943794379437890 -20.0876650050189482
-43.7743774377437731 -34.0938482497426705
-43.7543754375437501 -6.5141706057808459
-43.7343734373437343 -7.6117195151597254
-43.7143714371437113 -22.8061315351557639
-43.6943694369436884 -17.9387534203480890
-43.6743674367436725 -29.0697018933199800
-43.6543654365436495 0.8492033020814809
-43.6343634363436337 -39.3605400037619688
-43.6143614361436107 -3.8147196902735807
-43.5943594359435949 -16.9516427694913006
-43.5743574357435719 -42.2684543665081023
-43.5543554355435489 -27.1869352464364660
-43.5343534353435331 -38.2297489325959248
-43.5143514351435101 -30.6036129623508089
-43.4943494349434943 -65.5716937471436978
-43.4743474347434713 -22.6208019426958735
-43.4543454345434483 -24.2554411778777848
-43.4343434343434325 -7.5742341083387377
-43.4143414341434095 -23.9050413485817863
-43.3943394339433937 -11.8073411534845096
-43.3743374337433707 -21.9141990691019863
-43.3543354335433548 -3.9520331981456103
-43.3343334333433319 -0.6302312288814953
-43.3143314331433089 -22.6601380950566238
-43.2943294329432931 3.2316152475252764
-43.2743274327432701 -25.1650396578000546
-43.2543254325432542 -31.8757665352581299
-43.2343234323432313 -3.2397658774856808
-43.2143214321432083 -37.6096734308277121
-43.1943194319431925 37.4975136258661621
-43.1743174317431695 1.5702111649513277
-43.1543154315431536 18.5524307636935966
-43.1343134313431307 -30.2196675806521107
-43.1143114311431148 0.8180856490912483
-43.0943094309430919 -28.6837011985214261
-43.0743074307430689 -24.6733388296466529
-43.0543054305430530 -5.1668095288061906
-43.0343034303430301 -28.0118856423903075
-43.0143014301430142 -23.6888238980886179
-42.9942994299429913 -23.8362967427545271
-42.9742974297429683 -2.4988943351308563
-42.9542954295429524 -17.0172483531607384
-42.9342934293429295 -39.9861180916060732
-42.9142914291429136 -28.7293850011093532
-42.8942894289428907 -12.8037930001658822
-42.8742874287428748 -18.9707373234362215
-42.8542854285428518 -33.2756458293958062
-42.8342834283428289 -39.5371793849007105
-42.8142814281428130 -35.9774593589016618
-42.7942794279427901 -66.7043403202800960
-42.7742774277427742 -14.4207269625456345
-42.7542754275427512 -10.8358507142367930
-42.7342734273427283 -37.8358371333027179
-42.7142714271427124 -30.3438877442076240
-42.6942694269426894 2.0477560181818504
-42.6742674267426736 -19.9004895625625018
-42.6542654265426506 1.4592588419254326
-42.6342634263426348 -22.8156444409870574
-42.6142614261426118 -62.6777203879785247
-42.5942594259425888 -25.8738787372482300
-42.5742574257425730 -20.6799620301408069
-42.5542554255425500 -58.1519579204563826
-42.5342534253425342 -11.2942789038376681
-42.5142514251425112 -54.7190906497523031
-42.4942494249424882 -34.5120567540128178
-42.4742474247424724 -31.6699338846826564
-42.4542454245424494 -34.0078781903424527
-42.4342434243424336 -33.6525615101027498
-42.4142414241424106 -10.5278724267162893
-42.3942394239423948 -23.7842101568975082
-42.3742374237423718 6.3757980483391812
-42.3542354235423488 -2.4431832894823344
-42.3342334233423330 -53.6368309366865361
-42.3142314231423100 -39.7446277801984422
-42.2942294229422941 -50.1838620825995605
-42.2742274227422712 -6.6055005430567739
-42.2542254225422482 3.4087437315765889
-42.2342234223422324 10.0552938394235412
-42.2142214221422094 -10.8683723808596220
-42.1942194219421935 -19.8179827516172402
-42.1742174217421706 -32.4825298690618354
-42.1542154215421547 -34.0853357979648450
-42.1342134213421318 -31.0360514696420680
-42.1142114211421088 -30.5472927298776753
-42.0942094209420929 -16.7599542395439940
-42.0742074207420700 -5.7227262590888976
-42.0542054205420541 -38.3725983898310261
-42.0342034203420312 -36.2597406683158354
-42.0142014201420082 -36.4848709749828544
-41.9941994199419923 -17.3819629946484540
-41.9741974197419694 -30.9687430305620168
-41.9541954195419535 -18.5922129407911214
-41.9341934193419306 -56.0057221580244331
-41.9141914191419147 -42.8806420609081300
-41.8941894189418917 -5.3227484914820202
-41.8741874187418688 -29.6093808930006688
-41.8541854185418529 -40.0707192432384005
-41.8341834183418300 0.7811342213952486
-41.8141814181418141 -11.4001722256652744
-41.7941794179417911 -21.2091977873079784
-41.7741774177417682 -22.1497059395373306
-41.7541754175417523 18.7818175775101643
-41.7341734173417294 -24.1329447599295790
-41.7141714171417135 10.6785639690277812
-41.6941694169416905 -14.7069074914969953
-41.6741674167416747 -30.1345998185026289
-41.6541654165416517 -41.9415518639739275
-41.6341634163416288 -45.5622432708347844
-41.6141614161416129 -28.2896134606380940
-41.5941594159415899 -1.3546918320937067
-41.5741574157415741 -26.1766829225358357
-41.5541554155415511 -46.9217350065697758
-41.5341534153415282 1.0141766537875476
-41.5141514151415123 -14.5901788876404641
-41.4941494149414893 -20.6096776835645876
-41.4741474147414735 -41.2701036888634647
-41.4541454145414505 -12.7997522618386821
-41.4341434143414347 -14.5812144625369537
-41.4141414141414117 -55.7929093018286579
-41.3941394139413887 -31.1276644323910823
-41.3741374137413729 -24.2746953496115800
-41.3541354135413499 -6.9219039508467084
-41.3341334133413341 -47.4010226855251204
-41.3141314131413111 -63.7978247557195743
-41.2941294129412881 -24.2891632506546529
-41.2741274127412723 -16.6316956584191402
-41.2541254125412493 -54.1304384807892873
-41.2341234123412335 -29.9486647316748815
-41.2141214121412105 -22.0385077929438964
-41.1941194119411946 -44.4501679691421216
-41.1741174117411717 -32.5817038071283207
-41.1541154115411487 -27.0530926171452961
-41.1341134113411329 -16.0620539999664516
-41.1141114111411099 -40.6466606460143041
-41.0941094109410940 -28.3575456072119572
-41.0741074107410711 -19.3006235742978554
-41.0541054105410481 -27.3158187327087667
-41.0341034103410323 3.3115696951979494
-41.0141014101410093 -4.4816937181323837
-40.9940994099409934 -51.6168671187846257
-40.9740974097409705 -23.3852499213956193
-40.9540954095409546 13.4232269683363121
-40.9340934093409317 -23.3932754297282983
-40.9140914091409087 -41.9974757365727953
-40.8940894089408928 -52.8875041523221228
-40.8740874087408699 -46.4815188440641833
-40.8540854085408540 -32.9071108463882069
-40.8340834083408311 -16.1897857253884467
-40.8140814081408081 -31.8289235939381641
-40.7940794079407922 -28.4816312583715892
-40.7740774077407693 -7.9669990579404466
-40.7540754075407534 0.0748836387789780
-40.7340734073407305 -34.0969788612788491
-40.7140714071407146 -18.2513828313078292
-40.6940694069406916 3.2147135210203608
-40.6740674067406687 -22.3944322688588109
-40.6540654065406528 -62.2103255092754708
-40.6340634063406299 27.7233756042756241
-40.6140614061406140 -41.6780907394838565
-40.5940594059405910 -12.2314979644551887
-40.5740574057405681 -0.2417137363847814
-40.5540554055405522 -32.4273127954595566
-40.5340534053405293 -41.0974036606138355
-40.5140514051405134 -1.5231892706698460
-40.4940494049404904 -28.1829598718016818
-40.4740474047404746 -24.7172613870934583
-40.4540454045404516 -6.0387229987376934
-40.4340434043404287 -27.1142919961655871
-40.4140414041404128 -53.5585276526733480
-40.3940394039403898 -14.1612248439938071
-40.3740374037403740 -52.3710829584549202
-40.3540354035403510 -42.8393324103214610
-40.3340334033403281 -57.2671274114471842
-40.3140314031403122 -15.0987171806888938
-40.2940294029402892 -37.5927421531906774
-40.2740274027402734 -7.0947111879210105
-40.2540254025402504 -12.3480953231776081
-40.2340234023402346 -15.1871568997282420
-40.2140214021402116 -24.5000081608358222
-40.1940194019401886 -36.4551644252471689
-40.1740174017401728 13.1868778495019612
-40.1540154015401498 -9.3659226668832485
-40.1340134013401340 -17.2601395578808834
-40.1140114011401110 -9.2073166109199640
-40.0940094009400880 -62.6531775481749662
-40.0740074007400722 -39.8266166053491943
-40.0540054005400492 -14.6796080451457662
-40.0340034003400334 -16.5366226664146154
-40.0140014001400104 -8.3821258468587914
-39.9939993999399945 -7.6234309403687703
-39.9739973997399716 -44.4311174123015462
-39.9539953995399486 -47.5183470047816954
-39.9339933993399328 5.7633503447254988
-39.9139913991399098 -2.7876578852723171
-39.8939893989398939 -24.6470628192458676
-39.8739873987398710 -23.0245664900814972
-39.8539853985398480 -26.1216302342726081
-39.8339833983398321 -22.7429949798592439
-39.8139813981398092 21.4460603412917123
-39.7939793979397933 -7.4004219215374221
-39.7739773977397704 -33.9584328456895435
-39.7539753975397545 -15.5777048959566571
-39.7339733973397315 -10.1477744482702121
-39.7139713971397086 -30.6353358987634614
-39.6939693969396927 -16.5643585581028461
-39.6739673967396698 -25.7836583602732254
-39.6539653965396539 3.4848302826385726
-39.6339633963396309 -36.1328893425412261
-39.6139613961396080 -43.8748266105979710
-39.5939593959395921 -37.5481288573621796
-39.5739573957395692 -51.3964981711728512
-39.5539553955395533 -5.7385327115220583
-39.5339533953395303 -31.4327774955209520
-39.5139513951395145 -16.3077341042767578
-39.4939493949394915 -15.5446783377438571
-39.4739473947394686 -48.0591918350592593
-39.4539453945394527 -38.1403207924516323
-39.4339433943394297 -4.6283322930673272
-39.4139413941394139 -33.0609091889333442
-39.3939393939393909 -22.1878919406728059
-39.3739373937393680 2.0785533252463466
-39.3539353935393521 -39.2255202434723671
-39.3339333933393291 -7.0951250316105323
-39.3139313931393133 -26.9332665719378888
-39.2939293929392903 3.7548297957132313
-39.2739273927392745 6.8089241389644251
-39.2539253925392515 -36.6780057222104716
-39.2339233923392285 -16.5649833480398492
-39.2139213921392127 -0.3904615219504173
-39.1939193919391897 -37.9647767440241637
-39.1739173917391739 -23.5579212677088741
-39.1539153915391509 -18.5608468289723518
-39.1339133913391279 0.7766605012375791
-39.1139113911391121 -48.8580590688815519
-39.0939093909390891 -22.0282693378567309
-39.0739073907390733 -29.4627080301174580
-39.0539053905390503 -19.1213987422553799
-39.0339033903390344 -34.8080081466795761
-39.0139013901390115 -59.1323122843914888
-38.9938993899389885 4.2586797696896284
-38.9738973897389727 -48.5321118346493350
-38.9538953895389497 -37.5456840365920215
-38.9338933893389338 -32.8024904409424565
-38.9138913891389109 -2.0278300860007867
-38.8938893889388879 -0.0309885041942088
-38.8738873887388721 -1.2231787375847176
-38.8538853885388491 -0.7671591942149725
-38.8338833883388332 -8.0398888910612101
-38.8138813881388103 -43.8150862496406006
-38.7938793879387944 -30.7932892788354913
-38.7738773877387715 -17.5703775785086691
-38.7538753875387485 -21.7977832879532549
-38.7338733873387326 -17.9628431845790288
-38.7138713871387097 -23.1055106558618988
-38.6938693869386938 -21.1156831847838902
-38.6738673867386709 -8.7415740062199880
-38.6538653865386479 -39.5735879331401890
-38.6338633863386320 -21.2933672709217205
-38.6138613861386091 -33.7321570451262147
-38.5938593859385932 -37.6882035601986729
-38.5738573857385703 1.8980831535862670
-38.5538553855385544 -6.0149218364189672
-38.5338533853385314 -28.1292608499412751
-38.5138513851385085 -8.4493282268480439
-38.4938493849384926 -19.3852295645544856
-38.4738473847384697 -21.8486849726031096
-38.4538453845384538 -19.1037596663645814
-38.4338433843384308 -7.6408624311669939
-38.4138413841384079 0.5086818686226060
-38.3938393839383920 -37.1672509801444590
-38.3738373837383691 -31.4645595171751644
-38.3538353835383532 16.5115352867976668
-38.3338333833383302 -10.1376264040883957
-38.3138313831383073 -7.7649360126420213
-38.2938293829382914 -24.1277074210987799
-38.2738273827382685 -23.4961869108230879
-38.2538253825382526 -6.1384174900721291
-38.2338233823382296 -38.0923220413206636
-38.2138213821382138 -39.1917540425158037
-38.1938193819381908 -32.2511772575202755
-38.1738173817381679 -16.6401136720502691
-38.1538153815381520 -2.8636287355305576
-38.1338133813381290 -33.2574577802122064
-38.1138113811381132 -46.1863214035441771
-38.0938093809380902 -36.4032930779381516
-38.0738073807380673 -60.8202228887514522
-38.0538053805380514 -31.5579998881595500
-38.0338033803380284 -43.5326816862490773
-38.0138013801380126 -14.3904881774255884
-37.9937993799379896 -33.7684632057105887
-37.9737973797379738 -37.0661078111672211
-37.9537953795379508 -6.2447422246975108
-37.9337933793379278 -40.4780027962272655
-37.9137913791379120 -6.8723020811795976
-37.8937893789378890 22.1044465659844285
-37.8737873787378732 -16.6355974572798431
-37.8537853785378502 3.6573352769545728
-37.8337833783378272 -62.8743712038147535
-37.8137813781378114 -46.5379569883506790
-37.7937793779377884 -68.5639180693227104
-37.7737773777377726 -22.6107878851617983
-37.7537753775377496 -3.6326901162171339
-37.7337733773377337 -59.3518396532943981
-37.7137713771377108 -31.5038233421386877
-37.6937693769376878 -37.3699477222409939
-37.6737673767376720 -32.3751026997922082
-37.6537653765376490 -24.3587398665767090
-37.6337633763376331 -46.5081191725400203
-37.6137613761376102 3.1273095176634627
-37.5937593759375872 -20.0341984903342549
-37.5737573757375714 5.8184259466943615
-37.5537553755375484 -39.1531640479971657
-37.5337533753375325 -20.4218889163553605
-37.5137513751375096 -25.6344741379979268
-37.4937493749374937 -20.8563136486861325
-37.4737473747374708 -32.3049393803786771
-37.4537453745374478 -7.2198714512838222
-37.4337433743374319 -12.6513736906607495
-37.4137413741374090 -38.1216253233055156
-37.3937393739373931 -35.1698281443366838
-37.3737373737373701 3.0959816468585295
-37.3537353735373472 -28.8174709120964962
-37.3337333733373313 -21.4367353379178134
-37.3137313731373084 -25.1338609393211776
-37.2937293729372925 -25.2590330344154879
-37.2737273727372695 -19.9580517766012591
-37.2537253725372537 -75.2305846541018752
-37.2337233723372307 -29.9978097018549548
-37.2137213721372078 -31.1942439277741421
-37.1937193719371919 -23.7982670154767852
-37.1737173717371689 -24.7337717755594682
-37.1537153715371531 -14.0286172943218954
-37.1337133713371301 27.5639494443966555
-37.1137113711371072 -18.1727668757311598
-37.0937093709370913 -30.8036231586186702
-37.0737073707370683 -51.5257287092829728
-37.0537053705370525 -10.6362400201488505
-37.0337033703370295 -17.5979379977233030
-37.0137013701370137 -28.0573743244517999
-36.9936993699369907 -37.9704446314201007
-36.9736973697369677 -19.5207125842958753
-36.9536953695369519 -43.3831407784378627
-36.9336933693369289 -32.6232843850172145
-36.9136913691369131 -28.4107100358062965
-36.8936893689368901 -24.2237061393637134
-36.8736873687368671 -21.5421827495664644
-36.8536853685368513 -4.8861071798643074
-36.8336833683368283 5.6831845563009580
-36.8136813681368125 -31.1301796180108106
-36.7936793679367895 -17.1402257650585419
-36.7736773677367736 -10.9491381934426393
-36.7536753675367507 -41.4331843845121170
-36.7336733673367277 -30.8642784914854182
-36.7136713671367119 -46.7582117661818586
-36.6936693669366889 -15.3867539899140660
-36.6736673667366730 -51.4699523517153494
-36.6536653665366501 -5.3213376727343338
-36.6336633663366271 -10.0290632186782211
-36.6136613661366113 -9.8152860074286146
-36.5936593659365883 -9.2362547353905029
-36.5736573657365724 5.5828585435743392
-36.5536553655365495 -40.8322202541863390
-36.5336533653365336 -10.3684634518531578
-36.5136513651365107 -12.9830075555319855
-36.4936493649364877 -19.9210572132504140
-36.4736473647364718 -23.8533761050706836
-36.4536453645364489 -18.0674316584939376
-36.4336433643364330 -42.3880477258061390
-36.4136413641364101 -10.6552489297071489
-36.3936393639363871 -19.2752577843331245
-36.3736373637363712 -7.8080483301349020
-36.3536353635363483 -7.4893983707784137
-36.3336333633363324 -9.6198574047796885
-36.3136313631363095 -3.7393059256021566
-36.2936293629362936 1.5530581768739253
-36.2736273627362706 -22.1683385136503261
-36.2536253625362477 -67.8591994946805386
-36.2336233623362318 -14.7692589693790115
-36.2136213621362089 -8.5425802095562116
-36.1936193619361930 -26.2786979809838392
-36.1736173617361700 -1.6169839272437301
-36.1536153615361471 -13.7642731376653291
-36.1336133613361312 -20.8173519330700110
-36.1136113611361083 -24.6678704094686481
-36.0936093609360924 -39.0559018205929860
-36.0736073607360694 -50.1485431843151162
-36.0536053605360536 -65.0852723557339914
-36.0336033603360306 -21.5546117694232002
-36.0136013601360077 -42.5587922278263306
-35.9935993599359847 12.3623976692674873
-35.9735973597359759 -14.2426860367416985
-35.9535953595359530 -14.0754143945864527
-35.9335933593359300 -50.0995248625482787
-35.9135913591359071 -26.5949878923424983
-35.8935893589358841 -4.4596891126072471
-35.8735873587358753 -45.7960764355169943
-35.8535853585358524 -57.7348159892150576
-35.8335833583358294 -19.6422516904323246
-35.8135813581358065 -7.5094771073318842
-35.7935793579357835 -10.9758416215420560
-35.7735773577357747 12.5489238121535145
-35.7535753575357518 -17.2414653469466295
-35.7335733573357288 -7.1285520629495096
-35.7135713571357059 -19.3872813523033862
-35.6935693569356971 -35.5904400372086371
-35.6735673567356741 5.5410967753436360
-35.6535653565356512 -52.5103778074768002
-35.6335633563356282 -4.8220980380649507
-35.6135613561356053 -17.3157198529830083
-35.5935593559355965 -27.5545205975178007
-35.5735573557355735 -4.8686881138946099
-35.5535553555355506 -18.7037902829065175
-35.5335533553355276 -30.0519475029212657
-35.5135513551355047 -58.7246135266125364
-35.4935493549354959 -39.5483901603696779
-35.4735473547354729 -30.9748786941321974
-35.4535453545354500 -42.6534614824355387
-35.4335433543354270 -8.3263938248148985
-35.4135413541354040 -18.5039018619565745
-35.3935393539353953 -64.3873452130756903
-35.3735373537353723 -16.5447451298960146
-35.3535353535353494 -42.2117114646164140
-35.3335333533353264 -13.3964438824449914
-35.3135313531353034 -20.6474940791327626
-35.2935293529352947 -29.8947618467920044
-35.2735273527352717 -12.2390794487145254
-35.2535253525352488 -58.0727110253237129
-35.2335233523352258 -12.5155657313675803
-35.2135213521352171 -31.7344000224841238
-35.1935193519351941 -11.6374539201195688
-35.1735173517351711 -34.6204374706027806
-35.1535153515351482 -33.0716380095782654
-35.1335133513351252 -38.8502655257660479
-35.1135113511351165 -23.0680500421976227
-35.0935093509350935 -37.0465580632359277
-35.0735073507350705 -34.8252309372133269
-35.0535053505350476 10.1383178644986280
-35.0335033503350246 17.2039380976054623
-35.0135013501350159 -13.9881963628981936
-34.9934993499349929 -40.1904001727758740
-34.9734973497349699 -30.5771299991901948
-34.9534953495349470 -23.0095726473088220
-34.9334933493349240 -12.2419886322725251
-34.9134913491349153 -53.3913876092113071
-34.8934893489348923 -22.1218476943064815
-34.8734873487348693 -15.5398509274822381
-34.8534853485348464 -44.3354521750489283
-34.8334833483348234 -20.1006600994428339
-34.8134813481348147 -28.0288762407149505
-34.7934793479347917 -52.8342777704178275
-34.7734773477347687 -31.7436299363353172
-34.7534753475347458 -1.6000438386446518
-34.7334733473347370 0.2664445242053581
-34.7134713471347141 -45.4569499568541602
-34.6934693469346911 -33.9750101944016833
-34.6734673467346681 -36.1432153287251339
-34.6534653465346452 -47.9008484266330328
-34.6334633463346364 -39.0193262547212498
-34.6134613461346134 -15.9368485419012202
-34.5934593459345905 -12.3778061860220543
-34.5734573457345675 -9.5963072522463637
-34.5534553455345446 -30.8268117621507756
-34.5334533453345358 -38.5309844322115396
-34.5134513451345128 -10.3753830391113500
-34.4934493449344899 11.1125896424666877
-34.4734473447344669 -14.1571280180997583
-34.4534453445344440 -35.8868309185038612
-34.4334433443344352 -1.3246113677307534
-34.4134413441344122 -9.0926756902380923
-34.3934393439343893 -16.2769884492056036
-34.3734373437343663 -25.8095848749993912
-34.3534353435343434 -19.8329003815592522
-34.3334333433343346 -40.8642194972936963
-34.3134313431343116 -40.7540488815026194
-34.2934293429342887 -43.0901337622891276
-34.2734273427342657 -7.7643310125863199
-34.2534253425342570 -13.6990890321405914
-34.2334233423342340 -25.9990026465851045
-34.2134213421342110 -25.5176309633354670
-34.1934193419341881 -36.8992006554330061
-34.1734173417341651 -40.1339010309951050
-34.1534153415341564 -17.3414124668388503
-34.1334133413341334 -19.6466153047645378
-34.1134113411341104 -33.5472505374345360
-34.0934093409340875 -22.2336680584517374
-34.0734073407340645 24.2721048256112617
-34.0534053405340558 -25.7821297300101371
-34.0334033403340328 -21.1006276458393707
-34.0134013401340098 -39.3278206781363764
-33.9933993399339869 -15.8818684080141690
-33.9733973397339639 -18.9888294153914998
-33.9533953395339552 -33.0654638389788644
-33.9333933393339322 -14.6142438962645151
-33.9133913391339092 -11.6233545792270103
-33.8933893389338863 -10.0056860737916296
-33.8733873387338633 -11.8016303271555181
-33.8533853385338546 -16.5658905046581246
-33.8333833383338316 -26.4616655080467353
-33.8133813381338086 -18.6585146376030409
-33.7933793379337857 -13.5741864221002952
-33.7733773377337769 16.6701028585332089
-33.7533753375337540 -26.6044657007815886
-33.7333733373337310 5.0461571639544616
-33.7133713371337080 -21.7595284930883679
-33.6933693369336851 -15.4271034066135790
-33.6733673367336763 -32.1071869949583188
-33.6533653365336534 -8.1515385975461712
-33.6333633363336304 -24.6181850314768127
-33.6133613361336074 -35.1471609295852687
-33.5933593359335845 -27.1080982743771948
-33.5733573357335757 -26.9024113735530683
-33.5533553355335528 -21.5407071578137632
-33.5333533353335298 -10.2950533000975746
-33.5133513351335068 -15.6901022065524050
-33.4933493349334839 -32.9879470042658554
-33.4733473347334751 -19.3042651172879260
-33.4533453345334522 -3.8861287520640317
-33.4333433343334292 -29.2668566619664610
-33.4133413341334062 -2.8223320051660110
-33.3933393339333833 -8.7382312457500824
-33.3733373337333745 -30.9264324268603872
-33.3533353335333516 -9.1677155467798563
-33.3333333333333286 -27.5723978262972764
-33.3133313331333056 -42.4109483204236852
-33.2933293329332969 -41.5208338985728744
-33.2733273327332739 -28.8186698552133009
-33.2533253325332510 -35.3674210002784264
-33.2333233323332280 -19.2329874157988137
-33.2133213321332050 -36.8278039583045640
-33.1933193319331963 -1.8665653589451452
-33.1733173317331733 -20.1899832526100198
-33.1533153315331504 -8.7742755367836800
-33.1333133313331274 -38.3854043287856044
-33.1133113311331044 5.1249478538855016
-33.0933093309330957 -31.1343896417993093
-33.0733073307330727 -13.3474171244592661
-33.0533053305330498 -29.7274528069975617
-33.0333033303330268 7.0808210141772534
-33.0133013301330038 10.1590217854329552
-32.9932993299329951 -15.5380711955819830
-32.9732973297329721 1.9761081807281293
-32.9532953295329492 11.6990976319206155
-32.9332933293329262 -30.3590398444362606
-32.9132913291329032 -20.5821577775070317
-32.8932893289328945 -70.5349069497399483
-32.8732873287328715 -31.3826629600586351
-32.8532853285328486 -42.3305465665460048
-32.8332833283328256 -9.9031412697814787
-32.8132813281328168 9.5361641284113006
-32.7932793279327939 -19.8818374521790346
-32.7732773277327709 -17.0619915871756298
-32.7532753275327480 -17.8012625708045924
-32.7332733273327250 -21.7684718639246562
-32.7132713271327162 -22.0697227789533201
-32.6932693269326933 -34.1701562792571778
-32.6732673267326703 -39.6435172912847378
-32.6532653265326474 -40.2078704164529057
-32.6332633263326244 -37.7899320493442161
-32.6132613261326156 -38.3916053390102689
-32.5932593259325927 -13.6559066854091817
-32.5732573257325697 -21.4541707397830770
-32.5532553255325467 -39.2028236527145424
-32.5332533253325238 -21.9643228567810063
-32.5132513251325150 -38.2766794216392441
-32.4932493249324921 -15.1473071044108458
-32.4732473247324691 -13.8155247844554125
-32.4532453245324461 -38.8696347856648146
-32.4332433243324232 -34.7709017152519522
-32.4132413241324144 -13.5448836314425023
-32.3932393239323915 -18.7385565645779160
-32.3732373237323685 -52.1577269285044167
-32.3532353235323455 -18.0990118420094888
-32.3332333233323368 -15.4929984012429856
-32.3132313231323138 -45.8753178613466304
-32.2932293229322909 -31.8753632299439076
-32.2732273227322679 -39.2076140208627919
-32.2532253225322449 -40.4578518863604799
-32.2332233223322362 -3.3663669725068353
-32.2132213221322132 -14.4846460374365034
-32.1932193219321903 -1.0599928567310890
-32.1732173217321673 -9.8266743507100216
-32.1532153215321443 -14.7683704068010595
-32.1332133213321356 -19.2215051335827098
-32.1132113211321126 -33.4751323725643601
-32.0932093209320897 18.1777196611460745
-32.0732073207320667 -21.3800576365119284
-32.0532053205320437 -0.9513649809805713
-32.0332033203320350 -28.8864538416453058
-32.0132013201320120 -39.8446103399844702
-31.9931993199319891 -25.8145752259974799
-31.9731973197319661 22.9074594695777805
-31.9531953195319431 -15.3501158438038168
-31.9331933193319344 -41.6545700877641565
-31.9131913191319114 -13.2173265359917718
-31.8931893189318885 -7.2191796214041695
-31.8731873187318655 -37.1411529003290184
-31.8531853185318568 -24.4756520151493007
-31.8331833183318338 -30.8328298291185021
-31.8131813181318108 -18.0895546071530546
-31.7931793179317879 -38.7334276204255588
-31.7731773177317649 -1.2321714839321452
-31.7531753175317561 -36.6515657788027411
-31.7331733173317332 -10.8870617740563738
-31.7131713171317102 -34.9502433218857433
-31.6931693169316873 -39.6258890315620533
-31.6731673167316643 -27.1712643374541720
-31.6531653165316555 25.5450640583707056
-31.6331633163316326 -38.1805399369143998
-31.6131613161316096 -3.7853387630506106
-31.5931593159315867 -33.4020140593325152
-31.5731573157315637 -29.0782097048522914
-31.5531553155315549 -23.8405501998424647
-31.5331533153315320 -25.5275200671066536
-31.5131513151315090 4.9188908149822090
-31.4931493149314861 -35.8663628088315889
-31.4731473147314631 -41.8476626824672167
-31.4531453145314543 -27.1284336955982326
-31.4331433143314314 9.3088479963585122
-31.4131413141314084 -26.2633694386682848
-31.3931393139313855 -15.5244549296747252
-31.3731373137313767 19.4105484760851930
-31.3531353135313537 -20.8583432920415177
-31.3331333133313308 -20.9975442429696351
-31.3131313131313078 -17.0361724108933004
-31.2931293129312849 -38.5818549092010272
-31.2731273127312761 -82.0338206094640583
-31.2531253125312531 -42.7011881930455246
-31.2331233123312302 1.8100868023646584
-31.2131213121312072 -23.9927026665183440
-31.1931193119311843 1.6679796855939237
-31.1731173117311755 -63.8822846968464830
-31.1531153115311525 0.6805658422400676
-31.1331133113311296 0.2085413618364349
-31.1131113111311066 -48.6896183231819890
-31.0931093109310837 5.8689941311217169
-31.0731073107310749 -23.6445515260855075
-31.0531053105310519 -9.8913359690851088
-31.0331033103310290 -20.2636232132495238
-31.0131013101310060 7.8363347775959866
-30.9930993099309831 -41.1557562024746417
-30.9730973097309743 -43.2766407029547651
-30.9530953095309513 -10.5167445956575687
-30.9330933093309284 -17.1912282468047941
-30.9130913091309054 -36.4697710653133029
-30.8930893089308967 -28.1474853460662828
-30.8730873087308737 -12.9086542945988079
-30.8530853085308507 -10.6925468615375703
-30.8330833083308278 -41.5513907736666894
-30.8130813081308048 -3.7530639951949301
-30.7930793079307961 15.1588032620819746
-30.7730773077307731 -17.6455149418272441
-30.7530753075307501 -8.3880982955051220
-30.7330733073307272 -21.7535641007388989
-30.7130713071307042 -26.9959658508328744
-30.6930693069306955 -37.1994763104734361
-30.6730673067306725 -15.6527159742937982
-30.6530653065306495 -10.3468091944310032
-30.6330633063306266 -11.7439932565063323
-30.6130613061306036 2.8712281854479613
-30.5930593059305949 -30.7168545279902254
-30.5730573057305719 -26.4978962828888633
-30.5530553055305489 -28.3186612809725737
-30.5330533053305260 -50.0911480268940679
-30.5130513051305030 -26.6502563849522325
-30.4930493049304943 -28.0755492138342646
-30.4730473047304713 -24.4108214097761262
-30.4530453045304483 -51.7588861936362505
-30.4330433043304254 -0.0923919865208660
-30.4130413041304166 -18.1344695126999511
-30.3930393039303937 -20.7760881821851200
-30.3730373037303707 -57.1437729444671447
-30.3530353035303477 -2.8139444916302168
-30.3330333033303248 -26.1997779107676934
-30.3130313031303160 -28.0953216541322810
-30.2930293029302931 -14.1393819228553195
-30.2730273027302701 13.3095585300295340
-30.2530253025302471 -16.0314773781159694
-30.2330233023302242 -41.3737346485581696
-30.2130213021302154 -52.4830975814587219
-30.1930193019301925 -25.8678753413941962
-30.1730173017301695 -22.2155935050029214
-30.1530153015301465 -28.7159422048828219
-30.1330133013301236 -21.0471266630258782
-30.1130113011301148 -10.8548669379137657
-30.0930093009300919 11.0822232955388245
-30.0730073007300689 -18.4257530584506632
-30.0530053005300459 -28.1947875866529074
-30.0330033003300230 -14.1157311196816746
-30.0130013001300142 -7.4936232742124016
-29.9929992999299913 -12.4280629937736684
-29.9729972997299683 14.9175531100354135
-29.9529952995299453 -12.5423449931603557
-29.9329932993299366 -0.4853386420852353
-29.9129912991299136 4.5797508496621369
-29.8929892989298907 5.4296581775161634
-29.8729872987298677 -27.3026126128721849
-29.8529852985298447 -35.8291805921765913
-29.8329832983298360 19.8099776725855747
-29.8129812981298130 -25.7359990329271824
-29.7929792979297901 26.1217921932147910
-29.7729772977297671 -51.8554697071265736
-29.7529752975297441 -23.4671947589017691
-29.7329732973297354 15.6056999983989080
-29.7129712971297124 -18.7894380490946524
-29.6929692969296894 -37.9429048609155473
-29.6729672967296665 -27.8021842690549406
-29.6529652965296435 -35.2598165817714175
-29.6329632963296348 -14.2608948906743542
-29.6129612961296118 15.6605419006318627
-29.5929592959295888 -13.2201057568038856
-29.5729572957295659 14.1921603886095653
-29.5529552955295429 -34.4663618548584907
-29.5329532953295342 -32.9949312003790283
-29.5129512951295112 5.5421929368352174
-29.4929492949294882 -14.6479283389117452
-29.4729472947294653 -17.7831021075068172
-29.4529452945294565 20.1233964086743278
-29.4329432943294336 24.8218233462983413
-29.4129412941294106 -21.5488708791459231
-29.3929392939293876 -41.8573092120107688
-29.3729372937293647 16.1147076509176053
-29.3529352935293559 -4.5726292557960146
-29.3329332933293330 -35.3233684520464806
-29.3129312931293100 -16.4527402464767647
-29.2929292929292870 -10.1011155333855527
-29.2729272927292641 -10.1668906401986003
-29.2529252925292553 -49.7479293367898734
-29.2329232923292324 -39.6457189114224917
-29.2129212921292094 -29.9243487307222296
-29.1929192919291864 -33.1088976167936195
-29.1729172917291635 -1.5755016671661970
-29.1529152915291547 -7.3776704796443440
-29.1329132913291318 45.0050596959161027
-29.1129112911291088 -17.8173473973108578
-29.0929092909290858 2.3082961488891343
-29.0729072907290629 -1.9983302309679374
-29.0529052905290541 -6.2004448144923252
-29.0329032903290312 -6.2966469043059803
-29.0129012901290082 31.2603359891345747
-28.9928992899289852 -30.1161033548011048
-28.9728972897289765 -15.5524595197423761
-28.9528952895289535 -16.0317834075227275
-28.9328932893289306 -10.0468724725222316
-28.9128912891289076 -16.9809305575819351
-28.8928892889288846 1.5147297347130078
-28.8728872887288759 -14.6873487911974792
-28.8528852885288529 -6.6063892690532846
-28.8328832883288300 -19.2595607731810716
-28.8128812881288070 -19.1537302281180679
-28.7928792879287840 -2.3043975400550334
-28.7728772877287753 -7.6822556845515555
-28.7528752875287523 -50.1522705623989822
-28.7328732873287294 -13.0326052311910523
-28.7128712871287064 4.1133167761623142
-28.6928692869286834 -24.8159780059908286
-28.6728672867286747 7.8488687347601491
-28.6528652865286517 -31.1563185269310807
-28.6328632863286288 -20.7181005478875200
-28.6128612861286058 -7.1735768645818867
-28.5928592859285828 -16.9772948684954521
-28.5728572857285741 18.7690462546551053
-28.5528552855285511 28.2710743626996859
-28.5328532853285282 -14.5726328030308654
-28.5128512851285052 -26.7161764780015503
-28.4928492849284964 15.0262949317450740
-28.4728472847284735 -5.1650631431050478
-28.4528452845284505 11.0664493340873911
-28.4328432843284276 -22.1321681920126423
-28.4128412841284046 -31.4148510221754655
-28.3928392839283958 -13.4499595941416370
-28.3728372837283729 -11.0576296705895363
-28.3528352835283499 -18.1505421185896729
-28.3328332833283270 27.3375663356202878
-28.3128312831283040 -2.6760707196465194
-28.2928292829282952 -18.8835865474876528
-28.2728272827282723 -23.8876235691092944
-28.2528252825282493 -17.8991364391025236
-28.2328232823282264 -18.6386227422596207
-28.2128212821282034 -32.9386145614414616
-28.1928192819281946 -12.5948140627109755
-28.1728172817281717 16.2786646289834529
-28.1528152815281487 -5.7939668198988397
-28.1328132813281258 29.6866702773007489
-28.1128112811281028 5.1081398894555683
-28.0928092809280940 -25.2974260349451399
-28.0728072807280711 -6.0666330559545161
-28.0528052805280481 -6.2804585236318502
-28.0328032803280252 -28.5477518657131526
-28.0128012801280022 -5.1287784932145417
-27.9927992799279934 19.8722029850621809
-27.9727972797279705 -22.3267966159595979
-27.9527952795279475 -0.0957438072884571
-27.9327932793279246 7.6794751219907109
-27.9127912791279158 -8.9341378301145049
-27.8927892789278928 -20.4217216958654717
-27.8727872787278699 13.3245725572884286
-27.8527852785278469 -5.8784507275454319
-27.8327832783278240 -14.5336128227423185
-27.8127812781278152 -24.7640964859872952
-27.7927792779277922 16.3744512107895304
-27.7727772777277693 -32.9544173093533459
-27.7527752775277463 -35.3265889651306466
-27.7327732773277233 -32.7984644671211782
-27.7127712771277146 4.0200245986406991
-27.6927692769276916 -28.4526710061541337
-27.6727672767276687 -24.7636841358445707
-27.6527652765276457 -10.2570903529008639
-27.6327632763276227 -9.2348769054056774
-27.6127612761276140 -37.9064852344006056
-27.5927592759275910 -14.4541020027138849
-27.5727572757275681 -7.0277418658722821
-27.5527552755275451 -20.4497964779647177
-27.5327532753275221 -6.9550232836443984
-27.5127512751275134 -8.7307836190608228
-27.4927492749274904 -7.6820315976606262
-27.4727472747274675 -7.1201801797130226
-27.4527452745274445 -2.3924330222504135
-27.4327432743274358 32.6796724854897249
-27.4127412741274128 -9.3409740425063319
-27.3927392739273898 8.6505946908115234
-27.3727372737273669 -33.5184810958105643
-27.3527352735273439 4.3043034776108886
-27.3327332733273352 -8.5858226186302584
-27.3127312731273122 -28.9829218754090121
-27.2927292729272892 -30.6866381325946627
-27.2727272727272663 21.1732809765116308
-27.2527252725272433 -66.5113132808976673
-27.2327232723272346 -41.2123082105461336
-27.2127212721272116 -12.7698828277543193
-27.1927192719271886 -14.9969799185764536
-27.1727172717271657 18.1136824049948473
-27.1527152715271427 -16.0657088215440425
-27.1327132713271340 -9.9895669947218924
-27.1127112711271110 -25.2480331545592449
-27.0927092709270880 -2.1694135097393694
-27.0727072707270651 -12.1408800521433022
-27.0527052705270421 -19.8448651163457512
-27.0327032703270334 -15.3754795752340208
-27.0127012701270104 -22.6127251544224137
-26.9926992699269874 -37.1981655516332239
-26.9726972697269645 -52.1267130191803574
-26.9526952695269557 -42.2400694604045839
-26.9326932693269328 8.4876261223966623
-26.9126912691269098 -18.0770969834815105
-26.8926892689268868 -16.7059596022294343
-26.8726872687268639 -27.9614778447294867
-26.8526852685268551 -19.2267401876824167
-26.8326832683268321 -47.8649844234196493
-26.8126812681268092 -23.6160036760072067
-26.7926792679267862 -15.7338657294727895
-26.7726772677267633 -12.0331822473978711
-26.7526752675267545 -14.2881650914046361
-26.7326732673267315 -8.3216609992959256
-26.7126712671267086 -36.9808852984026259
-26.6926692669266856 -35.0329011877590304
-26.6726672667266627 -4.4437183027097653
-26.6526652665266539 8.9372359167156681
-26.6326632663266309 -34.8443904058870615
-26.6126612661266080 0.8143979482474624
-26.5926592659265850 -30.5864472590785894
-26.5726572657265621 3.6571715524939350
-26.5526552655265533 16.8440219830640316
-26.5326532653265303 -39.3047478264687840
-26.5126512651265074 -38.3742491865265762
-26.4926492649264844 14.9223802731272421
-26.4726472647264757 -5.2039393901216977
-26.4526452645264527 -19.8249658443507855
-26.4326432643264297 -56.0214855915085153
-26.4126412641264068 -28.4586779415801523
-26.3926392639263838 9.9473634444063936
-26.3726372637263751 -12.2202571810577894
-26.3526352635263521 2.9485762251447181
-26.3326332633263291 12.0105970964589464
-26.3126312631263062 36.1437210871986068
-26.2926292629262832 -19.5341676038114294
-26.2726272627262745 0.6315497614669923
-26.2526252625262515 1.6713248511616747
-26.2326232623262285 -52.9999301717747926
-26.2126212621262056 -11.9576555967041784
-26.1926192619261826 12.2968998340096825
-26.1726172617261739 -59.9039655740720036
-26.1526152615261509 -28.0190999877386986
-26.1326132613261279 -32.6665693284624155
-26.1126112611261050 -5.6309212052394724
-26.0926092609260820 -21.4607983528366582
-26.0726072607260733 10.9079916460590454
-26.0526052605260503 -37.7212868399989745
-26.0326032603260273 -29.3307253954660112
-26.0126012601260044 11.2602109179667469
-25.9925992599259956 -32.3864876519725655
-25.9725972597259727 18.0140736612859307
-25.9525952595259497 -7.6112298487764463
-25.9325932593259267 -6.4441218727382426
-25.9125912591259038 -31.5224051174494022
-25.8925892589258950 -58.2665524252476246
-25.8725872587258721 29.6266934331581808
-25.8525852585258491 -4.9984732948772139
-25.8325832583258261 -38.5937530292563267
-25.8125812581258032 -5.2302255364660182
-25.7925792579257944 -45.5512067933508149
-25.7725772577257715 -11.8586466500030276
-25.7525752575257485 -23.8262090324264548
-25.7325732573257255 9.0607484305273651
-25.7125712571257026 -44.1336886411676161
-25.6925692569256938 -14.9718266039958099
-25.6725672567256709 1.4713209244995671
-25.6525652565256479 -24.4517369092600703
-25.6325632563256249 6.0848079453816855
-25.6125612561256020 -2.0955598746444482
-25.5925592559255932 39.1298215053566665
-25.5725572557255703 -37.9624467833242321
-25.5525552555255473 -35.6406983261321884
-25.5325532553255243 -21.1177075125301918
-25.5125512551255156 -12.2028400860986785
-25.4925492549254926 -2.4343775557212624
-25.4725472547254697 -14.5570968740922879
-25.4525452545254467 -12.9941841636430286
-25.4325432543254237 -11.8121883748570298
-25.4125412541254150 -5.5690176924132295
-25.3925392539253920 -5.0261278014926649
-25.3725372537253691 -18.8256728989064399
-25.3525352535253461 -10.0697413470490105
-25.3325332533253231 -4.9910360860028629
-25.3125312531253144 13.7831618457984550
-25.2925292529252914 -33.5577043236572194
-25.2725272527252685 28.9803894655969927
-25.2525252525252455 5.3583297937147432
-25.2325232523252225 -6.7294418160027911
-25.2125212521252138 -41.1909049008889738
-25.1925192519251908 -1.9123665197752562
-25.1725172517251679 0.0815309814307259
-25.1525152515251449 -3.6367576256025806
-25.1325132513251219 -34.1257057878981271
-25.1125112511251132 -18.6792254010078445
-25.0925092509250902 -20.5397872665588537
-25.0725072507250673 9.1114560661186008
-25.0525052505250443 24.9937037217998359
-25.0325032503250355 -10.8577966700536290
-25.0125012501250126 20.6553632841307611
-24.9924992499249896 0.8217244766721983
-24.9724972497249667 7.8295746583990731
-24.9524952495249437 -31.0662185042213537
-24.9324932493249349 27.0630957594630317
-24.9124912491249120 10.0395807190827391
-24.8924892489248890 34.7566641523995585
-24.8724872487248660 -9.2570151515936256
-24.8524852485248431 1.0172603630124541
-24.8324832483248343 -23.7384016245084375
-24.8124812481248114 35.5700530474993997
-24.7924792479247884 -33.0704802552757542
-24.7724772477247654 -44.2900640155310015
-24.7524752475247425 19.5545212273611497
-24.7324732473247337 21.0143395240547193
-24.7124712471247108 2.1481254621236285
-24.6924692469246878 -2.4174680919211964
-24.6724672467246648 27.1665133728059800
-24.6524652465246419 -8.5281332823142773
-24.6324632463246331 -42.3439981662878893
-24.6124612461246102 29.2224941213171192
-24.5924592459245872 6.8454316606683889
-24.5724572457245642 -27.9736818154922418
-24.5524552455245555 -1.8113964405932057
-24.5324532453245325 2.5497388022276146
-24.5124512451245096 -49.9950832209849736
-24.4924492449244866 24.3686477942205357
-24.4724472447244636 -32.7241651271573986
-24.4524452445244549 10.2280315173602752
-24.4324432443244319 -7.5053268385510137
-24.4124412441244090 -9.1424908885257032
-24.3924392439243860 -0.5905244684625179
-24.3724372437243630 -15.5848907059121888
-24.3524352435243543 31.0041074844074949
-24.3324332433243313 -21.9376006541461557
-24.3124312431243084 8.8413074088297456
-24.2924292429242854 -27.0095506711553739
-24.2724272427242624 -4.4640687744067105
-24.2524252425242537 -38.6896978460270233
-24.2324232423242307 -10.2472108832792212
-24.2124212421242078 -26.7268685739108278
-24.1924192419241848 -20.7944574942764291
-24.1724172417241618 -28.0137531970102707
-24.1524152415241531 5.3681179817516540
-24.1324132413241301 -37.9085401885379127
-24.1124112411241072 10.7858020107383155
-24.0924092409240842 21.1345529035193778
-24.0724072407240755 5.8082449087359178
-24.0524052405240525 -11.6765326881697540
-24.0324032403240295 -23.3458893174469324
-24.0124012401240066 -5.7512242631151560
-23.9923992399239836 -58.5638692456878971
-23.9723972397239748 9.9266455279503525
-23.9523952395239519 -16.4228047538076858
-23.9323932393239289 -42.5742092054134318
-23.9123912391239060 -34.0607490070424319
-23.8923892389238830 38.3297410800088869
-23.8723872387238742 -28.9155608257276562
-23.8523852385238513 -2.4823766761593786
-23.8323832383238283 -2.8469681250772281
-23.8123812381238054 18.5044371404143213
-23.7923792379237824 -16.9077461697706539
-23.7723772377237736 -26.2972885105441350
-23.7523752375237507 6.5887985613252731
-23.7323732373237277 -19.0720236314082001
-23.7123712371237048 3.1915861348341235
-23.6923692369236818 -18.1793911684636775
-23.6723672367236730 -32.0079096750762702
-23.6523652365236501 6.3502719172901338
-23.6323632363236271 -7.4760621081923180
-23.6123612361236042 5.4995351674902020
-23.5923592359235954 40.0093614248226430
-23.5723572357235724 -4.8230268978527464
-23.5523552355235495 1.7761430474256130
-23.5323532353235265 4.3425539394431611
-23.5123512351235036 -38.5963579862271615
-23.4923492349234948 16.4897893779275044
-23.4723472347234718 8.4613630941137306
-23.4523452345234489 -12.9157127501459819
-23.4323432343234259 15.8131144459419026
-23.4123412341234030 4.7466537802693587
-23.3923392339233942 18.5845509392057728
-23.3723372337233712 10.8767654921732451
-23.3523352335233483 -17.5020533234038211
-23.3323332333233253 -2.9032238456250337
-23.3123312331233024 11.0483957039974285
-23.2923292329232936 17.4394597802426610
-23.2723272327232706 0.6187366860256360
-23.2523252325232477 -24.3840336048069801
-23.2323232323232247 17.9453064775725650
-23.2123212321232018 -7.7151938432275298
-23.1923192319231930 -41.2387316690085584
-23.1723172317231700 -0.3120064247545749
-23.1523152315231471 -27.8593057016295162
-23.1323132313231241 -28.5919059296325138
-23.1123112311231154 -0.6544823788586007
-23.0923092309230924 32.1147088615335434
-23.0723072307230694 -28.8562970973193309
-23.0523052305230465 4.3732900647829869
-23.0323032303230235 -47.5173373637448861
-23.0123012301230148 -32.0306618718714731
-22.9922992299229918 -28.1948480677974800
-22.9722972297229688 -15.2042542230630566
-22.9522952295229459 -31.4666610639779378
-22.9322932293229229 1.8313024283682497
-22.9122912291229142 -21.7016739207987293
-22.8922892289228912 -20.5157736344276849
-22.8722872287228682 -0.6655637264703742
-22.8522852285228453 4.9664372452143981
-22.8322832283228223 -25.0136411316526512
-22.8122812281228136 15.1940665589519348
-22.7922792279227906 9.3876836483281174
-22.7722772277227676 -4.0597904286565534
-22.7522752275227447 31.7456256086837243
-22.7322732273227217 10.4810200162850915
-22.7122712271227130 -1.0553741946915531
-22.6922692269226900 9.9420571824865895
-22.6722672267226670 5.7569790168450989
-22.6522652265226441 9.1275670704783103
-22.6322632263226353 -34.6209362900041455
-22.6122612261226124 -28.0914029392781188
-22.5922592259225894 38.6718060972460336
-22.5722572257225664 12.1473209844507295
-22.5522552255225435 -4.5119701754132899
-22.5322532253225347 -6.4990399077432510
-22.5122512251225118 -8.8621828041234920
-22.4922492249224888 -2.1910271872734826
-22.4722472247224658 -31.8421584361548895
-22.4522452245224429 -2.2537348502979571
-22.4322432243224341 -0.9542919298552619
-22.4122412241224112 10.4458353284950629
-22.3922392239223882 21.8962496993228406
-22.3722372237223652 18.6806179706328948
-22.3522352235223423 -7.0188322148762312
-22.3322332233223335 36.6559694253517776
-22.3122312231223106 -23.0295156643028207
-22.2922292229222876 -20.8517264532643978
-22.2722272227222646 1.9610472142437470
-22.2522252225222417 6.1208003957241877
-22.2322232223222329 -11.6843834651921146
-22.2122212221222100 0.0848801127421728
-22.1922192219221870 27.0453804221287157
-22.1722172217221640 18.7124029061760844
-22.1522152215221553 -3.2575136135628013
-22.1322132213221323 -0.9701481005562025
-22.1122112211221094 8.9695109732690916
-22.0922092209220864 -28.3154851455718770
-22.0722072207220634 1.9107263257132880
-22.0522052205220547 -11.9414665354883471
-22.0322032203220317 0.9300887052641393
-22.0122012201220087 33.1960729904834935
-21.9921992199219858 -11.4382939283333869
-21.9721972197219628 -0.6086895857717949
-21.9521952195219541 -0.3864113156346759
-21.9321932193219311 -18.7111871267644041
-21.9121912191219081 5.2628331169201239
-21.8921892189218852 -16.2339484776360088
-21.8721872187218622 19.0868413413368252
-21.8521852185218535 -0.9731324304238289
-21.8321832183218305 44.5266493390785243
-21.8121812181218075 13.7790067557007383
-21.7921792179217846 27.1748535852102684
-21.7721772177217616 22.1451708012021840
-21.7521752175217529 -19.2291591659324084
-21.7321732173217299 -41.8325530547005755
-21.7121712171217069 7.3861775767231830
-21.6921692169216840 -4.5618480474575831
-21.6721672167216752 10.1576437079466579
-21.6521652165216523 6.3205299584175929
-21.6321632163216293 -28.5055137156421594
-21.6121612161216063 -0.7436746138433786
-21.5921592159215834 6.3684509214341851
-21.5721572157215746 4.9356646169224003
-21.5521552155215517 18.8734713358905992
-21.5321532153215287 -4.1334928210425090
-21.5121512151215057 38.1798932228728205
-21.4921492149214828 -2.0404542265235595
-21.4721472147214740 -3.2301600854287660
-21.4521452145214511 -8.0794210593334483
-21.4321432143214281 -15.0969138071088906
-21.4121412141214051 -18.5223088426414400
-21.3921392139213822 27.2341019373261837
-21.3721372137213734 10.7878370133805870
-21.3521352135213505 1.7122869093885058
-21.3321332133213275 -19.8665853081515564
-21.3121312131213045 16.0278670287815501
-21.2921292129212816 37.9111193801286745
-21.2721272127212728 3.6705179464032938
-21.2521252125212499 6.3564077571076822
-21.2321232123212269 -1.0031858526394575
-21.2121212121212039 -3.3275953277246453
-21.1921192119211952 -14.0186459625682041
-21.1721172117211722 38.7862112227926872
-21.1521152115211493 5.8373007940305142
-21.1321132113211263 -13.6900051098661351
-21.1121112111211033 -0.2729952855553168
-21.0921092109210946 10.1169587761335702
-21.0721072107210716 1.0713234879252744
-21.0521052105210487 -6.4578341468297715
-21.0321032103210257 14.8556904311864049
-21.0121012101210027 7.4587621039453342
-20.9920992099209940 2.8163799442181534
-20.9720972097209710 8.0981384036779964
-20.9520952095209481 23.9001609426797330
-20.9320932093209251 17.1059852107964154
-20.9120912091209021 16.3277764021049236
-20.8920892089208934 17.8098479202509488
-20.8720872087208704 -13.0362817345801076
-20.8520852085208475 -6.0638826502966614
-20.8320832083208245 0.2898125599921129
-20.8120812081208015 -25.0040733219393765
-20.7920792079207928 -9.4979142323840247
-20.7720772077207698 -17.7967199122122217
-20.7520752075207469 -11.0200332871625299
-20.7320732073207239 -15.9233125290761866
-20.7120712071207151 -11.2737620565196490
-20.6920692069206922 9.2231122434000845
-20.6720672067206692 10.3670815096435867
-20.6520652065206463 -5.7706018866858724
-20.6320632063206233 -32.0098347153421727
-20.6120612061206145 4.8523152474505533
-20.5920592059205916 -7.6291175205549919
-20.5720572057205686 -10.6793583233040401
-20.5520552055205457 15.4866095179676790
-20.5320532053205227 -20.1115527900907658
-20.5120512051205139 -24.6437406463092614
-20.4920492049204910 -11.5798270056020751
-20.4720472047204680 -0.6093617739105972
-20.4520452045204451 6.5121893531503030
-20.4320432043204221 10.3625924691524141
-20.4120412041204133 36.3681936833441455
-20.3920392039203904 -15.1658459049845398
-20.3720372037203674 2.2586222245442866
-20.3520352035203445 19.8519868048741372
-20.3320332033203215 -11.3050220660927963
-20.3120312031203127 -0.7058116144073621
-20.2920292029202898 -16.2980280282491066
-20.2720272027202668 -15.5069620272372966
-20.2520252025202439 6.4954050881820677
-20.2320232023202351 14.6551504596969302
-20.2120212021202121 28.6948634781132235
-20.1920192019201892 18.3770464010642378
-20.1720172017201662 -9.3678347937353230
-20.1520152015201433 -28.8033827152723987
-20.1320132013201345 -20.9040551794986342
-20.1120112011201115 5.1699245097817439
-20.0920092009200886 3.9965419166269287
-20.0720072007200656 -19.8060206445905749
-20.0520052005200426 25.8608802581818402
-20.0320032003200339 -5.9394526853881811
-20.0120012001200109 20.5317941250252396
-19.9919991999199880 -4.5250537816712164
-19.9719971997199650 0.2546605142880534
-19.9519951995199420 -1.4401393198079142
-19.9319931993199333 2.6829254207422766
-19.9119911991199103 -11.2887234318468934
-19.8919891989198874 17.1771352215960462
-19.8719871987198644 -23.2906983034210455
-19.8519851985198414 40.9946539967756891
-19.8319831983198327 40.2110388158403183
-19.8119811981198097 -5.2987351191848679
-19.7919791979197868 27.0673145064028979
-19.7719771977197638 39.0667748913207618
-19.7519751975197551 15.5564179391458097
-19.7319731973197321 -2.2450708464551727
-19.7119711971197091 32.4620309520907639
-19.6919691969196862 0.2825735909756073
-19.6719671967196632 12.5771263304966965
-19.6519651965196545 2.8505509209040869
-19.6319631963196315 17.9823694353954515
-19.6119611961196085 -14.2432382267046229
-19.5919591959195856 -24.7935701603680414
-19.5719571957195626 17.5294374599651448
-19.5519551955195539 0.6417452468377460
-19.5319531953195309 -6.6060947935082552
-19.5119511951195079 23.0074891820921223
-19.4919491949194850 -14.9759404784608279
-19.4719471947194620 15.2231095839864743
-19.4519451945194533 16.6056021415420965
-19.4319431943194303 8.3584043520951745
-19.4119411941194073 34.5225937365629605
-19.3919391939193844 17.6336664293439114
-19.3719371937193614 11.3958586764288885
-19.3519351935193527 -1.5574742175240166
-19.3319331933193297 31.0895136789770845
-19.3119311931193067 23.6854374686725784
-19.2919291929192838 33.7542021117401134
-19.2719271927192750 33.3331794794194138
-19.2519251925192521 9.9043707000764520
-19.2319231923192291 -0.2558913880938203
-19.2119211921192061 4.4052853162794072
-19.1919191919191832 -12.3458763600810322
-19.1719171917191744 17.0487002064558695
-19.1519151915191514 -55.9973886292534786
-19.1319131913191285 11.7542600090791236
-19.1119111911191055 -4.3425483712373891
-19.0919091909190826 10.9586127843891532
-19.0719071907190738 5.9793134091720566
-19.0519051905190508 3.5586708497101260
-19.0319031903190279 41.2701427836198391
-19.0119011901190049 -14.0102542590507610
-18.9918991899189820 -39.7127347230506089
-18.9718971897189732 35.1555554321659827
-18.9518951895189502 -3.0797245316937918
-18.9318931893189273 -32.3990710087965823
-18.9118911891189043 8.3857742796674106
-18.8918891889188814 17.0773800985572066
-18.8718871887188726 -6.7649507796860195
-18.8518851885188496 -8.4262393150399344
-18.8318831883188267 12.9439233628987314
-18.8118811881188037 -11.5605733690919692
-18.7918791879187950 -9.5150414108483794
-18.7718771877187720 -2.6703593225504196
-18.7518751875187490 -3.2833407830600700
-18.7318731873187261 6.1358397746343281
-18.7118711871187031 6.3211879481198991
-18.6918691869186944 6.0640489701857696
-18.6718671867186714 37.5383021413369775
-18.6518651865186484 -6.0364376658523637
-18.6318631863186255 -9.3693910658365063
-18.6118611861186025 -8.2429326412957629
-18.5918591859185938 0.6786033753467970
-18.5718571857185708 11.7681220044032671
-18.5518551855185478 25.7390961259115763
-18.5318531853185249 14.0799150241837978
-18.5118511851185019 -0.9928862515524424
-18.4918491849184932 -13.1591032942957575
-18.4718471847184702 6.3492224937399513
-18.4518451845184472 24.5034813552074340
-18.4318431843184243 16.4049923607100112
-18.4118411841184013 1.8337286825673891
-18.3918391839183926 17.3495564178112076
-18.3718371837183696 26.9561844626847318
-18.3518351835183466 6.1681246934111895
-18.3318331833183237 -7.3699313311633041
-18.3118311831183149 -8.3621055799588575
-18.2918291829182920 32.9648400311004650
-18.2718271827182690 7.9999936025044045
-18.2518251825182460 -21.8372285510074668
-18.2318231823182231 2.4115730416560117
-18.2118211821182143 7.1382060069582423
-18.1918191819181914 19.0081419477721596
-18.1718171817181684 16.4824960872333115
-18.1518151815181454 -2.0353680916801125
-18.1318131813181225 28.3024932272130556
-18.1118111811181137 -11.0481548066347823
-18.0918091809180908 41.8860468993446275
-18.0718071807180678 48.9516204045077785
-18.0518051805180448 -9.7495461202563334
-18.0318031803180219 1.5440863533553957
-18.0118011801180131 14.2307868533203816
-17.9917991799179902 25.7155871549162001
-17.9717971797179672 -15.5109282289798429
-17.9517951795179442 -9.3937036280164747
-17.9317931793179213 23.4415282510815430
-17.9117911791179125 -2.0802537484606702
-17.8917891789178896 20.6492884923368401
-17.8717871787178666 17.5108242461853827
-17.8517851785178436 23.4531746719621026
-17.8317831783178207 -0.2285792278332135
-17.8117811781178119 15.3397595894242365
-17.7917791779177890 13.1094468322867392
-17.7717771777177660 7.3481454307434602
-17.7517751775177430 3.7790189740299942
-17.7317731773177343 25.7929158663346456
-17.7117711771177113 14.2562635395144710
-17.6917691769176884 8.5718479997200134
-17.6717671767176654 24.4920984525887881
-17.6517651765176424 12.5613205981629772
-17.6317631763176337 4.4607002839405032
-17.6117611761176107 10.1511772285769073
-17.5917591759175878 20.6883505670082108
-17.5717571757175648 -4.8641241922962593
-17.5517551755175418 14.0620882803723859
-17.5317531753175331 16.5696373489433455
-17.5117511751175101 -16.6803626473694457
-17.4917491749174872 40.9988814402255457
-17.4717471747174642 -8.2158625508656495
-17.4517451745174412 -7.7943082373021131
-17.4317431743174325 -14.6281884842652410
-17.4117411741174095 19.4672254436631924
-17.3917391739173866 -0.5579826938059984
-17.3717371737173636 -18.4682960767764826
-17.3517351735173406 -28.5366337222041793
-17.3317331733173319 26.6157458990619702
-17.3117311731173089 11.2374907371607797
-17.2917291729172860 -6.5954750261508863
-17.2717271727172630 -2.8319058884955588
-17.2517251725172542 -14.8140481925127006
-17.2317231723172313 4.7491236648305231
-17.2117211721172083 -5.1595481476526164
-17.1917191719171853 24.0732169229423789
-17.1717171717171624 43.7813536025552850
-17.1517151715171536 17.0286180943232139
-17.1317131713171307 16.5437980571712906
-17.1117111711171077 -18.6967213363026197
-17.0917091709170847 26.9648903989513684
-17.0717071707170618 19.9896408594804740
-17.0517051705170530 7.2310027018198246
-17.0317031703170301 35.3216550642727256
-17.0117011701170071 -22.1603144364917952
-16.9916991699169841 7.3680450922308802
-16.9716971697169612 -15.5422746224281774
-16.9516951695169524 5.3974731732176195
-16.9316931693169295 31.2346789843507331
-16.9116911691169065 47.0488770530344453
-16.8916891689168835 -18.7427572080574052
-16.8716871687168606 22.0412407821326184
-16.8516851685168518 25.6837794770141699
-16.8316831683168289 38.2136814507844917
-16.8116811681168059 4.9752543005308336
-16.7916791679167829 0.5723308414620760
-16.7716771677167742 30.3139922099729375
-16.7516751675167512 50.1833682248555419
-16.7316731673167283 26.8271324365329491
-16.7116711671167053 -22.9225956728015170
-16.6916691669166823 25.8631551171958876
-16.6716671667166736 26.8939937496083346
-16.6516651665166506 -16.2707078570250339
-16.6316631663166277 21.6195035265382813
-16.6116611661166047 22.9762583308848747
-16.5916591659165817 19.2958886086974601
-16.5716571657165730 34.8643019796611426
-16.5516551655165500 35.2484479477625428
-16.5316531653165271 40.9222319770552261
-16.5116511651165041 1.5692977128364287
-16.4916491649164811 37.3884204404633635
-16.4716471647164724 63.2560275853479865
-16.4516451645164494 21.5516765847364056
-16.4316431643164265 51.2581017618891224
-16.4116411641164035 -45.0832598473587609
-16.3916391639163805 22.6075720638499149
-16.3716371637163718 -8.3230133087752520
-16.3516351635163488 8.5570987273317822
-16.3316331633163259 -1.6436544930715087
-16.3116311631163029 13.2930573113771118
-16.2916291629162941 13.5328212531454106
-16.2716271627162712 48.8247250776046329
-16.2516251625162482 39.8187894388500041
-16.2316231623162253 22.5826101663049030
-16.2116211621162023 32.4599973076620856
-16.1916191619161935 40.5091415559699328
-16.1716171617161706 -19.5507063874919353
-16.1516151615161476 26.0352988386721833
-16.1316131613161247 -15.4087460522164488
-16.1116111611161017 11.5065437595144964
-16.0916091609160929 31.9936418607973394
-16.0716071607160700 28.3212777139835232
-16.0516051605160470 -8.1727018338745339
-16.0316031603160241 19.0474746085868851
-16.0116011601160011 15.8930229456436649
-15.9915991599159923 23.1298257814335777
-15.9715971597159694 10.5111164610718397
-15.9515951595159464 -3.4115035929050652
-15.9315931593159235 26.5998638953548436
-15.9115911591159005 11.6524792211710082
-15.8915891589158917 42.8868031166150629
-15.8715871587158688 22.4616871335219699
-15.8515851585158458 4.1140643797164014
-15.8315831583158229 8.4993725320510567
-15.8115811581158141 5.2296319871792765
-15.7915791579157911 39.9751950807406757
-15.7715771577157682 30.6822246517681947
-15.7515751575157452 -2.3636845948105947
-15.7315731573157223 25.3471713961984690
-15.7115711571157135 -10.3092412529084871
-15.6915691569156905 27.7242863359675056
-15.6715671567156676 4.5424809854343255
-15.6515651565156446 28.6718731952570778
-15.6315631563156217 -2.4714908761442942
-15.6115611561156129 28.7649192969534369
-15.5915591559155899 -9.0032710324536804
-15.5715571557155670 6.7843803505441862
-15.5515551555155440 23.2369372255427464
-15.5315531553155211 30.4579747862386654
-15.5115511551155123 -16.8010495195782283
-15.4915491549154893 5.9209635325926939
-15.4715471547154664 -18.8432005810907057
-15.4515451545154434 21.7113618650390734
-15.4315431543154205 -12.0085511984245645
-15.4115411541154117 35.7667400873343126
-15.3915391539153887 17.8523553084552695
-15.3715371537153658 -9.0965536016194317
-15.3515351535153428 -6.2952363834050651
-15.3315331533153341 -10.7077279439520971
-15.3115311531153111 5.7691191135081255
-15.2915291529152881 42.1745873973707290
-15.2715271527152652 5.3990895993078141
-15.2515251525152422 21.4058900086649651
-15.2315231523152335 22.0071800216447109
-15.2115211521152105 1.7946200496331368
-15.1915191519151875 23.6710994186333146
-15.1715171517151646 -37.2122080938843283
-15.1515151515151416 -18.0901593176895474
-15.1315131513151329 -10.5121519141592916
-15.1115111511151099 -5.6052381598179526
-15.0915091509150869 -1.7050683602514543
-15.0715071507150640 -2.5518938907735365
-15.0515051505150410 23.1252180695932594
-15.0315031503150323 36.4424039274237330
-15.0115011501150093 21.4297478094043754
-14.9914991499149863 37.7435658189837326
-14.9714971497149634 19.5240961600407203
-14.9514951495149404 46.6310066141299728
-14.9314931493149317 5.2415028897006959
-14.9114911491149087 -2.2042575075997455
-14.8914891489148857 10.6540825264822558
-14.8714871487148628 -19.2974991117747585
-14.8514851485148540 -15.4949930887379850
-14.8314831483148311 -6.7646373052312114
-14.8114811481148081 22.8895257708315150
-14.7914791479147851 19.3570995735910358
-14.7714771477147622 6.3877366776857745
-14.7514751475147534 41.4357249952934481
-14.7314731473147305 -3.0309487880599306
-14.7114711471147075 10.5060537595589309
-14.6914691469146845 42.0971337599613591
-14.6714671467146616 -2.9914015859020893
-14.6514651465146528 -12.1179274421572316
-14.6314631463146299 16.7278307933756949
-14.6114611461146069 -8.5855838848776465
-14.5914591459145839 -15.3867015892369494
-14.5714571457145610 12.1598536895408067
-14.5514551455145522 23.6707311158156273
-14.5314531453145293 25.3354354065343870
-14.5114511451145063 13.6274856168248970
-14.4914491449144833 6.8859401072460624
-14.4714471447144604 39.1130624527372248
-14.4514451445144516 25.5130713119033707
-14.4314431443144287 29.5336147164586009
-14.4114411441144057 -5.8985332394588568
-14.3914391439143827 24.8548029038887819
-14.3714371437143740 3.2767910254269417
-14.3514351435143510 25.8595006128093345
-14.3314331433143280 59.1123689373003600
-14.3114311431143051 -15.6144044518703353
-14.2914291429142821 15.9265939384727417
-14.2714271427142734 14.7180109780365811
-14.2514251425142504 23.1666439914808322
-14.2314231423142274 -23.0367534555752229
-14.2114211421142045 31.8011355490248988
-14.1914191419141815 15.5023130796055497
-14.1714171417141728 17.4737485868354341
-14.1514151415141498 -2.9107305855305476
-14.1314131413141268 30.1043704978900983
-14.1114111411141039 19.4713729661144903
-14.0914091409140809 -22.0310456376933210
-14.0714071407140722 12.3207898264778173
-14.0514051405140492 32.2573244134841843
-14.0314031403140262 42.8936651342805106
-14.0114011401140033 53.7438676076837254
-13.9913991399139803 4.8348677429642777
-13.9713971397139716 21.2689940578872658
-13.9513951395139486 21.7188222015516530
-13.9313931393139256 39.6401351370104038
-13.9113911391139027 28.7174583092578928
-13.8913891389138939 2.0272449490714202
-13.8713871387138710 -22.4396063530941952
-13.8513851385138480 9.9713244153340437
-13.8313831383138250 -0.0527784219539704
-13.8113811381138021 3.6493895946227184
-13.7913791379137933 23.8033869431183902
-13.7713771377137704 37.9359306902360416
-13.7513751375137474 44.7775119435513460
-13.7313731373137244 -12.6541474757933763
-13.7113711371137015 -6.6338249337508266
-13.6913691369136927 33.6824830878045205
-13.6713671367136698 13.6196944506811661
-13.6513651365136468 18.7301269129474406
-13.6313631363136238 68.7224907638439504
-13.6113611361136009 26.6716980156028001
-13.5913591359135921 -11.8542377033977253
-13.5713571357135692 15.7299306265317718
-13.5513551355135462 33.5697342963354970
-13.5313531353135232 1.5117377495673026
-13.5113511351135003 -1.3055292396096405
-13.4913491349134915 13.9318831026184640
-13.4713471347134686 14.1184959197799600
-13.4513451345134456 9.4362856684036966
-13.4313431343134226 8.9955366448900307
-13.4113411341134139 35.2912232760314097
-13.3913391339133909 2.9072320941696894
-13.3713371337133680 6.6264466285064589
-13.3513351335133450 -5.2641741006013447
-13.3313331333133220 16.9230572645172508
-13.3113311331133133 19.3714705898797419
-13.2913291329132903 21.3966006785021534
-13.2713271327132674 27.4302068449506642
-13.2513251325132444 2.0834057719400541
-13.2313231323132214 21.0742300110008927
-13.2113211321132127 20.7072631650640666
-13.1913191319131897 23.7807269228150275
-13.1713171317131668 0.6982574396396757
-13.1513151315131438 11.4086225180906009
-13.1313131313131208 -4.8237745209505754
-13.1113111311131121 15.6191792362568940
-13.0913091309130891 14.2699770350075568
-13.0713071307130662 1.1597238619725765
-13.0513051305130432 20.6168987505954782
-13.0313031303130202 21.9392066096011149
-13.0113011301130115 35.4695208879792432
-12.9912991299129885 34.6313080998778844
-12.9712971297129656 22.7296288182373019
-12.9512951295129426 8.0663834449053891
-12.9312931293129338 7.2166827231251744
-12.9112911291129109 -24.4985941870965895
-12.8912891289128879 46.7682032405172947
-12.8712871287128650 43.5506439203511775
-12.8512851285128420 28.5906848017957422
-12.8312831283128332 -5.2541108090419044
-12.8112811281128103 7.9904563660977548
-12.7912791279127873 23.8782669756691384
-12.7712771277127644 56.7036579678324273
-12.7512751275127414 46.4524887967005640
-12.7312731273127326 23.1806181273035463
-12.7112711271127097 11.4740672926498188
-12.6912691269126867 14.4090374107034513
-12.6712671267126638 0.0523200321876338
-12.6512651265126408 9.7355892726918363
-12.6312631263126320 6.4520809013877791
-12.6112611261126091 21.2916729845489883
-12.5912591259125861 2.8832896679869044
-12.5712571257125632 24.0005468510504549
-12.5512551255125402 53.9164339275909441
-12.5312531253125314 39.3618657914990209
-12.5112511251125085 16.7584729296859720
-12.4912491249124855 11.9401499393490145
-12.4712471247124626 40.1023490333484176
-12.4512451245124538 18.7474365257484266
-12.4312431243124308 5.7639466887491686
-12.4112411241124079 22.1548539710480448
-12.3912391239123849 -6.6318877406490557
-12.3712371237123619 -29.3000823868476274
-12.3512351235123532 24.1412900919703439
-12.3312331233123302 27.0285254145153360
-12.3112311231123073 10.2788099281539225
-12.2912291229122843 46.2778569033326690
-12.2712271227122613 -1.8073204151889115
-12.2512251225122526 27.9779527037221563
-12.2312231223122296 -20.4404970195087685
-12.2112211221122067 35.6741073977696601
-12.1912191219121837 56.9894671423309234
-12.1712171217121607 13.6332401957647189
-12.1512151215121520 3.4612357898826254
-12.1312131213121290 29.0554665282223681
-12.1112111211121061 -16.5993496270928915
-12.0912091209120831 24.0684043883416088
-12.0712071207120601 -1.1961244363231671
-12.0512051205120514 50.8258935730448798
-12.0312031203120284 5.3816826164740590
-12.0112011201120055 27.7443324898531287
-11.9911991199119825 13.8506359685074276
-11.9711971197119738 0.8564158027720161
-11.9511951195119508 31.7210940771467023
-11.9311931193119278 9.4712158771815176
-11.9111911191119049 0.6584647637608718
-11.8911891189118819 28.4647948467281680
-11.8711871187118732 41.0835427355776943
-11.8511851185118502 45.3592152235307537
-11.8311831183118272 45.9373097220829365
-11.8111811181118043 8.0952848017118928
-11.7911791179117813 18.3440506405032728
-11.7711771177117726 22.0272737380335641
-11.7511751175117496 31.3106227974422922
-11.7311731173117266 25.8262887142452300
-11.7111711171117037 34.6663474569374586
-11.6911691169116807 33.8951101593692385
-11.6711671167116720 23.8980802560146124
-11.6511651165116490 3.1933423538202916
-11.6311631163116260 48.1577434349120068
-11.6111611161116031 26.2316036583166294
-11.5911591159115801 55.1144004384995156
-11.5711571157115714 -0.7287091309986060
-11.5511551155115484 43.1505502955277080
-11.5311531153115254 41.5052605426210519
-11.5111511151115025 12.6688418293590725
-11.4911491149114937 62.2610627142157753
-11.4711471147114707 21.1739551588247821
-11.4511451145114478 32.4821506282249004
-11.4311431143114248 -27.9076901061595137
-11.4111411141114019 38.9624504939121437
-11.3911391139113931 31.7594491280413251
-11.3711371137113701 10.2401969540019913
-11.3511351135113472 17.0171950534858496
-11.3311331133113242 -5.1694858738753915
-11.3111311131113013 12.1739453918446721
-11.2911291129112925 -16.5710942312734240
-11.2711271127112695 23.0708641740006541
-11.2511251125112466 4.5147208062368946
-11.2311231123112236 15.2773618129222850
-11.2111211121112007 20.6765607322564939
-11.1911191119111919 12.2244067902878122
-11.1711171117111689 35.0396798518798533
-11.1511151115111460 11.5986733671015187
-11.1311131113111230 35.8360266451103939
-11.1111111111111001 20.1764424100671533
-11.0911091109110913 47.1261242154510001
-11.0711071107110683 16.3486996301550072
-11.0511051105110454 38.7773749831382872
-11.0311031103110224 18.3955907738301363
-11.0111011101110137 62.3419493122155046
-10.9910991099109907 16.0113097787648755
-10.9710971097109677 52.6371715079944806
-10.9510951095109448 49.1108554479570785
-10.9310931093109218 23.9026242434009397
-10.9110911091109131 53.9048174728903220
-10.8910891089108901 -14.3345317150423952
-10.8710871087108671 1.1172308705974068
-10.8510851085108442 3.6309357786693788
-10.8310831083108212 10.7592480275228084
-10.8110811081108125 32.0781777440198894
-10.7910791079107895 34.0290089676533398
-10.7710771077107665 13.7608740579782385
-10.7510751075107436 24.6528508577894314
-10.7310731073107206 3.1972256961317207
-10.7110711071107119 15.6245059502472348
-10.6910691069106889 4.7682452262141872
-10.6710671067106659 34.0860396705952695
-10.6510651065106430 28.8628329375011461
-10.6310631063106200 -5.7624447665203533
-10.6110611061106113 57.5872101239118166
-10.5910591059105883 -29.8002874188398934
-10.5710571057105653 15.6010007933772599
-10.5510551055105424 50.2084848168173394
-10.5310531053105336 -14.1708851314119109
-10.5110511051105107 17.1480664973485659
-10.4910491049104877 27.6792999261844912
-10.4710471047104647 19.3521813630848492
-10.4510451045104418 22.1901728501769320
-10.4310431043104330 47.5746038589016393
-10.4110411041104101 23.4080235853530922
-10.3910391039103871 20.1669630904217740
-10.3710371037103641 40.1087888368698628
-10.3510351035103412 6.9146610060195783
-10.3310331033103324 55.7582886251851164
-10.3110311031103095 3.9236628024146469
-10.2910291029102865 40.0873062099767665
-10.2710271027102635 59.2807139967449217
-10.2510251025102406 -6.0487233030589742
-10.2310231023102318 2.9592827690356280
-10.2110211021102089 51.0483604220385416
-10.1910191019101859 39.9260895538234450
-10.1710171017101629 19.8109855793633081
-10.1510151015101400 62.6263392857925254
-10.1310131013101312 2.8984968778478546
-10.1110111011101083 22.9321419573309342
-10.0910091009100853 -6.0327840576481577
-10.0710071007100623 24.1652959631321593
-10.0510051005100536 47.8315131317568785
-10.0310031003100306 15.8826141682924131
-10.0110011001100077 13.6265026006992258
-9.9909990999099847 9.7899500340823025
-9.9709970997099617 35.1679419039724053
-9.9509950995099530 7.9775490846743402
-9.9309930993099300 27.4352609198307853
-9.9109910991099071 28.9463493638663572
-9.8909890989098841 15.4833687515182277
-9.8709870987098611 52.5218681650144390
-9.8509850985098524 1.9129424236154442
-9.8309830983098294 10.7598080718049509
-9.8109810981098065 37.0672077916626392
-9.7909790979097835 24.1907181906082016
-9.7709770977097605 17.6736965736271863
-9.7509750975097518 27.7051255149197360
-9.7309730973097288 27.7739104487008923
-9.7109710971097059 74.2707340435405143
-9.6909690969096829 3.8582331423039982
-9.6709670967096599 35.9302971565332143
-9.6509650965096512 58.6506980901231287
-9.6309630963096282 8.5993922312702153
-9.6109610961096053 31.7861880926868032
-9.5909590959095823 75.5973346551194396
-9.5709570957095735 43.2645809985947452
-9.5509550955095506 6.3183086808550506
-9.5309530953095276 30.8480242863076981
-9.5109510951095046 -9.7287359502666000
-9.4909490949094817 23.9909073150634349
-9.4709470947094729 18.4311728502963632
-9.4509450945094500 39.8369199620458474
-9.4309430943094270 17.7590583041652188
-9.4109410941094040 60.9946155659216203
-9.3909390939093811 47.6905037926584257
-9.3709370937093723 27.2461085130503307
-9.3509350935093494 15.5318423483875510
-9.3309330933093264 9.2366289678254567
-9.3109310931093034 27.3378191144667113
-9.2909290929092805 -0.1660269427423131
-9.2709270927092717 -5.8101805509995437
-9.2509250925092488 31.9596835284848666
-9.2309230923092258 41.8393336187533009
-9.2109210921092028 45.6529693127363458
-9.1909190919091799 46.6816252036638701
-9.1709170917091711 20.5941563054557975
-9.1509150915091482 -1.5016150627443885
-9.1309130913091252 50.6573669035226217
-9.1109110911091022 57.4765633450658129
-9.0909090909090935 29.6323234254106431
-9.0709070907090705 7.0811928758555602
-9.0509050905090476 9.2887825538405799
-9.0309030903090246 5.7685781236041969
-9.0109010901090016 20.9777870433697302
-8.9908990899089929 31.9751538252386567
-8.9708970897089699 55.7882368327012728
-8.9508950895089470 -5.3937717050949168
-8.9308930893089240 39.5585137863396170
-8.9108910891089010 20.8558214349960878
-8.8908890889088923 22.8610824579101930
-8.8708870887088693 -19.2882169322173738
-8.8508850885088464 14.4426481480693027
-8.8308830883088234 12.1020781409986284
-8.8108810881088004 46.6260966045182599
-8.7908790879087917 31.1973500674279407
-8.7708770877087687 42.7662059804235781
-8.7508750875087458 38.8727760430624301
-8.7308730873087228 18.6049929078930703
-8.7108710871086998 5.1365905348997103
-8.6908690869086911 23.2179267188581093
-8.6708670867086681 34.7694216006711940
-8.6508650865086452 53.5952250068294163
-8.6308630863086222 50.5201213423810174
-8.6108610861086134 18.8414988118377629
-8.5908590859085905 22.1758256505303208
-8.5708570857085675 26.2812707331532707
-8.5508550855085446 59.6446977775216283
-8.5308530853085216 24.2068069471280225
-8.5108510851085128 21.9330470826527844
-8.4908490849084899 28.0658042226629441
-8.4708470847084669 59.3459997561789407
-8.4508450845084440 31.9356477273197008
-8.4308430843084210 2.6641264335140455
-8.4108410841084122 10.7851253562853380
-8.3908390839083893 28.4516611148073011
-8.3708370837083663 47.0696383207795392
-8.3508350835083434 25.8506127045450143
-8.3308330833083204 35.9810468631394400
-8.3108310831083116 21.1054273117905922
-8.2908290829082887 14.9693278120981947
-8.2708270827082657 30.7030617525778133
-8.2508250825082428 27.6089821848468766
-8.2308230823082198 7.0342053967819993
-8.2108210821082110 60.6017790453835303
-8.1908190819081881 14.1173483936386148
-8.1708170817081651 23.4126839682601826
-8.1508150815081422 37.8814297567524250
-8.1308130813081334 28.3296785873812986
-8.1108110811081104 59.3669151681141898
-8.0908090809080875 49.0352915287378650
-8.0708070807080645 5.1345948823576641
-8.0508050805080416 59.3218374228742675
-8.0308030803080328 31.1753309630281343
-8.0108010801080098 8.5757933337251444
-7.9907990799079869 19.9668510163650232
-7.9707970797079639 58.6242090232514244
-7.9507950795079410 11.2089337949508199
-7.9307930793079322 41.4041756540660373
-7.9107910791079092 64.9971511340287975
-7.8907890789078863 31.7958367620382099
-7.8707870787078633 37.1355284644883383
-7.8507850785078404 31.1060716396785182
-7.8307830783078316 24.2087810424526708
-7.8107810781078086 19.1030687078496797
-7.7907790779077857 62.8251212532095096
-7.7707770777077627 12.0906941479171159
-7.7507750775077398 19.9929250675703543
-7.7307730773077310 41.0544529176257953
-7.7107710771077080 29.4409339736904450
-7.6907690769076851 41.7643344485435222
-7.6707670767076621 43.1354450988789466
-7.6507650765076392 18.6871003989314701
-7.6307630763076304 13.2085420239309741
-7.6107610761076074 23.7770455316645695
-7.5907590759075845 10.8935160301586045
-7.5707570757075615 37.1664574812521948
-7.5507550755075528 7.3259584343483688
-7.5307530753075298 26.7619238233726158
-7.5107510751075068 27.0080870867108871
-7.4907490749074839 21.9123643833725978
-7.4707470747074609 44.4145938297780845
-7.4507450745074522 28.2306371606436670
-7.4307430743074292 27.4030684558332069
-7.4107410741074062 12.6315065394225527
-7.3907390739073833 32.2960700027404215
-7.3707370737073603 65.3137115818346814
-7.3507350735073516 38.7525835482813150
-7.3307330733073286 53.5862064958190416
-7.3107310731073056 -0.5863593338772048
-7.2907290729072827 36.2626036988657461
-7.2707270727072597 37.2488749403659440
-7.2507250725072510 19.8350703848496011
-7.2307230723072280 18.2633707983867879
-7.2107210721072050 13.3248294339137701
-7.1907190719071821 50.6227428977608724
-7.1707170717071591 39.1635032688590101
-7.1507150715071504 54.7319241332658208
-7.1307130713071274 13.8415351429425790
-7.1107110711071044 44.0014696842253983
-7.0907090709070815 21.6247173177838121
-7.0707070707070727 10.0814893192774022
-7.0507050705070498 40.7310721733595216
-7.0307030703070268 57.1019028091626382
-7.0107010701070038 24.8739988950057054
-6.9906990699069809 39.2895718959296403
-6.9706970697069721 -15.8219528291369116
-6.9506950695069492 45.5112672235193685
-6.9306930693069262 9.2164643765606655
-6.9106910691069032 33.4103275172822691
-6.8906890689068803 66.8591058559390206
-6.8706870687068715 73.7837504008628997
-6.8506850685068486 34.7494023062263295
-6.8306830683068256 67.7194958445192867
-6.8106810681068026 46.7311877994854044
-6.7906790679067797 11.2614958316617013
-6.7706770677067709 53.9308630744247566
-6.7506750675067480 32.6045487637214606
-6.7306730673067250 33.4206654501909384
-6.7106710671067020 21.2772155864976256
-6.6906690669066791 46.3703232910620500
-6.6706670667066703 33.7738071682508689
-6.6506650665066473 2.6444168686447007
-6.6306630663066244 46.6530127934288572
-6.6106610661066014 19.4496525855738334
-6.5906590659065927 34.5990748424318255
-6.5706570657065697 67.7948328313457438
-6.5506550655065467 57.1167777824332887
-6.5306530653065238 44.5695628848348520
-6.5106510651065008 47.0878158934818742
-6.4906490649064921 40.4198453020736395
-6.4706470647064691 18.5374525623017803
-6.4506450645064461 23.0569038021900639
-6.4306430643064232 39.8183043904054514
-6.4106410641064002 53.6939215874043470
-6.3906390639063915 34.8060504677840044
-6.3706370637063685 15.0837245566872937
-6.3506350635063455 22.5598128894615471
-6.3306330633063226 48.9718295185460235
-6.3106310631062996 6.4137695647053867
-6.2906290629062909 41.9870432604063950
-6.2706270627062679 -0.0075972738108092
-6.2506250625062449 26.6551369400658587
-6.2306230623062220 36.6235024853297020
-6.2106210621061990 35.7731811757000600
-6.1906190619061903 48.2288428566344862
-6.1706170617061673 13.7363676988366272
-6.1506150615061443 27.1678268503883587
-6.1306130613061214 35.3077965949679680
-6.1106110611061126 36.4922909577654266
-6.0906090609060897 65.4424178866787258
-6.0706070607060667 53.0246516198618139
-6.0506050605060437 27.3520971002634816
-6.0306030603060208 54.4547727439947806
-6.0106010601060120 26.6479631476627645
-5.9905990599059891 35.4981383687228629
-5.9705970597059661 58.8104610417429967
-5.9505950595059431 29.1406738107292256
-5.9305930593059202 25.5676799515632425
-5.9105910591059114 44.7082917807962801
-5.8905890589058885 21.8134484293074102
-5.8705870587058655 39.5786470511120498
-5.8505850585058425 37.1990774342701087
-5.8305830583058196 29.5881052382152454
-5.8105810581058108 36.0455479084042452
-5.7905790579057879 -2.2323341320198224
-5.7705770577057649 82.8501786929310811
-5.7505750575057419 27.5131843734615558
-5.7305730573057190 24.1580805469846069
-5.7105710571057102 57.5923069203437592
-5.6905690569056873 52.1688586475249423
-5.6705670567056643 49.4083919803587719
-5.6505650565056413 44.1476659621365357
-5.6305630563056326 59.9005256487202331
-5.6105610561056096 73.8759951104991472
-5.5905590559055867 15.3431409378510715
-5.5705570557055637 56.7342199595381089
-5.5505550555055407 28.8173712334626231
-5.5305530553055320 34.1996762353961259
-5.5105510551055090 35.3400358240343238
-5.4905490549054861 46.0250723890880522
-5.4705470547054631 64.3136121357647284
-5.4505450545054401 27.4258070399464557
-5.4305430543054314 70.6925635749733772
-5.4105410541054084 35.7156640476777270
-5.3905390539053855 34.4393594182372169
-5.3705370537053625 20.8824751643552275
-5.3505350535053395 43.5063980124954952
-5.3305330533053308 36.6695906246867551
-5.3105310531053078 34.0021294507908891
-5.2905290529052849 32.0024852980807353
-5.2705270527052619 32.1181919738062618
-5.2505250525052389 46.9514850990519221
-5.2305230523052302 12.4855008579422986
-5.2105210521052072 40.6161349046083728
-5.1905190519051843 7.1896721990667416
-5.1705170517051613 15.6941440955555933
-5.1505150515051525 35.1193890433959339
-5.1305130513051296 16.8555941947017480
-5.1105110511051066 58.0212071435809094
-5.0905090509050837 7.5374305020969850
-5.0705070507050607 29.9699215238176109
-5.0505050505050519 21.2470015380625767
-5.0305030503050290 36.5458819310414640
-5.0105010501050060 28.8748290645055441
-4.9904990499049831 26.5330398067063555
-4.9704970497049601 26.8436011701071386
-4.9504950495049513 24.8684155717506421
-4.9304930493049284 26.9063904572134120
-4.9104910491049054 30.5461428080487778
-4.8904890489048825 41.5809107009480385
-4.8704870487048595 34.9677882956549624
-4.8504850485048507 26.9542578834892410
-4.8304830483048278 60.4745724711369377
-4.8104810481048048 20.7333122178391918
-4.7904790479047819 29.6998111852439628
-4.7704770477047589 30.2088033009646395
-4.7504750475047501 56.1051102030402546
-4.7304730473047272 37.7741902829887124
-4.7104710471047042 -28.4313725966314621
-4.6904690469046812 10.6097340411196690
-4.6704670467046725 29.2145618097283339
-4.6504650465046495 42.2252189790245112
-4.6304630463046266 20.5159179344620846
-4.6104610461046036 40.2620499508009786
-4.5904590459045806 27.0780250302839391
-4.5704570457045719 28.2457577441556751
-4.5504550455045489 32.8016647344796723
-4.5304530453045260 52.1032267011920567
-4.5104510451045030 28.2577308923425647
-4.4904490449044800 15.3116971020742199
-4.4704470447044713 30.9317497297434940
-4.4504450445044483 13.6764443083987715
-4.4304430443044254 4.1192959406009209
-4.4104410441044024 45.8351188338772388
-4.3904390439043794 16.7092764391124362
-4.3704370437043707 62.3177792724418396
-4.3504350435043477 5.7790490073956811
-4.3304330433043248 33.8119582611627720
-4.3104310431043018 24.2779558675856606
-4.2904290429042788 32.1363652153849699
-4.2704270427042701 29.1605300112030648
-4.2504250425042471 40.3450979555002363
-4.2304230423042242 26.5183272287866885
-4.2104210421042012 39.1320117763045729
-4.1904190419041925 46.6766695307285104
-4.1704170417041695 24.4843369186310298
-4.1504150415041465 36.5728269739899474
-4.1304130413041236 46.7743803501037689
-4.1104110411041006 -10.3025784718018230
-4.0904090409040919 33.1560206403866786
-4.0704070407040689 53.3917120082668930
-4.0504050405040459 54.5414198653452758
-4.0304030403040230 60.4041043382026714
-4.0104010401040000 40.5721774251445382
-3.9903990399039913 43.9762108221250472
-3.9703970397039683 59.0218175192133856
-3.9503950395039453 59.8527432083057818
-3.9303930393039224 38.1247424957058101
-3.9103910391038994 42.6288271483572245
-3.8903890389038907 22.6659138644661340
-3.8703870387038677 46.2674678467978708
-3.8503850385038447 37.2075754074156748
-3.8303830383038218 39.3569923035173161
-3.8103810381037988 23.1960939920344487
-3.7903790379037900 18.7811534949287449
-3.7703770377037671 1.4913688212393126
-3.7503750375037441 52.0896306443815575
-3.7303730373037212 17.0073739291727257
-3.7103710371037124 29.4985526412836947
-3.6903690369036894 22.5825955044079763
-3.6703670367036665 32.4472674892480981
-3.6503650365036435 29.8927097895322227
-3.6303630363036206 52.8570791507493993
-3.6103610361036118 -3.2728268052742990
-3.5903590359035888 13.4463195543741527
-3.5703570357035659 16.4418584600242781
-3.5503550355035429 25.8566539972088663
-3.5303530353035200 100.1659551506657522
-3.5103510351035112 -8.7939552422315330
-3.4903490349034882 34.9650300946192658
-3.4703470347034653 27.3137742154757817
-3.4503450345034423 22.2390814811260213
-3.4303430343034194 49.3145531572388762
-3.4103410341034106 53.3659209575939286
-3.3903390339033876 69.8046241080154175
-3.3703370337033647 19.2055261260562240
-3.3503350335033417 22.7286681018194017
-3.3303330333033188 73.1137523229647002
-3.3103310331033100 55.8980202716369377
-3.2903290329032870 32.1209779659325392
-3.2703270327032641 37.1671196127548598
-3.2503250325032411 38.7959606627982083
-3.2303230323032324 38.1213997030945535
-3.2103210321032094 20.2169933089259359
-3.1903190319031864 3.5793861469391288
-3.1703170317031635 39.5587288285297447
-3.1503150315031405 49.4278604372131269
-3.1303130313031318 51.8678917246240943
-3.1103110311031088 4.6262079385697632
-3.0903090309030858 29.5216378892469535
-3.0703070307030629 15.6297653868652873
-3.0503050305030399 48.3312128052631280
-3.0303030303030312 28.7723380803987396
-3.0103010301030082 5.4050613949496054
-2.9902990299029852 38.1177087170407702
-2.9702970297029623 13.7283729383358661
-2.9502950295029393 25.4508741456333247
-2.9302930293029306 41.2004437605677012
-2.9102910291029076 38.0435688030405572
-2.8902890289028846 45.3600580923590400
-2.8702870287028617 19.6692689681476587
-2.8502850285028387 36.2397750096405815
-2.8302830283028300 43.0155169953338614
-2.8102810281028070 22.7771091065052111
-2.7902790279027840 37.0278199504167347
-2.7702770277027611 31.7852580117050643
-2.7502750275027523 48.2807317871199331
-2.7302730273027294 29.3298729148267867
-2.7102710271027064 54.4050609407164956
-2.6902690269026834 51.9243499329947156
-2.6702670267026605 21.5607836298849200
-2.6502650265026517 65.0518630781459137
-2.6302630263026288 33.5120952758795028
-2.6102610261026058 48.4376235660980683
-2.5902590259025828 15.0032018681713382
-2.5702570257025599 9.8074354251447389
-2.5502550255025511 35.9021056795321272
-2.5302530253025282 47.8134486673834260
-2.5102510251025052 47.0903555890874017
-2.4902490249024822 34.0322400264612952
-2.4702470247024593 75.9698813073925407
-2.4502450245024505 47.9947986381776701
-2.4302430243024276 20.1171159535752651
-2.4102410241024046 78.3036516403822986
-2.3902390239023816 34.3951604288562081
-2.3702370237023587 66.9847147645400156
-2.3502350235023499 20.4076545345339042
-2.3302330233023270 55.4638487671844871
-2.3102310231023040 46.8559375993560536
-2.2902290229022810 27.7431265599509018
-2.2702270227022723 69.5226668305287063
-2.2502250225022493 67.1690863364701158
-2.2302230223022264 39.2474939578901072
-2.2102210221022034 43.4844021958080305
-2.1902190219021804 35.1977951617284717
-2.1702170217021717 35.2893287669223383
-2.1502150215021487 63.3936932401343896
-2.1302130213021258 15.9510771824670883
-2.1102110211021028 75.7587094011933573
-2.0902090209020798 48.3256090257565347
-2.0702070207020711 56.4824551782921986
-2.0502050205020481 42.0677378878525232
-2.0302030203020252 17.5446929734076917
-2.0102010201020022 15.0072123457366082
-1.9901990199019792 43.1529576631122751
-1.9701970197019705 37.3169646053105026
-1.9501950195019475 63.2826317363274171
-1.9301930193019246 28.6386305795912612
-1.9101910191019016 27.7431421465305519
-1.8901890189018786 18.7621452418193897
-1.8701870187018699 44.2770766974699796
-1.8501850185018469 4.8654362390821078
-1.8301830183018239 60.5493551005480271
-1.8101810181018010 46.7270657245121015
-1.7901790179017922 72.2991542154580316
-1.7701770177017693 77.5149266559728005
-1.7501750175017463 60.1519466901165245
-1.7301730173017233 3.9059614011110781
-1.7101710171017004 53.3097480797990926
-1.6901690169016916 57.2933510637966066
-1.6701670167016687 34.8781555830445598
-1.6501650165016457 50.6018911269627480
-1.6301630163016227 39.9089316255230528
-1.6101610161015998 28.0396372945889674
-1.5901590159015910 45.2874819605689538
-1.5701570157015681 -17.8452778944854060
-1.5501550155015451 51.7438558045482324
-1.5301530153015221 34.6272089572123249
-1.5101510151014992 64.6197347358597227
-1.4901490149014904 37.3862025118781744
-1.4701470147014675 40.6363769686341669
-1.4501450145014445 43.9393065885417187
-1.4301430143014215 24.5105236420033492
-1.4101410141013986 12.3499277054811962
-1.3901390139013898 39.1010314172207742
-1.3701370137013669 50.3559389995206388
-1.3501350135013439 16.0888571424824995
-1.3301330133013209 34.2865885770308765
-1.3101310131013122 40.7834528420516946
-1.2901290129012892 28.2395509206808732
-1.2701270127012663 22.2834381680598170
-1.2501250125012433 30.8554283592795144
-1.2301230123012203 12.6550768508906337
-1.2101210121012116 32.4859471807302995
-1.1901190119011886 66.0478935973518446
-1.1701170117011657 44.2241171181290014
-1.1501150115011427 23.9470541427939381
-1.1301130113011197 55.7389527778093665
-1.1101110111011110 59.6250591434392447
-1.0901090109010880 49.4283257342781184
-1.0701070107010651 30.6909072127553486
-1.0501050105010421 46.7534178481946157
-1.0301030103010191 30.3967308576646786
-1.0101010101010104 46.4440358642897593
-0.9900990099009874 27.6807034713248328
-0.9700970097009645 40.0404558477489374
-0.9500950095009415 45.7084961613551002
-0.9300930093009185 18.9870357446132410
-0.9100910091009098 48.2767696425030550
-0.8900890089008868 44.8950906052467786
-0.8700870087008639 11.0736080971930306
-0.8500850085008409 35.7018709849811557
-0.8300830083008321 51.9320682287648197
-0.8100810081008092 67.0006884384175123
-0.7900790079007862 32.7322395152927328
-0.7700770077007633 67.0390677036337763
-0.7500750075007403 41.3863687584705886
-0.7300730073007315 24.2074537942787877
-0.7100710071007086 18.2622151140513616
-0.6900690069006856 55.8936036965691869
-0.6700670067006627 55.8543735059946869
-0.6500650065006397 2.7212381216091757
-0.6300630063006309 37.2166472306153295
-0.6100610061006080 30.5228991255665854
-0.5900590059005850 17.3027409436500541
-0.5700570057005621 49.9947409908379754
-0.5500550055005391 61.5644827132464059
-0.5300530053005303 48.8708608274004774
-0.5100510051005074 41.2058161737122788
-0.4900490049004844 35.7948790483429278
-0.4700470047004615 21.0571151605484950
-0.4500450045004385 -7.2394807211086345
-0.4300430043004297 58.3258187175949914
-0.4100410041004068 -23.0912159019017693
-0.3900390039003838 67.6168843964977668
-0.3700370037003609 40.2404824048287253
-0.3500350035003521 63.4199209004963294
-0.3300330033003291 38.7790775382022233
-0.3100310031003062 53.0146262636920085
-0.2900290029002832 48.6224976939853661
-0.2700270027002603 42.6392865153890668
-0.2500250025002515 20.5270753923126570
-0.2300230023002285 38.9036672361770570
-0.2100210021002056 37.2865112524950604
-0.1900190019001826 62.3968835552162489
-0.1700170017001597 40.0929414106503827
-0.1500150015001509 30.4433750192019872
-0.1300130013001279 23.4809484594108788
-0.1100110011001050 47.8872566377599398
-0.0900090009000820 71.9370902575231241
-0.0700070007000591 2.8072421040576359
-0.0500050005000503 49.4746836743153295
-0.0300030003000273 10.2451894632988925
-0.0100010001000044 39.1486906814525497
0.0100010001000186 50.1789172868653566
0.0300030003000415 49.2283722587171724
0.0500050005000503 42.6814139508284143
0.0700070007000733 28.9994058223348290
0.0900090009000962 42.5464700559179931
0.1100110011001192 57.8783122775248131
0.1300130013001279 26.5711984643195294
0.1500150015001509 -2.8146214623574224
0.1700170017001739 36.3652337250995714
0.1900190019001968 17.3568522202274913
0.2100210021002198 18.2162822760993990
0.2300230023002285 33.1751257204876140
0.2500250025002515 25.0128533212500983
0.2700270027002745 44.4719805210214290
0.2900290029002974 28.0740577047525086
0.3100310031003204 38.9501644856922766
0.3300330033003291 44.4492891087604391
0.3500350035003521 41.7444202769764132
0.3700370037003751 25.6566032081751203
0.3900390039003980 92.5127453661564232
0.4100410041004210 32.2002088908107211
0.4300430043004297 89.8113660488322409
0.4500450045004527 30.6516504112753125
0.4700470047004757 3.4793945088304454
0.4900490049004986 62.0330710035066346
0.5100510051005216 16.7640237347244039
0.5300530053005303 73.4885435639518221
0.5500550055005533 66.9866757053629271
0.5700570057005763 36.4265783791756874
0.5900590059005992 26.8722905959790204
0.6100610061006080 25.6582887297882607
0.6300630063006309 79.3940563515470217
0.6500650065006539 13.3779992908593499
0.6700670067006769 64.3239172298373063
0.6900690069006998 42.4224062474314678
0.7100710071007086 41.8282723964288152
0.7300730073007315 16.7340822851855684
0.7500750075007545 12.2285572581351047
0.7700770077007775 38.9552935371221594
0.7900790079008004 33.2813380492867665
0.8100810081008092 30.2807846492418591
0.8300830083008321 30.2830542853416276
0.8500850085008551 45.9420460035208933
0.8700870087008781 69.5011812359406207
0.8900890089009010 57.5708457071431567
0.9100910091009098 23.4170911382070805
0.9300930093009327 59.3320594503834542
0.9500950095009557 79.6157494052450829
0.9700970097009787 25.6696836952005469
0.9900990099010016 12.9284117721987712
1.0101010101010104 30.8486356037544098
1.0301030103010334 64.4185985309060243
1.0501050105010563 23.8119296396274365
1.0701070107010793 30.3579870294251499
1.0901090109010880 28.9470478952356949
1.1101110111011110 38.9519020512519205
1.1301130113011340 36.0382306444181424
1.1501150115011569 38.5203086739472980
1.1701170117011799 39.9134041321940884
1.1901190119011886 52.6837186223631306
1.2101210121012116 45.1105696374982230
1.2301230123012346 14.7911065146762581
1.2501250125012575 36.9369017488767284
1.2701270127012805 13.1204931799438711
1.2901290129012892 49.1595446112003245
1.3101310131013122 40.8408381786165720
1.3301330133013352 60.1059790559703799
1.3501350135013581 11.9611874778076341
1.3701370137013811 42.0504131937108170
1.3901390139013898 62.2761474389193097
1.4101410141014128 68.0823788589833896
1.4301430143014358 35.9030373275298444
1.4501450145014587 21.8772011996044426
1.4701470147014817 26.4735736298693496
1.4901490149014904 22.1218290090478824
1.5101510151015134 59.2616859543999794
1.5301530153015364 38.5760242968986233
1.5501550155015593 55.5896653677226311
1.5701570157015681 55.4049576473999323
1.5901590159015910 37.7814246133963891
1.6101610161016140 28.7402153102400248
1.6301630163016370 77.4595581799827073
1.6501650165016599 56.8581304362567295
1.6701670167016687 39.2032354376760850
1.6901690169016916 46.0371441593685162
1.7101710171017146 25.2121611848887781
1.7301730173017376 27.0059774457607631
1.7501750175017605 17.0688855439139644
1.7701770177017693 59.7307048116434061
1.7901790179017922 40.9995170604816153
1.8101810181018152 53.5439692964251748
1.8301830183018382 54.8245405737451961
1.8501850185018611 35.9715155268786688
1.8701870187018699 57.2410163437699708
1.8901890189018928 15.2031334442832318
1.9101910191019158 39.6630037272254157
1.9301930193019388 38.2159730286305432
1.9501950195019617 50.4407244680050226
1.9701970197019705 52.8667035276273651
1.9901990199019934 36.5170328108524274
2.0102010201020164 24.6767992924066668
2.0302030203020394 29.8657912168506741
2.0502050205020481 36.9694842140257691
2.0702070207020711 40.1181116742200743
2.0902090209020940 18.5030883510967286
2.1102110211021170 74.6627619476383302
2.1302130213021400 23.7577904577563608
2.1502150215021487 67.9536577005870299
2.1702170217021717 8.6475150041166486
2.1902190219021946 39.6076686742319950
2.2102210221022176 35.0710417274739115
2.2302230223022406 38.2998783064865691
2.2502250225022493 46.8110740485249153
2.2702270227022723 47.3311780019368982
2.2902290229022952 24.9727834254899399
2.3102310231023182 28.2469717220171646
2.3302330233023412 43.0144743620514447
2.3502350235023499 51.5291631195245188
2.3702370237023729 72.8571707135863562
2.3902390239023958 48.9099665040581471
2.4102410241024188 41.8271069847393377
2.4302430243024418 35.3436573698501633
2.4502450245024505 53.5117299085642628
2.4702470247024735 36.7939010006755041
2.4902490249024964 -1.3684078008923635
2.5102510251025194 60.9230174649923413
2.5302530253025424 66.4783458717831053
2.5502550255025511 29.5926289031850693
2.5702570257025741 50.1572646891226128
2.5902590259025970 65.4929703596696982
2.6102610261026200 59.5587101899354394
2.6302630263026288 32.5282298701846742
2.6502650265026517 60.2165559067249774
2.6702670267026747 36.7651763429257912
2.6902690269026976 46.9339051455760128
2.7102710271027206 25.9345674678002780
2.7302730273027294 59.6475301063275367
2.7502750275027523 39.6376895443367516
2.7702770277027753 37.6318489262266311
2.7902790279027982 27.9469328785673667
2.8102810281028212 24.5665341957438841
2.8302830283028300 39.5533325164520164
2.8502850285028529 59.0002093031606876
2.8702870287028759 53.6640155660623179
2.8902890289028988 46.0289850913341709
2.9102910291029218 34.7174642153746120
2.9302930293029306 72.1013128916532651
2.9502950295029535 22.2095408778068482
2.9702970297029765 55.7839787710332899
2.9902990299029995 41.7223163361037379
3.0103010301030224 36.7564538570992596
3.0303030303030312 25.2693408151329635
3.0503050305030541 22.8558702782406300
3.0703070307030771 44.7410478972698229
3.0903090309031001 48.7177711853012099
3.1103110311031088 48.6459702044454758
3.1303130313031318 43.2013411507952299
3.1503150315031547 23.0349976507074956
3.1703170317031777 46.6233180398689555
3.1903190319032007 25.6713451160465098
3.2103210321032094 36.3885190199434092
3.2303230323032324 37.0576807237083798
3.2503250325032553 73.5476617442078577
3.2703270327032783 58.9957746664730251
3.2903290329033013 9.7220740849709735
3.3103310331033100 5.4937049966857998
3.3303330333033330 17.3075084881101375
3.3503350335033559 59.1888879715516154
3.3703370337033789 47.9407939312205258
3.3903390339034019 27.2411707789380912
3.4103410341034106 30.5194375392623556
3.4303430343034336 12.6452170258288703
3.4503450345034565 47.2315033364049981
3.4703470347034795 101.6455261334824769
3.4903490349035025 44.6859945659910167
3.5103510351035112 30.8105711896389067
3.5303530353035342 47.6623970670542008
3.5503550355035571 49.3685982555737155
3.5703570357035801 51.9594187595798047
3.5903590359035888 65.2055539564490232
3.6103610361036118 57.8565643297370045
3.6303630363036348 42.2515381409795836
3.6503650365036577 45.8198859974165984
3.6703670367036807 101.9470608107448300
3.6903690369036894 46.3000365985684255
3.7103710371037124 46.9897257545007463
3.7303730373037354 51.7770357557282566
3.7503750375037583 61.4340844754395619
3.7703770377037813 31.6387459874454109
3.7903790379037900 89.2482294100087330
3.8103810381038130 50.5015268781299227
3.8303830383038360 52.2639780462636310
3.8503850385038589 67.8628450295064454
3.8703870387038819 64.3240778442543899
3.8903890389038907 72.2926170848602538
3.9103910391039136 55.3214303452961147
3.9303930393039366 35.7808730694080737
3.9503950395039595 56.1899560067764909
3.9703970397039825 3.9369488050054784
3.9903990399039913 32.7642932421179296
4.0104010401040142 50.5221991240968649
4.0304030403040372 36.1171853948652952
4.0504050405040601 67.0903782957825570
4.0704070407040689 34.5872562001030488
4.0904090409040919 19.8063566041072434
4.1104110411041148 15.0929821816678107
4.1304130413041378 24.2107545233121293
4.1504150415041607 58.0809549066782864
4.1704170417041695 52.4127194119277817
4.1904190419041925 65.4693037518894840
4.2104210421042154 15.0894337370657823
4.2304230423042384 36.7577395080010376
4.2504250425042613 37.5826161179286444
4.2704270427042701 43.0078429786662326
4.2904290429042931 86.0214892334249726
4.3104310431043160 45.0097028447033694
4.3304330433043390 77.2417309297566703
4.3504350435043619 31.0847963290849059
4.3704370437043707 35.4769810954486573
4.3904390439043937 44.2978317201616676
4.4104410441044166 39.5717771978427564
4.4304430443044396 57.5340746626546178
4.4504450445044625 50.8826329344155539
4.4704470447044713 56.5982368664062108
4.4904490449044943 47.4301622863707735
4.5104510451045172 40.8356786432060517
4.5304530453045402 37.6463744454238309
4.5504550455045489 31.9295560332537747
4.5704570457045719 26.1882349097090419
4.5904590459045949 38.1567522774198693
4.6104610461046178 48.6664937707706926
4.6304630463046408 47.9923443985882940
4.6504650465046495 38.9719515281739532
4.6704670467046725 48.9564125282562657
4.6904690469046955 42.2507031917353402
4.7104710471047184 42.6520706081546734
4.7304730473047414 56.2430099727241455
4.7504750475047501 19.6361488758360743
4.7704770477047731 30.5941130059650348
4.7904790479047961 75.7993514968773070
4.8104810481048190 34.1888199581138181
4.8304830483048420 7.6377480028113212
4.8504850485048507 58.1270936318663871
4.8704870487048737 33.4351038787180244
4.8904890489048967 29.9743229423778601
4.9104910491049196 40.4805647485200524
4.9304930493049426 55.0721754606580589
4.9504950495049513 28.8980811226386223
4.9704970497049743 30.1764493656465547
4.9904990499049973 53.5240283598112185
5.0105010501050202 36.6215482137373627
5.0305030503050290 32.0765081854958964
5.0505050505050519 29.3568980278944096
5.0705070507050749 16.9349192825452945
5.0905090509050979 43.3754964728400978
5.1105110511051208 64.5039111283834927
5.1305130513051296 33.5872118394362502
5.1505150515051525 28.3814045496899503
5.1705170517051755 27.3263864210672551
5.1905190519051985 62.4273107905471534
5.2105210521052214 28.5255311221635104
5.2305230523052302 43.9460359879676119
5.2505250525052531 49.4816346428166511
5.2705270527052761 20.6818153938979208
5.2905290529052991 18.6243693096017999
5.3105310531053220 46.0678466917690059
5.3305330533053308 10.5697443491277454
5.3505350535053537 90.7942763527192369
5.3705370537053767 38.5627576119110032
5.3905390539053997 65.1917641839112036
5.4105410541054226 32.7931494297198469
5.4305430543054314 41.3047866646496544
5.4505450545054543 75.9985189931534535
5.4705470547054773 42.1116065889464579
5.4905490549055003 43.3959240310577741
5.5105510551055090 38.7633077954416834
5.5305530553055320 48.0430126738000283
5.5505550555055549 63.6122590504419207
5.5705570557055779 12.0934356493626041
5.5905590559056009 33.6584109759723376
5.6105610561056096 27.1325156448864284
5.6305630563056326 68.9965549205939226
5.6505650565056555 51.7218614178059823
5.6705670567056785 43.3638809161967060
5.6905690569057015 57.9368541453032222
5.7105710571057102 -2.1211743859479455
5.7305730573057332 55.3707740932633783
5.7505750575057561 28.1213725203872187
5.7705770577057791 37.2796488102732582
5.7905790579058021 16.6686176844700107
5.8105810581058108 17.5657274601308124
5.8305830583058338 53.0837096255099681
5.8505850585058568 39.8278642528647921
5.8705870587058797 53.7351931559284566
5.8905890589059027 7.7949877366433711
5.9105910591059114 34.9391302682809197
5.9305930593059344 4.7721036272183355
5.9505950595059574 71.4515340735900679
5.9705970597059803 64.6887087031557257
5.9905990599059891 38.0252527100728273
6.0106010601060120 61.1514659868768433
6.0306030603060350 43.0914256706588219
6.0506050605060580 24.8342461961264434
6.0706070607060809 21.2404352601937383
6.0906090609060897 63.4089967293239312
6.1106110611061126 18.4312498862419289
6.1306130613061356 46.0866027974625467
6.1506150615061586 49.9809883665149641
6.1706170617061815 60.3691116115386279
6.1906190619061903 45.8608673890896767
6.2106210621062132 22.2582454115360946
6.2306230623062362 57.9594273784120730
6.2506250625062592 4.8016857959000632
6.2706270627062821 32.8750195343290414
6.2906290629062909 60.6087919210323207
6.3106310631063138 31.6353246059476731
6.3306330633063368 62.9418724946583339
6.3506350635063598 49.7441915586288914
6.3706370637063827 10.2043749179596901
6.3906390639063915 46.8828042692052307
6.4106410641064144 58.3481243787985520
6.4306430643064374 51.0721657694779125
6.4506450645064604 35.9885059666080309
6.4706470647064691 32.1315454817425632
6.4906490649064921 62.2977238924757160
6.5106510651065150 63.9720279874437949
6.5306530653065380 16.0796544126527223
6.5506550655065610 35.9561369088489968
6.5706570657065697 65.4537564994618890
6.5906590659065927 36.9625624967842015
6.6106610661066156 54.1967089315555484
6.6306630663066386 45.1788750790125633
6.6506650665066616 39.6693920422133672
6.6706670667066703 44.1678155857572605
6.6906690669066933 24.2125857206510808
6.7106710671067162 74.2474978300506478
6.7306730673067392 52.7664976828871133
6.7506750675067622 57.9429904438191556
6.7706770677067709 43.0974639780075748
6.7906790679067939 71.8652928091497927
6.8106810681068168 54.2930270352844957
6.8306830683068398 45.6272371333672240
6.8506850685068628 19.0716829258009000
6.8706870687068715 67.3366610871164255
6.8906890689068945 29.0903452470083224
6.9106910691069174 43.7453985585166407
6.9306930693069404 63.8896105856640872
6.9506950695069492 32.8327606918122328
6.9706970697069721 37.9536448680944289
6.9906990699069951 20.1444522356935387
7.0107010701070180 16.1061259694349879
7.0307030703070410 52.0109490038803486
7.0507050705070498 20.3237760644432015
7.0707070707070727 45.4162252464654088
7.0907090709070957 46.5535067157277851
7.1107110711071186 8.8314107319646986
7.1307130713071416 51.7814277888745949
7.1507150715071504 26.5199515076746017
7.1707170717071733 24.2664263170723871
7.1907190719071963 65.3802836532343576
7.2107210721072192 51.2039861268061074
7.2307230723072422 11.3001764423497058
7.2507250725072510 80.4154490360352554
7.2707270727072739 66.9871991337881099
7.2907290729072969 18.4524843044502447
7.3107310731073198 49.4283202309532186
7.3307330733073428 74.1964957394379923
7.3507350735073516 67.6387158923671592
7.3707370737073745 18.5156498892999046
7.3907390739073975 26.4004658505573460
7.4107410741074204 9.0865049765632122
7.4307430743074292 -12.7085674204045063
7.4507450745074522 37.8135741645151100
7.4707470747074751 26.9196507122479218
7.4907490749074981 22.5131655516025333
7.5107510751075210 38.9487469355100160
7.5307530753075298 21.5766998540385444
7.5507550755075528 27.8707047354324509
7.5707570757075757 58.8346336512891241
7.5907590759075987 35.0101510613899620
7.6107610761076216 69.0326588445928309
7.6307630763076304 41.0746994304701118
7.6507650765076534 57.1141587248915812
7.6707670767076763 33.8101463779907263
7.6907690769076993 20.7368502940132302
7.7107710771077222 25.1692055021265553
7.7307730773077310 26.3552134415962236
7.7507750775077540 35.8872600106326871
7.7707770777077769 30.6424704472585248
7.7907790779077999 31.5176131985809000
7.8107810781078229 40.1306234183969650
7.8307830783078316 29.6713439276514315
7.8507850785078546 34.6828499555584315
7.8707870787078775 64.1110672472289451
7.8907890789079005 32.8206710774639632
7.9107910791079092 8.0111478731247772
7.9307930793079322 22.4392129785261680
7.9507950795079552 23.9931924405313666
7.9707970797079781 -5.9254894149264246
7.9907990799080011 49.1280624513529318
8.0108010801080098 75.8564181488231952
8.0308030803080328 -3.8082874028664691
8.0508050805080558 26.4980269535994424
8.0708070807080787 49.5922879734250657
8.0908090809081017 3.2694936796557599
8.1108110811081104 -9.6783908980933617
8.1308130813081334 21.8688124456562250
8.1508150815081564 25.2741366747955638
8.1708170817081793 55.4940151388250200
8.1908190819082023 11.7136457886986136
8.2108210821082110 46.9406149846766283
8.2308230823082340 27.4178618738661903
8.2508250825082570 34.4839670386403085
8.2708270827082799 11.5192308852732594
8.2908290829083029 61.4848662213523482
8.3108310831083116 41.1278801083031382
8.3308330833083346 34.2733575932939729
8.3508350835083576 39.4705344943253067
8.3708370837083805 58.4369255567432475
8.3908390839083893 17.7778064465940489
8.4108410841084122 25.7688265207194576
8.4308430843084352 63.6447496552905037
8.4508450845084582 39.0373280745953082
8.4708470847084811 67.2095377041983397
8.4908490849084899 29.4450527497071413
8.5108510851085128 44.7718374494792215
8.5308530853085358 11.8368651296382623
8.5508550855085588 48.3285785667490515
8.5708570857085817 58.0005743967528034
8.5908590859085905 27.0522576423040526
8.6108610861086134 47.2368010384671777
8.6308630863086364 34.9730252715789689
8.6508650865086594 52.1710242040274181
8.6708670867086823 29.1969271260718841
8.6908690869086911 31.9627910882947930
8.7108710871087141 23.4082737452235605
8.7308730873087370 5.3453516946519528
8.7508750875087600 43.9152376087392540
8.7708770877087829 36.8993608371858457
8.7908790879087917 58.2351673359312230
8.8108810881088147 50.2704477116022943
8.8308830883088376 14.9174888481176744
8.8508850885088606 37.6212589289986852
8.8708870887088693 69.2868717842148385
8.8908890889088923 38.4146825471714735
8.9108910891089153 41.6875684190710842
8.9308930893089382 55.5483900335099108
8.9508950895089612 61.9672190710140214
8.9708970897089699 31.9800216563014068
8.9908990899089929 49.4007265563269087
9.0109010901090159 49.9912835245766587
9.0309030903090388 46.2946117408741173
9.0509050905090618 31.1273878026491815
9.0709070907090705 44.5434483120843296
9.0909090909090935 20.4565499106816873
9.1109110911091165 54.7352348476251365
9.1309130913091394 46.2470126921721558
9.1509150915091624 48.7025513326465358
9.1709170917091711 23.5152080922369109
9.1909190919091941 78.7949848730632993
9.2109210921092171 34.1314546294595331
9.2309230923092400 44.9136996953630856
9.2509250925092630 42.9708921335446377
9.2709270927092717 31.9309104590100006
9.2909290929092947 26.1002597790796216
9.3109310931093177 38.9916838112162054
9.3309330933093406 6.7484915837428865
9.3509350935093494 48.4713426081468342
9.3709370937093723 43.0206528398310013
9.3909390939093953 50.1921440359318183
9.4109410941094183 86.5012580858661977
9.4309430943094412 8.4414715332314927
9.4509450945094500 52.5509586927949570
9.4709470947094729 12.9923869286300295
9.4909490949094959 20.6156444465379280
9.5109510951095189 30.5183081512786600
9.5309530953095418 22.0710478624379505
9.5509550955095506 29.9136785861012058
9.5709570957095735 60.1239279677632936
9.5909590959095965 48.2362857382713983
9.6109610961096195 59.8241521993241463
9.6309630963096424 53.9740208665797496
9.6509650965096512 47.3451146963393441
9.6709670967096741 35.1628009809016788
9.6909690969096971 66.8510436345820693
9.7109710971097201 17.0631960502485995
9.7309730973097430 64.4885151985909744
9.7509750975097518 22.6527825147436204
9.7709770977097747 -8.3680448278368047
9.7909790979097977 14.6020935956238880
9.8109810981098207 60.2234605950004394
9.8309830983098294 45.6021721629492873
9.8509850985098524 41.0861125632814108
9.8709870987098753 55.6326611021413413
9.8909890989098983 30.7594236650666737
9.9109910991099213 37.8951156907223350
9.9309930993099300 37.0336651827831673
9.9509950995099530 37.4276780351934093
9.9709970997099759 52.7762846080473196
9.9909990999099989 56.1248375741452037
10.0110011001100219 65.0974828647560742
10.0310031003100306 49.7541939657575725
10.0510051005100536 27.3560328815893818
10.0710071007100765 22.1738800392774067
10.0910091009100995 69.6463787988003560
10.1110111011101225 25.2725092947309200
10.1310131013101312 0.4513124040429872
10.1510151015101542 19.8613254757841524
10.1710171017101771 0.1798679072340832
10.1910191019102001 14.1621676501304492
10.2110211021102231 50.9424844806240174
10.2310231023102318 30.9008452346033273
10.2510251025102548 15.6442936911705281
10.2710271027102777 48.6079897644037047
10.2910291029103007 61.5334818040140306
10.3110311031103095 6.4970871684979379
10.3310331033103324 19.9564722279156932
10.3510351035103554 29.0386310308181557
10.3710371037103783 66.0679786670529552
10.3910391039104013 67.4048689247654806
10.4110411041104101 29.5521098817239043
10.4310431043104330 33.7766452962950936
10.4510451045104560 22.6301315542010215
10.4710471047104789 41.8116621922320917
10.4910491049105019 19.5195036519836727
10.5110511051105107 45.5415810949203888
10.5310531053105336 45.7503178511203927
10.5510551055105566 51.4144683653562353
10.5710571057105795 10.1257501225197082
10.5910591059106025 52.7347228674729394
10.6110611061106113 25.7016201284994139
10.6310631063106342 39.0698103266264241
10.6510651065106572 -3.1025383570942751
10.6710671067106802 33.6510013109883914
10.6910691069107031 24.6424949041402570
10.7110711071107119 35.4178795882135091
10.7310731073107348 -9.0156362254942408
10.7510751075107578 -0.7859334432911993
10.7710771077107808 49.7643894648227842
10.7910791079107895 11.8911135510178028
10.8110811081108125 33.6440731766511902
10.8310831083108354 36.7847518197166892
10.8510851085108584 18.1435527427202388
10.8710871087108814 53.9785442453986093
10.8910891089108901 60.6208030177825066
10.9110911091109131 37.7713303059846339
10.9310931093109360 57.7606066462490162
10.9510951095109590 29.9204725553647499
10.9710971097109820 15.7079407010068586
10.9910991099109907 51.1524819112887670
11.0111011101110137 46.4601460389359886
11.0311031103110366 70.1445763014996828
11.0511051105110596 36.3199260942899613
11.0711071107110826 25.6076800366479240
11.0911091109110913 7.3118654442993822
11.1111111111111143 19.6054619868155946
11.1311131113111372 67.9121099916964965
11.1511151115111602 20.0388660313299098
11.1711171117111832 33.3308326262884052
11.1911191119111919 35.8085878963831803
11.2111211121112149 12.5589024029066252
11.2311231123112378 13.8605412827475831
11.2511251125112608 58.6514070516512120
11.2711271127112695 24.1251764662771961
11.2911291129112925 36.1427485679429736
11.3111311131113155 34.3041042808915790
11.3311331133113384 70.1198398290568292
11.3511351135113614 24.1288017063814699
11.3711371137113701 26.0711404828469675
11.3911391139113931 41.8169377632146393
11.4111411141114161 25.0462002813448912
11.4311431143114390 30.7288598705283214
11.4511451145114620 64.8032268330758825
11.4711471147114707 45.4925199928839277
11.4911491149114937 44.6913242543664211
11.5111511151115167 34.6781777964220908
11.5311531153115396 24.9680574721179553
11.5511551155115626 15.6554453911938047
11.5711571157115714 39.9641421761429214
11.5911591159115943 29.5087528934567942
11.6111611161116173 55.8493368016388416
11.6311631163116402 47.9028325829859796
11.6511651165116632 31.3824979386168614
11.6711671167116720 26.8309415602677355
11.6911691169116949 65.1326676648974683
11.7111711171117179 52.8338259323365094
11.7311731173117408 66.7318295181660517
11.7511751175117496 47.2607713268339893
11.7711771177117726 33.8859193351580004
11.7911791179117955 23.9902959886854816
11.8111811181118185 49.7702847269562341
11.8311831183118414 38.4965642499350338
11.8511851185118502 19.0233858707547618
11.8711871187118732 67.9080374618196885
11.8911891189118961 11.1169065754797813
11.9111911191119191 57.6674168932770357
11.9311931193119420 3.1082262153256224
11.9511951195119508 15.1030329179064857
11.9711971197119738 -3.2411807394728598
11.9911991199119967 65.2664336954190389
12.0112011201120197 39.3010365872675465
12.0312031203120426 4.5916308491092792
12.0512051205120514 65.8997310073871461
12.0712071207120744 55.7695041177551971
12.0912091209120973 30.7379954721889561
12.1112111211121203 -4.7985670609228848
12.1312131213121432 65.0096169690966832
12.1512151215121520 31.8667945429932224
12.1712171217121750 21.9039437457791983
12.1912191219121979 -2.8015094514393795
12.2112211221122209 30.4824218680359031
12.2312231223122296 22.6620627295664079
12.2512251225122526 8.8560288275994523
12.2712271227122756 39.1113976133908352
12.2912291229122985 35.2608967215090416
12.3112311231123215 17.5707788874816799
12.3312331233123302 41.7267601284281184
12.3512351235123532 73.3115143583748647
12.3712371237123762 29.6071805643048336
12.3912391239123991 38.4150572724418069
12.4112411241124221 7.1772130441662263
12.4312431243124308 20.3589065561454774
12.4512451245124538 19.7880704843363375
12.4712471247124768 72.2525352641165313
12.4912491249124997 31.0805538308851403
12.5112511251125227 57.2701530519089772
12.5312531253125314 50.2344283851529241
12.5512551255125544 34.5427513835775954
12.5712571257125774 33.5933768516527920
12.5912591259126003 20.9103912454673093
12.6112611261126233 48.2760118768713724
12.6312631263126320 0.6220938812516366
12.6512651265126550 48.7600571717333935
12.6712671267126780 29.2576567825782341
12.6912691269127009 -1.2121861567004615
12.7112711271127239 33.1873518202968185
12.7312731273127326 37.3468922482797865
12.7512751275127556 9.0833849748471671
12.7712771277127786 47.1880339842774390
12.7912791279128015 22.2583295458900103
12.8112811281128103 20.0842145950804607
12.8312831283128332 28.9725302453550206
12.8512851285128562 36.2896454639439412
12.8712871287128792 48.9843305901871702
12.8912891289129021 12.6233270388011327
12.9112911291129109 29.8361533308184796
12.9312931293129338 23.5926727570971408
12.9512951295129568 27.8992558955968804
12.9712971297129798 12.4756922629568976
12.9912991299130027 31.0223834825767248
13.0113011301130115 32.2105860360361262
13.0313031303130344 21.9922408963685960
13.0513051305130574 52.4849468800855874
13.0713071307130804 22.3007429139425639
13.0913091309131033 30.8872867148242847
13.1113111311131121 22.6816943464135719
13.1313131313131350 39.3718893946030732
13.1513151315131580 10.1608534563764756
13.1713171317131810 51.6866865230688433
13.1913191319132039 24.0399312752383878
13.2113211321132127 6.6173207166892709
13.2313231323132356 39.5929274035843335
13.2513251325132586 19.2812257583279667
13.2713271327132816 33.8778236852169741
13.2913291329132903 24.1203487226087532
13.3113311331133133 20.2822053476487483
13.3313331333133362 42.9605016740282863
13.3513351335133592 56.6088202703344621
13.3713371337133822 26.6627754323361579
13.3913391339133909 59.7048105440556114
13.4113411341134139 29.4503636571989027
13.4313431343134368 54.2707091679100273
13.4513451345134598 28.2455810107138205
13.4713471347134828 35.6527604845121999
13.4913491349134915 25.2445680281125249
13.5113511351135145 33.2865970396067326
13.5313531353135375 24.7097220524343264
13.5513551355135604 32.9657987633310867
13.5713571357135834 39.0930245422216984
13.5913591359135921 44.4749899853821944
13.6113611361136151 34.2550460825725338
13.6313631363136381 40.5637448244304295
13.6513651365136610 53.6049186263790176
13.6713671367136840 44.0009042068156404
13.6913691369136927 69.3351924192523654
13.7113711371137157 57.6249876109965555
13.7313731373137387 26.7358462008516540
13.7513751375137616 34.5048391464266757
13.7713771377137704 36.1975269568319860
13.7913791379137933 58.9174990835159349
13.8113811381138163 20.8847209208952691
13.8313831383138393 47.8336012341260570
13.8513851385138622 26.4368661369815570
13.8713871387138710 36.8680265952418864
13.8913891389138939 27.5567695171002320
13.9113911391139169 25.9003433520883490
13.9313931393139399 9.2205088657566918
13.9513951395139628 36.1100656436394303
13.9713971397139716 25.9476782975429572
13.9913991399139945 11.2233171455113521
14.0114011401140175 34.5652592309919484
14.0314031403140405 49.7479887339601277
14.0514051405140634 22.1419644333963461
14.0714071407140722 55.9332424914243376
14.0914091409140951 49.8221397558952646
14.1114111411141181 40.7627805524158049
14.1314131413141411 32.9110494976203327
14.1514151415141640 31.7357586362492405
14.1714171417141728 42.8403305845845495
14.1914191419141957 4.4921872587563350
14.2114211421142187 45.9741890604139911
14.2314231423142417 21.3287815566041381
14.2514251425142504 52.8065948599817574
14.2714271427142734 79.9596928356801726
14.2914291429142963 43.8481420868235858
14.3114311431143193 43.9780324031608387
14.3314331433143423 55.1726091656803277
14.3514351435143510 29.5851103075406314
14.3714371437143740 47.4888923897939250
14.3914391439143969 35.2930057780498245
14.4114411441144199 -13.9700239442849394
14.4314431443144429 56.7467819843551595
14.4514451445144516 11.5324956042783988
14.4714471447144746 55.4196608428253725
14.4914491449144975 54.6809854864695950
14.5114511451145205 50.5038702824244723
14.5314531453145435 48.6144644532199379
14.5514551455145522 35.5383395206526060
14.5714571457145752 62.2056264154971856
14.5914591459145981 41.0958094082700782
14.6114611461146211 4.2898506345070651
14.6314631463146441 18.5148831152752678
14.6514651465146528 55.8374038457896091
14.6714671467146758 65.1098942055968735
14.6914691469146987 48.1352133430445122
14.7114711471147217 10.1998174065663108
14.7314731473147305 39.6237078351267087
14.7514751475147534 59.4732593917977965
14.7714771477147764 17.9512814393462214
14.7914791479147993 9.4600780560157354
14.8114811481148223 54.6711137896141253
14.8314831483148311 -2.6858575338314559
14.8514851485148540 45.9098486749771268
14.8714871487148770 60.5395026887680103
14.8914891489148999 3.9280640626491206
14.9114911491149229 1.2989882352937627
14.9314931493149317 54.5421001234093552
14.9514951495149546 54.3566069194833190
14.9714971497149776 15.7579583235985279
14.9914991499150005 0.1708984135060945
15.0115011501150235 61.0935387853128162
15.0315031503150323 41.2663200645378510
15.0515051505150552 -1.4995601764486111
15.0715071507150782 16.4956089075516985
15.0915091509151011 20.5153902758125533
15.1115111511151241 17.0371814366545919
15.1315131513151329 16.6525186996847125
15.1515151515151558 13.9312291947910456
15.1715171517151788 4.4551892023734965
15.1915191519152017 22.2837774717431252
15.2115211521152105 42.3731872707218500
15.2315231523152335 45.7024801775703224
15.2515251525152564 2.7918955358458994
15.2715271527152794 27.4219796325883003
15.2915291529153023 40.1493469798265323
15.3115311531153111 25.6128878462462950
15.3315331533153341 21.5813073322147915
15.3515351535153570 54.3076224389349278
15.3715371537153800 17.0493403280374380
15.3915391539154029 33.5036586165922188
15.4115411541154117 25.4387558522342125
15.4315431543154347 2.2521942864104112
15.4515451545154576 43.5540097299484330
15.4715471547154806 18.1806297436901403
15.4915491549155036 3.4454316204445483
15.5115511551155123 12.3715386699780314
15.5315531553155353 14.7546907203695028
15.5515551555155582 13.0969137463638905
15.5715571557155812 19.6685966349608847
15.5915591559156042 25.7200492903098521
15.6115611561156129 13.9550637238946784
15.6315631563156359 20.1118945990549101
15.6515651565156588 65.5133269494964168
15.6715671567156818 11.3257510984448011
15.6915691569156905 -2.6820458139163179
15.7115711571157135 48.9700929057359389
15.7315731573157365 -14.2875847708615211
15.7515751575157594 28.1867203007723255
15.7715771577157824 36.6905693527000949
15.7915791579157911 25.8090866975938873
15.8115811581158141 35.7296669359439960
15.8315831583158371 30.7636854048529962
15.8515851585158600 46.3792550323998825
15.8715871587158830 46.1640228052482371
15.8915891589158917 45.1603056311770885
15.9115911591159147 32.2736212153883386
15.9315931593159377 51.6982908050529275
15.9515951595159606 45.3003214280153088
15.9715971597159836 -7.8169261010724398
15.9915991599159923 2.8231992012917893
16.0116011601160153 19.2219825990024624
16.0316031603160383 33.1363008703165889
16.0516051605160612 15.2826319219270577
16.0716071607160842 13.2518794060115557
16.0916091609160929 47.1326286801433625
16.1116111611161159 35.3635344672715703
16.1316131613161389 29.6890714614972850
16.1516151615161618 37.5065320282958083
16.1716171617161706 18.3284909718987095
16.1916191619161935 35.2140260909961782
16.2116211621162165 23.8241530628726359
16.2316231623162395 49.2757581898437280
16.2516251625162624 15.4497999685587342
16.2716271627162712 -7.4881489153603162
16.2916291629162941 7.2152800021158612
16.3116311631163171 25.8138128532392557
16.3316331633163401 9.2645975251607204
16.3516351635163630 21.3541881739470121
16.3716371637163718 40.8302477441749048
16.3916391639163948 16.2775752907479045
16.4116411641164177 43.0232537632810121
16.4316431643164407 24.1166383166330576
16.4516451645164636 64.8567332348690258
16.4716471647164724 17.1573816807931472
16.4916491649164954 5.8621886231831439
16.5116511651165183 3.8781529100402921
16.5316531653165413 5.6720876095171739
16.5516551655165642 52.6395211279205384
16.5716571657165730 30.0899279257585661
16.5916591659165960 5.9765936364356165
16.6116611661166189 55.8820886978879230
16.6316631663166419 34.5145957610241183
16.6516651665166506 22.9210494304879440
16.6716671667166736 46.7239762421206990
16.6916691669166966 20.6556116642915342
16.7116711671167195 67.3603273768864312
16.7316731673167425 27.9337846631804041
16.7516751675167512 8.2194269614195470
16.7716771677167742 37.9719485687623148
16.7916791679167972 18.8727590183363247
16.8116811681168201 11.5998766560457511
16.8316831683168431 25.5051958608565883
16.8516851685168518 17.3941044728341865
16.8716871687168748 -4.6802343274054827
16.8916891689168978 45.5265848640432722
16.9116911691169207 -2.9276382142128803
16.9316931693169437 60.1202520159027216
16.9516951695169524 23.8499541253366516
16.9716971697169754 1.1344412004270410
16.9916991699169984 -16.8300185356537710
17.0117011701170213 44.3371996304349025
17.0317031703170443 -6.1418041199918463
17.0517051705170530 24.4721683374518193
17.0717071707170760 12.7194545632484139
17.0917091709170990 30.3755146248349455
17.1117111711171219 29.1112682829650176
17.1317131713171307 36.3246938914508917
17.1517151715171536 -0.2949559292253845
17.1717171717171766 15.6608485288990344
17.1917191719171996 3.8111930602631681
17.2117211721172225 32.6935387726881856
17.2317231723172313 30.8048521200564238
17.2517251725172542 -1.9734117875020338
17.2717271727172772 -1.1526071960931894
17.2917291729173002 -7.6271600088339433
17.3117311731173231 46.0835009953993051
17.3317331733173319 1.9416863473268720
17.3517351735173548 17.2894326388952955
17.3717371737173778 10.1053274351102971
17.3917391739174008 2.4996177161049751
17.4117411741174237 0.5036131955143013
17.4317431743174325 28.0613754043775891
17.4517451745174554 54.6641400957156520
17.4717471747174784 29.0708182015810479
17.4917491749175014 37.8845987767233794
17.5117511751175243 5.8990964931253700
17.5317531753175331 18.1954081719551972
17.5517551755175560 54.1857022336187697
17.5717571757175790 44.1070864139198306
17.5917591759176020 26.4192226124693015
17.6117611761176107 27.6189277365755501
17.6317631763176337 33.1513287553488141
17.6517651765176566 27.2670188768312158
17.6717671767176796 14.8825609807340058
17.6917691769177026 -0.5205861485794898
17.7117711771177113 34.8469742190802378
17.7317731773177343 -6.7659061234183362
17.7517751775177572 -10.0413850707870154
17.7717771777177802 31.4183930887594443
17.7917791779178032 -1.1016947745682302
17.8117811781178119 33.0382911473019334
17.8317831783178349 26.0199083434007861
17.8517851785178578 42.3907942782082685
17.8717871787178808 -23.5778940906603047
17.8917891789179038 26.6503673542428636
17.9117911791179125 23.7067287343281556
17.9317931793179355 55.6034738835326650
17.9517951795179584 33.1385800340746641
17.9717971797179814 -0.9913365623336361
17.9917991799180044 59.6708172984719241
18.0118011801180131 27.7951889563376291
18.0318031803180361 -24.0996103101093624
18.0518051805180590 11.7962807866412209
18.0718071807180820 16.0148077465279322
18.0918091809180908 -5.5061382650519342
18.1118111811181137 16.1177318091742485
18.1318131813181367 34.5772437156399448
18.1518151815181596 26.4001286023629085
18.1718171817181826 27.2046039568152516
18.1918191819181914 13.3614726576724898
18.2118211821182143 10.9436444307113145
18.2318231823182373 -12.3163708614519010
18.2518251825182602 26.4610376474030105
18.2718271827182832 6.5469372819831371
18.2918291829182920 40.3505671263642114
18.3118311831183149 40.4152524694081308
18.3318331833183379 34.7665470137089727
18.3518351835183609 25.9738635947220402
18.3718371837183838 48.2736963431959367
18.3918391839183926 23.4870536831014292
18.4118411841184155 33.5017581180110540
18.4318431843184385 25.0328583862663763
18.4518451845184615 48.5854688423249144
18.4718471847184844 -8.8747111014435092
18.4918491849184932 -13.8665034012781589
18.5118511851185161 19.6100837923770577
18.5318531853185391 64.5593276893020800
18.5518551855185621 29.0947859702655265
18.5718571857185708 16.0024311227185976
18.5918591859185938 12.5221772786670194
18.6118611861186167 11.9663544921969773
18.6318631863186397 23.9183238663333277
18.6518651865186627 33.7452968705836795
18.6718671867186714 12.4703684647576516
18.6918691869186944 30.4708287776328319
18.7118711871187173 5.6353965152275549
18.7318731873187403 47.7814550051535747
18.7518751875187633 19.5611011891522502
18.7718771877187720 36.5138578797241706
18.7918791879187950 6.3007855383880536
18.8118811881188179 45.1761246956181850
18.8318831883188409 22.9654418796843274
18.8518851885188639 6.5789754869879680
18.8718871887188726 31.5854203927333543
18.8918891889188956 28.3459570084066073
18.9118911891189185 15.5573683208292124
18.9318931893189415 6.1482212562262877
18.9518951895189645 23.7547787701452364
18.9718971897189732 28.9201373561906969
18.9918991899189962 33.5248376545863138
19.0119011901190191 12.2072861381864435
19.0319031903190421 7.7453662415980133
19.0519051905190508 22.8706026436796570
19.0719071907190738 26.5672407401919131
19.0919091909190968 52.2694984645312246
19.1119111911191197 14.9811046675225903
19.1319131913191427 36.4548104590606385
19.1519151915191514 43.9728104442697543
19.1719171917191744 40.1960302475272684
19.1919191919191974 29.8641276987716395
19.2119211921192203 8.1965153000446875
19.2319231923192433 -23.8292996761158875
19.2519251925192521 50.3212905669160477
19.2719271927192750 -5.6796262770396240
19.2919291929192980 14.6415373236281336
19.3119311931193209 7.1744926842166290
19.3319331933193439 11.5829324955296613
19.3519351935193527 -4.0133912557285001
19.3719371937193756 35.3429975765861712
19.3919391939193986 52.6482148780574306
19.4119411941194215 42.6501730463288027
19.4319431943194445 23.5971145131495881
19.4519451945194533 -14.2257858495054030
19.4719471947194762 15.9914936626988506
19.4919491949194992 19.7812145473552086
19.5119511951195221 20.3573652405975061
19.5319531953195309 39.7854210366534602
19.5519551955195539 28.0327814849878791
19.5719571957195768 11.4761712170664172
19.5919591959195998 33.1562469404414486
19.6119611961196227 23.8095601642571424
19.6319631963196315 6.5044120504779492
19.6519651965196545 37.5169635247703326
19.6719671967196774 13.2253293951399726
19.6919691969197004 33.9057431704490568
19.7119711971197233 25.2469997851115622
19.7319731973197321 10.6442508426293063
19.7519751975197551 23.0600102423826243
19.7719771977197780 28.0923633756790814
19.7919791979198010 -1.6518795022413606
19.8119811981198239 21.3519236203873035
19.8319831983198327 22.2954557052682460
19.8519851985198557 5.4630090694863824
19.8719871987198786 13.1854500417411700
19.8919891989199016 23.8825290694326213
19.9119911991199245 38.8876363382269332
19.9319931993199333 -7.8236020583280173
19.9519951995199563 9.7951467798697998
19.9719971997199792 34.2235061316777092
19.9919991999200022 12.9836646641474491
20.0120012001200109 -16.9660345865843034
20.0320032003200339 6.0454266645498933
20.0520052005200569 0.7329766810940406
20.0720072007200798 19.5164658627780696
20.0920092009201028 21.8203333738105343
20.1120112011201115 34.4608211396811726
20.1320132013201345 29.6494761925753849
20.1520152015201575 34.5634844476108185
20.1720172017201804 -10.9405513968958807
20.1920192019202034 20.8975474783408686
20.2120212021202121 14.3650415844117578
20.2320232023202351 7.1555297113692955
20.2520252025202581 -7.9266833897063940
20.2720272027202810 6.4554618153869221
20.2920292029203040 1.4647355980863370
20.3120312031203127 12.3369630718170242
20.3320332033203357 37.4531645179788057
20.3520352035203587 44.9145205684970890
20.3720372037203816 43.2615952794311340
20.3920392039204046 -4.2129624004385455
20.4120412041204133 19.4434954264428619
20.4320432043204363 27.3088997321153215
20.4520452045204593 28.2461181546568270
20.4720472047204822 2.3818512105839780
20.4920492049204910 30.1487655247408206
20.5120512051205139 15.9724155432418069
20.5320532053205369 -0.6457359705829280
20.5520552055205599 16.3272663130976525
20.5720572057205828 12.4504497617011047
20.5920592059205916 -6.5649777922563484
20.6120612061206145 1.3646859976606045
20.6320632063206375 -13.1448136401177607
20.6520652065206605 50.6230196909884995
20.6720672067206834 23.0225734826213753
20.6920692069206922 -6.1752108985683378
20.7120712071207151 -6.9131126571238415
20.7320732073207381 6.9287496232841974
20.7520752075207611 -14.4559948157301594
20.7720772077207840 -9.3530003217091995
20.7920792079207928 44.8823647829484855
20.8120812081208157 22.9081795201476481
20.8320832083208387 53.7067691523297768
20.8520852085208617 7.6978258062055680
20.8720872087208846 28.5633268859211924
20.8920892089208934 5.2519900412591536
20.9120912091209163 0.0946914654291309
20.9320932093209393 33.6993156763382657
20.9520952095209623 18.9763856780786995
20.9720972097209710 31.8132872606589672
20.9920992099209940 -0.9629380877976637
21.0121012101210169 12.6706731439450397
21.0321032103210399 19.8673434860662717
21.0521052105210629 36.7211684346679874
21.0721072107210716 3.6723708941524897
21.0921092109210946 -1.4813940519287829
21.1121112111211175 38.0000554624796720
21.1321132113211405 -12.1775351398272562
21.1521152115211635 19.9912758387466809
21.1721172117211722 47.4270432538307602
21.1921192119211952 3.3223612251875583
21.2121212121212182 18.2687709423996019
21.2321232123212411 18.9416144177173464
21.2521252125212641 22.7633703596853358
21.2721272127212728 16.7753427281630145
21.2921292129212958 33.0741401837692521
21.3121312131213188 44.2859491648859702
21.3321332133213417 52.1949583231438652
21.3521352135213647 26.5367948583951936
21.3721372137213734 4.5504443091702136
21.3921392139213964 -45.7223522467225933
21.4121412141214194 5.6308668021924984
21.4321432143214423 7.8070865702784609
21.4521452145214511 14.5868147080907011
21.4721472147214740 2.2128671687238448
21.4921492149214970 1.6522058142315963
21.5121512151215200 16.8867952610416623
21.5321532153215429 22.3870400438893249
21.5521552155215517 6.9316271445024960
21.5721572157215746 59.0516682396048367
21.5921592159215976 26.8576996952545883
21.6121612161216206 31.9299848059415794
21.6321632163216435 22.9621808471109645
21.6521652165216523 -4.9547471641095306
21.6721672167216752 -29.6458803753673905
21.6921692169216982 5.9935752009102314
21.7121712171217212 23.0452409515404000
21.7321732173217441 23.3270378982884736
21.7521752175217529 4.6011205090472984
21.7721772177217758 20.1488507838459974
21.7921792179217988 7.3173978346275304
21.8121812181218218 27.2409218183307331
21.8321832183218447 11.6551348912867940
21.8521852185218535 -5.2729828047350598
21.8721872187218764 28.0587924428940667
21.8921892189218994 13.1659631471256944
21.9121912191219224 4.8089887355060448
21.9321932193219311 42.9267271941996142
21.9521952195219541 -25.5439703531894864
21.9721972197219770 -12.3328889620592559
21.9921992199220000 -11.5858709785592602
22.0122012201220230 -1.7450407300234154
22.0322032203220317 11.5145008544252718
22.0522052205220547 -3.8683967267781494
22.0722072207220776 -20.7590408143096852
22.0922092209221006 -6.1219948021676558
22.1122112211221236 47.5092439202320591
22.1322132213221323 4.4882112339582765
22.1522152215221553 1.1587504769382431
22.1722172217221782 35.7738461504163752
22.1922192219222012 4.5361805524075063
22.2122212221222242 45.9596012067547264
22.2322232223222329 34.8185985707358938
22.2522252225222559 27.7575011637177589
22.2722272227222788 12.6826422522451576
22.2922292229223018 -2.7975094745114504
22.3122312231223248 29.8934256204252975
22.3322332233223335 37.8306746975305828
22.3522352235223565 30.7773758964354940
22.3722372237223794 3.3812942183470964
22.3922392239224024 6.8503774536880142
22.4122412241224112 -21.1346933338291123
22.4322432243224341 20.9623254685434972
22.4522452245224571 -14.9143591107999089
22.4722472247224800 42.5900119763025558
22.4922492249225030 59.6415644701023524
22.5122512251225118 -13.6338522669693170
22.5322532253225347 -7.3390928841883696
22.5522552255225577 -12.0562813548869610
22.5722572257225806 8.2721088295009331
22.5922592259226036 -6.1242282950829594
22.6122612261226124 -5.6321712736595124
22.6322632263226353 -15.7716100957488958
22.6522652265226583 23.9219760922015467
22.6722672267226812 2.4385341719406419
22.6922692269227042 22.2252212417443573
22.7122712271227130 -22.6864783565028709
22.7322732273227359 21.2567319311056195
22.7522752275227589 11.6904242529599411
22.7722772277227818 -34.9517726922303993
22.7922792279228048 22.7379095407561209
22.8122812281228136 -8.1775338555896706
22.8322832283228365 -2.8145749152849842
22.8522852285228595 15.4241188202492605
22.8722872287228824 16.5131103220856126
22.8922892289228912 -8.2673806990311132
22.9122912291229142 10.3607944727765506
22.9322932293229371 3.4105886586455849
22.9522952295229601 2.6053959552318693
22.9722972297229830 3.1889562564839702
22.9922992299229918 27.8223554493231191
23.0123012301230148 -37.8393683353671477
23.0323032303230377 14.6247677222655064
23.0523052305230607 7.6122925694302932
23.0723072307230836 4.5940351842144977
23.0923092309230924 -7.9429791776071355
23.1123112311231154 -0.0075570744847475
23.1323132313231383 46.8075386754561293
23.1523152315231613 8.8503687399311044
23.1723172317231842 5.6255272667420568
23.1923192319231930 -6.4673709960589782
23.2123212321232160 22.6436921461540877
23.2323232323232389 14.1183571571853328
23.2523252325232619 -17.0952615125240754
23.2723272327232849 10.0204710877126324
23.2923292329232936 -37.4689242399118783
23.3123312331233166 48.6877501545441831
23.3323332333233395 16.9735035140114263
23.3523352335233625 10.7815828120688160
23.3723372337233855 11.5217880371574513
23.3923392339233942 13.1038745641377510
23.4123412341234172 6.1934727412144301
23.4323432343234401 -6.2578712204157618
23.4523452345234631 -12.2239190276448522
23.4723472347234718 7.3486860344436620
23.4923492349234948 31.2777661776312925
23.5123512351235178 40.2842789624201458
23.5323532353235407 28.8035809488220629
23.5523552355235637 9.4837638250441056
23.5723572357235724 6.5803928193799885
23.5923592359235954 29.9699021106427566
23.6123612361236184 24.9092528851506358
23.6323632363236413 36.9829478366182443
23.6523652365236643 31.3879266620324273
23.6723672367236730 -2.8304589358545345
23.6923692369236960 23.5646693538547289
23.7123712371237190 4.8119872265971182
23.7323732373237419 12.0025173728228083
23.7523752375237649 -24.3047157318143121
23.7723772377237736 10.5077426455989489
23.7923792379237966 6.4164510835952875
23.8123812381238196 -12.9237688663061068
23.8323832383238425 27.6644820225170278
23.8523852385238655 -7.4252124343889321
23.8723872387238742 19.6532214768517441
23.8923892389238972 0.5909777031663737
23.9123912391239202 34.9095656820946232
23.9323932393239431 18.7953385980311900
23.9523952395239519 12.9728480192445090
23.9723972397239748 -8.8151891941809488
23.9923992399239978 19.9693484302847892
24.0124012401240208 -38.8002928988069087
24.0324032403240437 7.1199251445004341
24.0524052405240525 8.1828843414191876
24.0724072407240755 54.9452042570580801
24.0924092409240984 58.8336451782867371
24.1124112411241214 -17.2738436135709534
24.1324132413241443 5.8142229837095982
24.1524152415241531 -9.4463828410275745
24.1724172417241761 -36.6669886346422800
24.1924192419241990 1.3704948939694832
24.2124212421242220 -2.7177607418760310
24.2324232423242449 40.4123979876551473
24.2524252425242537 7.1387562909141185
24.2724272427242767 -2.4261122334648189
24.2924292429242996 30.4858550611869781
24.3124312431243226 -17.4477951506700357
24.3324332433243455 4.1302767532630966
24.3524352435243543 6.4915639447589149
24.3724372437243773 20.3535000408923423
24.3924392439244002 8.8223861775629100
24.4124412441244232 30.8527237846165647
24.4324432443244319 -33.7677904115581526
24.4524452445244549 31.7613766804007511
24.4724472447244779 28.6849809276181951
24.4924492449245008 -18.6194479418375103
24.5124512451245238 5.2595553401890669
24.5324532453245325 -17.9945913143567040
24.5524552455245555 6.5681185412697856
24.5724572457245785 2.6552437370073383
24.5924592459246014 -14.8204299624925184
24.6124612461246244 32.5517847752285903
24.6324632463246331 11.2231032335085068
24.6524652465246561 10.1656845173035713
24.6724672467246791 19.5789419109824330
24.6924692469247020 8.5893669735128935
24.7124712471247250 19.3544779132189220
24.7324732473247337 14.9378983978580884
24.7524752475247567 -2.5864408992642307
24.7724772477247797 4.4555234813821398
24.7924792479248026 -6.9006996039308017
24.8124812481248256 -39.2241220404112312
24.8324832483248343 25.2860300843138610
24.8524852485248573 36.1668220641949674
24.8724872487248803 -13.9604067589137024
24.8924892489249032 -6.1390115548172499
24.9124912491249120 -8.3533477888791481
24.9324932493249349 18.8499661582250297
24.9524952495249579 -2.8506690808529358
24.9724972497249809 57.1357855721624830
24.9924992499250038 8.7587515344801297
25.0125012501250126 -9.8441861363585108
25.0325032503250355 1.3939097243037644
25.0525052505250585 -27.8556008235334680
25.0725072507250815 -3.1957268178532363
25.0925092509251044 34.4965060950067084
25.1125112511251132 16.1499310751540790
25.1325132513251361 38.3151343372587547
25.1525152515251591 -35.6737160597691982
25.1725172517251821 -4.1053394643257759
25.1925192519252050 -1.7282490602455436
25.2125212521252138 -9.4402077470871806
25.2325232523252367 -14.2144701234137525
25.2525252525252597 40.5459328561073420
25.2725272527252827 21.9039276886669612
25.2925292529253056 8.0300076487332426
25.3125312531253144 6.5663870543654141
25.3325332533253373 0.6207405823905590
25.3525352535253603 -25.2796734387921589
25.3725372537253833 16.6456010707159443
25.3925392539253920 15.9981145228493205
25.4125412541254150 4.8950875171778137
25.4325432543254379 15.6918844592922468
25.4525452545254609 1.1641659363946064
25.4725472547254839 20.1386818514037351
25.4925492549254926 -24.9740593831230271
25.5125512551255156 -4.1496330478835208
25.5325532553255385 -0.0616727529939083
25.5525552555255615 23.5962282703028166
25.5725572557255845 3.3165432256653204
25.5925592559255932 -7.0322423279286372
25.6125612561256162 -25.3449776197406855
25.6325632563256391 12.9868410479012280
25.6525652565256621 14.6938661384768388
25.6725672567256851 9.5701924946330656
25.6925692569256938 6.1457437346929691
25.7125712571257168 42.9447506071352549
25.7325732573257397 0.6595732523163356
25.7525752575257627 9.1003480278834292
25.7725772577257857 -7.6249964845627556
25.7925792579257944 7.1076603396366709
25.8125812581258174 -33.9376290211280320
25.8325832583258403 26.3369829885495577
25.8525852585258633 10.9729892843485857
25.8725872587258721 7.7926854715123710
25.8925892589258950 24.9524965065964288
25.9125912591259180 5.1827886994418586
25.9325932593259409 -3.0756141194410982
25.9525952595259639 -18.8510486485708668
25.9725972597259727 -8.0372579443934384
25.9925992599259956 -16.0893892574665252
26.0126012601260186 52.8932189182720265
26.0326032603260415 -6.7574004447535287
26.0526052605260645 -24.3108439623779518
26.0726072607260733 -5.5215975601454845
26.0926092609260962 25.4124277068643778
26.1126112611261192 9.5646149219385457
26.1326132613261422 33.1236098760245099
26.1526152615261651 28.7681855279380905
26.1726172617261739 -23.5827959078994525
26.1926192619261968 -7.2343939426290502
26.2126212621262198 16.5358056137120357
26.2326232623262428 -5.9002605909674504
26.2526252625262657 -10.3383329649095934
26.2726272627262745 25.1473949549802711
26.2926292629262974 -44.2123043560005868
26.3126312631263204 -2.1610274854987543
26.3326332633263434 -10.1107965983211834
26.3526352635263521 -17.9217179251852805
26.3726372637263751 6.8437470776148333
26.3926392639263980 5.8368566467244341
26.4126412641264210 25.9717840202921337
26.4326432643264440 -2.3299944530794052
26.4526452645264527 28.5709453086399598
26.4726472647264757 -28.2275082545070397
26.4926492649264986 -8.1553670902601567
26.5126512651265216 13.0962857763714382
26.5326532653265446 5.4130570304354375
26.5526552655265533 -28.3752876339587523
26.5726572657265763 9.5394039774647066
26.5926592659265992 -0.6445162053013429
26.6126612661266222 22.4011368352494848
26.6326632663266452 49.6566648341344745
26.6526652665266539 17.0695049814344237
26.6726672667266769 -17.0829032755342176
26.6926692669266998 -14.2455737469587653
26.7126712671267228 -3.2399987468325362
26.7326732673267458 12.5225158683725635
26.7526752675267545 17.6249240467101664
26.7726772677267775 13.1754961908298167
26.7926792679268004 -6.6971235693026694
26.8126812681268234 12.2550892924676411
26.8326832683268321 36.6836772935672926
26.8526852685268551 -0.1991435097967417
26.8726872687268781 17.9263955986300054
26.8926892689269010 -13.5559629616727282
26.9126912691269240 3.1178474254208925
26.9326932693269328 -18.8010908598067488
26.9526952695269557 -44.6714997636037339
26.9726972697269787 1.6773524807981905
26.9926992699270016 -25.8388147282941141
27.0127012701270246 2.2256011303815217
27.0327032703270334 12.4749882956650637
27.0527052705270563 14.9179295780483319
27.0727072707270793 13.6600917436662037
27.0927092709271022 -19.4099908041415574
27.1127112711271252 -44.9800836793556726
27.1327132713271340 -3.1730840894553269
27.1527152715271569 20.4458845418882120
27.1727172717271799 -25.9751589382566799
27.1927192719272028 6.7333392375712569
27.2127212721272258 -5.8060959212527630
27.2327232723272346 33.4955618787395082
27.2527252725272575 5.3902317452399693
27.2727272727272805 32.7011896664339474
27.2927292729273034 -17.1329545107971271
27.3127312731273122 -37.7046788911035904
27.3327332733273352 -14.8292592515823465
27.3527352735273581 -16.1237009970605421
27.3727372737273811 10.0432935373762913
27.3927392739274040 2.1535148526032968
27.4127412741274128 -10.5391538028223195
27.4327432743274358 48.5509926733709634
27.4527452745274587 -32.4656418455493991
27.4727472747274817 1.4366547502953133
27.4927492749275046 -28.7819781156324410
27.5127512751275134 26.1165049020056586
27.5327532753275364 -16.0095414685814248
27.5527552755275593 15.9542680097671035
27.5727572757275823 36.6525823721229429
27.5927592759276052 -5.0076453163261530
27.6127612761276140 -12.8754797858443268
27.6327632763276370 -25.6042915572948218
27.6527652765276599 10.8165621973606552
27.6727672767276829 -12.9446766269793727
27.6927692769277058 -8.0583263919589463
27.7127712771277146 1.7328363712604693
27.7327732773277376 10.0535823335568768
27.7527752775277605 6.5323157574798989
27.7727772777277835 13.7483876119620181
27.7927792779277922 -10.6221078381109457
27.8127812781278152 -9.0824121905744537
27.8327832783278382 4.3813268729935428
27.8527852785278611 10.0878431069041881
27.8727872787278841 -5.3893964302186452
27.8927892789278928 -10.3399746612178554
27.9127912791279158 -41.6305996196371879
27.9327932793279388 -3.2127536350304213
27.9527952795279617 -22.4769212822426212
27.9727972797279847 5.6909045901079365
27.9927992799279934 -0.1056416680622174
28.0128012801280306 7.2493686022202457
28.0328032803280394 7.3805359973023741
28.0528052805280481 -21.1002157675602220
28.0728072807280853 1.8940099407009932
28.0928092809280940 21.8733371607800393
28.1128112811281312 -23.2612999267628062
28.1328132813281400 -14.6824154793995003
28.1528152815281487 -17.6545161362345411
28.1728172817281859 -13.6818333704810424
28.1928192819281946 -33.0837221500716439
28.2128212821282318 6.9185368956954960
28.2328232823282406 -35.2958717377673281
28.2528252825282493 3.5617836981282589
28.2728272827282865 -2.0377338542994892
28.2928292829282952 6.8184429032435050
28.3128312831283324 11.5304454950738116
28.3328332833283412 6.6952639551197377
28.3528352835283499 -32.3488913666972593
28.3728372837283871 21.4475167854288635
28.3928392839283958 -10.6359812758071506
28.4128412841284330 -25.5698441972296955
28.4328432843284418 -7.1118781996847655
28.4528452845284505 -13.1906382823618813
28.4728472847284877 11.3779980186995751
28.4928492849284964 -7.5838751509526903
28.5128512851285052 5.2235638271757789
28.5328532853285424 3.1372456670355255
28.5528552855285511 -35.5013683071919033
28.5728572857285883 -6.7915259806661510
28.5928592859285970 2.1627358507814591
28.6128612861286058 -27.9508621710964391
28.6328632863286430 -32.4081498192140742
28.6528652865286517 -0.0259629180121479
28.6728672867286889 4.2109025729467717
28.6928692869286976 -48.0327302266123581
28.7128712871287064 8.5501284115493306
28.7328732873287436 -40.0941934989050495
28.7528752875287523 -13.3048712072323418
28.7728772877287895 -6.0596084366220921
28.7928792879287982 -0.6209615289243295
28.8128812881288070 14.3531054079540947
28.8328832883288442 -24.3207466344070582
28.8528852885288529 18.4993497985145865
28.8728872887288901 27.5313010103676667
28.8928892889288988 13.0196832431926506
28.9128912891289076 -23.2659460915020340
28.9328932893289448 -16.5146720134904257
28.9528952895289535 -8.3007760420277332
28.9728972897289907 -6.0614425911865695
28.9928992899289995 -36.4988928760138265
29.0129012901290082 10.1704229135590722
29.0329032903290454 -2.9354003878928885
29.0529052905290541 -15.2942969080277926
29.0729072907290913 -35.7349704216468282
29.0929092909291001 21.4300629303105339
29.1129112911291088 -17.7672268631424330
29.1329132913291460 -12.0433612756109056
29.1529152915291547 6.7538511587094865
29.1729172917291919 25.8741575310287324
29.1929192919292007 -4.4395236821830935
29.2129212921292094 -4.5971447648016515
29.2329232923292466 7.0282452831689177
29.2529252925292553 32.2704824408201745
29.2729272927292925 -43.8449744022680648
29.2929292929293013 -34.5904275326897306
29.3129312931293100 2.2560700356026091
29.3329332933293472 -15.7907485573192403
29.3529352935293559 -14.0237334893837300
29.3729372937293931 -13.6566881064078522
29.3929392939294019 -7.4142701729416896
29.4129412941294106 13.5256893204424138
29.4329432943294478 -8.6779718069019616
29.4529452945294565 -13.5285766564196930
29.4729472947294653 5.9520258464919413
29.4929492949295025 34.0937718440910444
29.5129512951295112 -3.3782725891421075
29.5329532953295484 -44.9704861588229932
29.5529552955295571 -10.4264853597471365
29.5729572957295659 -3.0990350409031562
29.5929592959296031 8.3699695625936847
29.6129612961296118 28.8508192444962219
29.6329632963296490 -10.4100046230630845
29.6529652965296577 -24.0842266122687079
29.6729672967296665 -0.5827033757779239
29.6929692969297037 -4.3184116142403299
29.7129712971297124 -17.0993949572210191
29.7329732973297496 -42.6610897221706438
29.7529752975297583 -8.7748989174739638
29.7729772977297671 -17.6257151756914006
29.7929792979298043 -13.0742630678062994
29.8129812981298130 -8.1317021192143049
29.8329832983298502 8.9119968774251976
29.8529852985298589 -26.1225218563833543
29.8729872987298677 -11.6680699392645675
29.8929892989299049 3.4646579021227453
29.9129912991299136 21.9735432510671842
29.9329932993299508 -17.4924194499342818
29.9529952995299595 -20.5010309816306524
29.9729972997299683 6.6787376450933742
29.9929992999300055 9.4355823721783842
30.0130013001300142 0.7288076466723830
30.0330033003300514 0.6426804621778839
30.0530053005300601 -7.3493268201806687
30.0730073007300689 -41.1042013957500316
30.0930093009301061 -14.5194034253136905
30.1130113011301148 -36.1943360486814427
30.1330133013301520 -30.9624995924901647
30.1530153015301607 -37.6304879452136518
30.1730173017301695 -12.7035268032596349
30.1930193019302067 -9.1055401901651383
30.2130213021302154 -29.5837700802186561
30.2330233023302526 -6.4483809664873135
30.2530253025302613 -2.3459866278298787
30.2730273027302701 -6.9607020231911108
30.2930293029303073 -17.9340194183378330
30.3130313031303160 -7.4974330731077270
30.3330333033303532 -21.0165189385583346
30.3530353035303619 -16.1499498548104512
30.3730373037303707 -42.2849079419525111
30.3930393039304079 12.3232551954194314
30.4130413041304166 -32.5721658043041842
30.4330433043304254 -8.6719934938656920
30.4530453045304625 12.8897457532469435
30.4730473047304713 -33.8264567691789324
30.4930493049305085 -19.8891861978154196
30.5130513051305172 -15.3065610439334279
30.5330533053305260 13.1527520715973587
30.5530553055305631 -37.7771849283126713
30.5730573057305719 -17.6565296252850032
30.5930593059306091 15.2683329532797512
30.6130613061306178 -12.4397916547661644
30.6330633063306266 -6.9174604746075161
30.6530653065306637 -1.8665564993249895
30.6730673067306725 20.6299234244802712
30.6930693069307097 0.4799812983531027
30.7130713071307184 -1.8770724572307182
30.7330733073307272 13.9639468804972999
30.7530753075307643 2.3712108844574047
30.7730773077307731 -11.9316703144801846
30.7930793079308103 -20.7430071289191957
30.8130813081308190 2.7812042743907206
30.8330833083308278 1.1877690037229840
30.8530853085308649 -38.9138836205110934
30.8730873087308737 -7.0282408521078601
30.8930893089309109 -1.0168981028983950
30.9130913091309196 -3.9307501569939074
30.9330933093309284 6.0862390861453015
30.9530953095309656 -47.8602074057664311
30.9730973097309743 7.9584529545276457
30.9930993099310115 -37.2258146237085299
31.0131013101310202 31.0563368317213317
31.0331033103310290 52.3523371457917364
31.0531053105310662 -10.9003794083978534
31.0731073107310749 -38.0482163961876125
31.0931093109311121 -3.3822129970156256
31.1131113111311208 13.3799204024851832
31.1331133113311296 -6.3847484856709587
31.1531153115311668 -19.5173933132614614
31.1731173117311755 -3.5307977363230778
31.1931193119312127 -27.2814945862851772
31.2131213121312214 -15.7018247076231958
31.2331233123312302 -12.2690705600321248
31.2531253125312674 -2.4954517729479502
31.2731273127312761 -1.0669660398069194
31.2931293129313133 9.0073809909166673
31.3131313131313220 -15.0511983495854018
31.3331333133313308 3.1547681513931654
31.3531353135313680 -5.9407904124423894
31.3731373137313767 8.2474731425358812
31.3931393139313855 -32.6176529254115906
31.4131413141314226 -17.1770846334462775
31.4331433143314314 -7.2692704500836989
31.4531453145314686 -32.7467524055309127
31.4731473147314773 -12.3044689209578575
31.4931493149314861 -5.1224561572478864
31.5131513151315232 -14.9280903481868101
31.5331533153315320 -4.8571340975450825
31.5531553155315692 4.7922462340625671
31.5731573157315779 0.4812071447392743
31.5931593159315867 -45.7208899130372686
31.6131613161316238 14.5035891952420890
31.6331633163316326 -1.4660833272363156
31.6531653165316698 12.3717171562017736
31.6731673167316785 -20.1174863922578737
31.6931693169316873 -19.9927871096288285
31.7131713171317244 -5.9074230158697594
31.7331733173317332 -20.6511190529295945
31.7531753175317704 -37.6020572440296093
31.7731773177317791 -36.7644571712609007
31.7931793179317879 -5.1615763291417762
31.8131813181318250 -16.1978395498232786
31.8331833183318338 9.0561836632340338
31.8531853185318710 -15.8632821632093854
31.8731873187318797 -38.8666248853557477
31.8931893189318885 -7.5182488136894863
31.9131913191319256 10.8085015478722894
31.9331933193319344 33.3675184440483932
31.9531953195319716 1.7067220892689772
31.9731973197319803 -54.9962771704181677
31.9931993199319891 -8.6928882410794852
32.0132013201320262 5.4854015993622518
32.0332033203320350 -23.2143055016642350
32.0532053205320722 23.3467184462597430
32.0732073207320809 -4.1515287622333439
32.0932093209320897 -58.1344721184310700
32.1132113211321268 14.8876408692769164
32.1332133213321356 28.5593189732831050
32.1532153215321728 -42.3376764059991473
32.1732173217321815 -42.1733968943040836
32.1932193219321903 -1.3018795661375400
32.2132213221322274 32.4147372826036673
32.2332233223322362 20.3338750650951567
32.2532253225322734 5.1192531885516033
32.2732273227322821 -9.5081744239121502
32.2932293229322909 -33.5387286324460447
32.3132313231323280 -8.0888349629335874
32.3332333233323368 -26.3797261281831084
32.3532353235323455 39.6108019486443510
32.3732373237323827 -13.5233883291433354
32.3932393239323915 -15.0572550307220840
32.4132413241324286 -25.4767433530278993
32.4332433243324374 -10.1227911623493689
32.4532453245324461 12.0160273417415588
32.4732473247324833 1.7116355981642677
32.4932493249324921 -5.8011862364004259
32.5132513251325292 1.8328909275670586
32.5332533253325380 -46.2308425013696009
32.5532553255325467 3.8900970543692210
32.5732573257325839 -6.3637710383443391
32.5932593259325927 19.6537272804704486
32.6132613261326298 -28.3230930392280769
32.6332633263326386 -32.1453316262189830
32.6532653265326474 10.2279083032135034
32.6732673267326845 -27.0981999737834975
32.6932693269326933 -10.8405087798587321
32.7132713271327304 -44.4482774076192939
32.7332733273327392 3.1926100531549828
32.7532753275327480 -10.6780142097790236
32.7732773277327851 -1.4311918663210736
32.7932793279327939 -33.1616361019881936
32.8132813281328310 -0.4485297373991859
32.8332833283328398 -30.2705389015672353
32.8532853285328486 -11.3052541997232829
32.8732873287328857 0.8863559729024395
32.8932893289328945 -21.6551388301001779
32.9132913291329317 -13.9983009451978493
32.9332933293329404 -6.2559795403776945
32.9532953295329492 -34.8118831767770445
32.9732973297329863 -5.5581360151849850
32.9932993299329951 -0.3727851846549530
33.0133013301330323 -46.6007206126594156
33.0333033303330410 -4.5297675944798641
33.0533053305330498 -5.0253158990840010
33.0733073307330869 -21.1410497990749242
33.0933093309330957 -5.3431652877798079
33.1133113311331329 -73.0654051530160302
33.1333133313331416 -8.4076823522090578
33.1533153315331504 -4.7881884643688686
33.1733173317331875 -17.7931096845155530
33.1933193319331963 -17.5744150782497286
33.2133213321332335 -12.2273130244910906
33.2333233323332422 -17.8189344313299785
33.2533253325332510 -44.1653280634722663
33.2733273327332881 -34.2999406414262538
33.2933293329332969 -9.0054063037388588
33.3133313331333341 -12.2905031604400961
33.3333333333333428 -43.1543620329718038
33.3533353335333516 -22.7907496177306044
33.3733373337333887 -28.8913206321930787
33.3933393339333975 3.2735860780345298
33.4133413341334062 -18.7733782239370761
33.4333433343334434 -26.8315231933064808
33.4533453345334522 -40.8965180326688085
33.4733473347334893 -15.0940434838891271
33.4933493349334981 -18.9286407364472637
33.5133513351335068 -3.1380639389605971
33.5333533353335440 -14.5816737330287172
33.5533553355335528 -21.9334506368882174
33.5733573357335899 -13.0024488327607273
33.5933593359335987 -18.6917327560287951
33.6133613361336074 11.1856204522980995
33.6333633363336446 -29.0635841018666170
33.6533653365336534 -43.9873677308250208
33.6733673367336905 13.2852554998136583
33.6933693369336993 -11.7957945678899954
33.7133713371337080 -26.7573390087690441
33.7333733373337452 -50.8668080192023382
33.7533753375337540 27.9972393002314455
33.7733773377337911 -0.2291730470857836
33.7933793379337999 -10.7130389343665087
33.8133813381338086 -10.8814998678811357
33.8333833383338458 4.8363593606958482
33.8533853385338546 28.5716867800116958
33.8733873387338917 0.2210560168699303
33.8933893389339005 14.4423518374294986
33.9133913391339092 -31.8049697683961341
33.9333933393339464 -9.6581748713883488
33.9533953395339552 -31.1528591310367489
33.9733973397339923 7.9796690151307459
33.9933993399340011 -42.0604530020553895
34.0134013401340098 -20.7237315298556553
34.0334033403340470 -40.7214013018855638
34.0534053405340558 -46.7245406416902540
34.0734073407340929 -39.8101142736360458
34.0934093409341017 -2.5231164868092222
34.1134113411341104 -29.0336247710180011
34.1334133413341476 -3.8423300026387164
34.1534153415341564 -2.1406590474617495
34.1734173417341935 -6.8758723723789359
34.1934193419342023 -7.7364236940700088
34.2134213421342110 -19.8458053375687555
34.2334233423342482 -32.7875261408962970
34.2534253425342570 -27.4782280181922758
34.2734273427342941 -25.7324881404116752
34.2934293429343029 -1.3936274603688563
34.3134313431343116 -0.2259540168597418
34.3334333433343488 -67.7264661504896424
34.3534353435343576 -24.8189995876705858
34.3734373437343663 -6.7179581501874299
34.3934393439344035 -55.5919712665636681
34.4134413441344122 -10.2761008123026407
34.4334433443344494 -45.8912588039583937
34.4534453445344582 21.8266161962612664
34.4734473447344669 -12.3831052983191690
34.4934493449345041 -19.0507111077923561
34.5134513451345128 9.1685817291106595
34.5334533453345500 -35.0502238304871341
34.5534553455345588 9.3663712293402348
34.5734573457345675 -38.9568745536111152
34.5934593459346047 7.4862050317664277
34.6134613461346134 -18.6678516729894568
34.6334633463346506 -21.2169454070225925
34.6534653465346594 -27.6769445239818950
34.6734673467346681 -27.6004527697836934
34.6934693469347053 -32.2738469857987553
34.7134713471347141 -32.7718480972002482
34.7334733473347512 -63.9490124365756287
34.7534753475347600 -38.9431146573716518
34.7734773477347687 -22.6810656715873016
34.7934793479348059 3.0423194337698050
34.8134813481348147 3.8834667333088113
34.8334833483348518 -18.9559328669649076
34.8534853485348606 -43.2337684745612449
34.8734873487348693 -18.2020517426687434
34.8934893489349065 0.5107226215270728
34.9134913491349153 -26.7519887790368642
34.9334933493349524 -21.6237663824151909
34.9534953495349612 -54.4569022470493564
34.9734973497349699 -13.0986108702503330
34.9934993499350071 -1.9211946586291049
35.0135013501350159 -28.3770772950796264
35.0335033503350530 -13.5134218939668784
35.0535053505350618 -45.1642279788854069
35.0735073507350705 -39.0140488007523132
35.0935093509351077 -11.9315552336192532
35.1135113511351165 20.6736758291459282
35.1335133513351536 -21.0424802604042256
35.1535153515351624 -15.0030255582252057
35.1735173517351711 -26.6051210746134004
35.1935193519352083 -2.2092357098097217
35.2135213521352171 -0.1006821090534089
35.2335233523352542 -21.9150276673200182
35.2535253525352630 -27.4265014570354282
35.2735273527352717 -16.9490153628331122
35.2935293529353089 -14.3705567650224211
35.3135313531353177 -18.3806528892761811
35.3335333533353264 -25.0263296197089673
35.3535353535353636 -46.4133006951598333
35.3735373537353723 -48.2886308631751575
35.3935393539354095 -26.5522298803446475
35.4135413541354183 -5.9030277177684578
35.4335433543354270 -31.9908773217827331
35.4535453545354642 -15.1298613381514002
35.4735473547354729 -10.6205872011210314
35.4935493549355101 -22.2355945894135623
35.5135513551355189 -44.3477415117643119
35.5335533553355276 10.0999897482248358
35.5535553555355648 -12.5464913277787762
35.5735573557355735 -26.6816880806330978
35.5935593559356107 24.9265731893030917
35.6135613561356195 -27.1803824413990611
35.6335633563356282 8.7771614436141085
35.6535653565356654 5.0350224332879527
35.6735673567356741 -41.3489603032020767
35.6935693569357113 -48.0487617470420219
35.7135713571357201 -13.7089922882486732
35.7335733573357288 -8.8482328682165630
35.7535753575357660 28.9806021792494093
35.7735773577357747 14.4631132133996516
35.7935793579358119 -51.9614918212995676
35.8135813581358207 -38.6324356836007325
35.8335833583358294 -44.7521907681132660
35.8535853585358666 2.5484661799790409
35.8735873587358753 -29.8376508757695973
35.8935893589359125 -39.9759333431572941
35.9135913591359213 -26.7956808136950499
35.9335933593359300 -39.6483849208931645
35.9535953595359672 -18.7159037431409629
35.9735973597359759 -28.4388537371609544
35.9935993599360131 -18.1797810437375702
36.0136013601360219 -30.0567812000213621
36.0336033603360306 -19.3861157049216182
36.0536053605360678 -10.9276691812948368
36.0736073607360765 -48.7619215142553060
36.0936093609361137 -15.3514924522018958
36.1136113611361225 1.4868881300188228
36.1336133613361312 -6.3873587371480109
36.1536153615361684 -14.3103467495975654
36.1736173617361771 -38.1600320552276102
36.1936193619362143 -23.5648213541959457
36.2136213621362231 4.4653764859216274
36.2336233623362318 -14.5956505619250230
36.2536253625362690 -11.9677021684675342
36.2736273627362777 -9.3763707837532486
36.2936293629362865 4.0613413035583612
36.3136313631363237 -32.4703028596288732
36.3336333633363324 -2.7069862806701543
36.3536353635363696 -57.5530479519457003
36.3736373637363783 -16.2170051830466271
36.3936393639363871 -58.2013848923193535
36.4136413641364243 7.2587254876563243
36.4336433643364330 -28.8339999208369377
36.4536453645364702 -35.8564129015079018
36.4736473647364789 -20.3647934712913106
36.4936493649364877 -38.9130712642500214
36.5136513651365249 -8.7313211227120622
36.5336533653365336 -24.9180785807791239
36.5536553655365708 -43.4069545166542312
36.5736573657365795 -11.3543418239542966
36.5936593659365883 -20.6982760143917304
36.6136613661366255 -10.7517073887382733
36.6336633663366342 -37.8331120089898576
36.6536653665366714 -1.3405048686272458
36.6736673667366802 -27.6431697131536858
36.6936693669366889 -22.9542904781154853
36.7136713671367261 -0.3449080370514395
36.7336733673367348 23.7516846929608221
36.7536753675367720 -8.1654269872802452
36.7736773677367808 -68.2616373531741942
36.7936793679367895 -12.8151808997714323
36.8136813681368267 -44.7784573514573907
36.8336833683368354 -14.9812236263653400
36.8536853685368726 -17.5916919695768676
36.8736873687368814 -20.9283951792582208
36.8936893689368901 -16.9230883507281789
36.9136913691369273 -14.6789274109786412
36.9336933693369360 -26.4113525410328762
36.9536953695369732 8.2189356163481868
36.9736973697369820 -14.0705891341975615
36.9936993699369907 -33.1949634127348077
37.0137013701370279 -24.9239497963433010
37.0337033703370366 -4.5045929782910221
37.0537053705370738 -25.7980652094736520
37.0737073707370826 -5.7211615219254384
37.0937093709370913 -34.7627193715110963
37.1137113711371285 -20.1664837601544527
37.1337133713371372 -49.2555206122382714
37.1537153715371744 4.6730648445450562
37.1737173717371832 -22.1339075921957331
37.1937193719371919 -40.2480390525762672
37.2137213721372291 -41.0597470485766252
37.2337233723372378 -27.8549243081340201
37.2537253725372466 -8.6717079614594041
37.2737273727372838 -3.5154837983805116
37.2937293729372925 -14.8194884017409123
37.3137313731373297 -15.1204278843200335
37.3337333733373384 -7.0695876451724349
37.3537353735373472 -16.7218751713415905
37.3737373737373844 14.8535869491370534
37.3937393739373931 -18.1531210175684699
37.4137413741374303 -19.4264826750866106
37.4337433743374390 -33.9674802352732144
37.4537453745374478 -0.2780419517267916
37.4737473747374850 -19.7043204113612127
37.4937493749374937 -31.6871104934073458
37.5137513751375309 14.8419480138752000
37.5337533753375396 -15.1299885997933288
37.5537553755375484 -14.2972265157887914
37.5737573757375856 -42.1922679178923872
37.5937593759375943 -24.0748224703396758
37.6137613761376315 -47.3591865527136022
37.6337633763376402 -18.3101784268542787
37.6537653765376490 3.5599564652065219
37.6737673767376862 -8.2493039649323467
37.6937693769376949 -12.9936697559487548
37.7137713771377321 -0.2464985320554760
37.7337733773377408 -48.0744672753583870
37.7537753775377496 -7.7761392634920412
37.7737773777377868 -62.3801439184434088
37.7937793779377955 -33.1839280230821814
37.8137813781378327 -5.3841936301181335
37.8337833783378414 -25.4646482105599148
37.8537853785378502 -15.3693142623645009
37.8737873787378874 -35.7378451308236009
37.8937893789378961 -13.9074610356342721
37.9137913791379333 -29.0814252573499843
37.9337933793379420 -6.9851996828161127
37.9537953795379508 -36.5294131206714212
37.9737973797379880 -20.7286112935233362
37.9937993799379967 -18.0909348005143293
38.0138013801380339 -23.4080814656700795
38.0338033803380426 -30.1364513123651108
38.0538053805380514 -35.3831665310762560
38.0738073807380886 -16.9780445868803049
38.0938093809380973 -38.4226782118583756
38.1138113811381345 -3.7421637804005421
38.1338133813381432 -26.0096249070995924
38.1538153815381520 -30.1064433125936795
38.1738173817381892 -2.9373690160819983
38.1938193819381979 -35.1734065220460934
38.2138213821382067 -28.5722153555784892
38.2338233823382438 -4.3581898632822558
38.2538253825382526 -10.9565961866425141
38.2738273827382898 -52.2569603488917167
38.2938293829382985 -23.4335792719128442
38.3138313831383073 -26.1170661099878316
38.3338333833383444 -14.4966294289164814
38.3538353835383532 8.6006913165219565
38.3738373837383904 -6.5627589147527345
38.3938393839383991 -8.5817800549512242
38.4138413841384079 -13.8007398097136100
38.4338433843384450 -11.5356173787984435
38.4538453845384538 -33.9715765700405683
38.4738473847384910 -8.3774974363049513
38.4938493849384997 -28.7401971337428037
38.5138513851385085 -41.8184702022271040
38.5338533853385456 -7.7228438659011118
38.5538553855385544 3.4672353528402766
38.5738573857385916 -2.5786989549840804
38.5938593859386003 -16.2059223230730538
38.6138613861386091 -6.6296792812058953
38.6338633863386463 -40.1701979365390400
38.6538653865386550 -64.3763023202985636
38.6738673867386922 -46.3707208007028981
38.6938693869387009 -21.5608576328693644
38.7138713871387097 -39.0417807385745732
38.7338733873387469 -25.4707353806302237
38.7538753875387556 -13.5815962072440062
38.7738773877387928 -29.7014473924382862
38.7938793879388015 -27.2849761725801692
38.8138813881388103 -20.6593359550133329
38.8338833883388475 -5.8929396508849514
38.8538853885388562 -6.7899972837519442
38.8738873887388934 -33.6002604820169495
38.8938893889389021 -27.1763791040766378
38.9138913891389109 1.5816824811699277
38.9338933893389481 -54.3609242286696954
38.9538953895389568 -53.2994200745659441
38.9738973897389940 -8.0656099123322420
38.9938993899390027 -39.8094585115808073
39.0139013901390115 -65.9029813426233630
39.0339033903390487 -59.7739273283244543
39.0539053905390574 -8.4260805292818972
39.0739073907390946 -36.8957506941916620
39.0939093909391033 -16.2156958529586213
39.1139113911391121 -9.4287424867701226
39.1339133913391493 -27.8151423073297117
39.1539153915391580 -23.0474299470768571
39.1739173917391668 9.4366337094527495
39.1939193919392039 -13.4545886048461814
39.2139213921392127 8.0354742809121333
39.2339233923392499 -43.3417965406252179
39.2539253925392586 -33.3689335633334139
39.2739273927392674 -19.8224937633135596
39.2939293929393045 12.5920529717707694
39.3139313931393133 -37.3878345631150637
39.3339333933393505 -60.3344275561046857
39.3539353935393592 4.5955783782356043
39.3739373937393680 -5.1773597629626984
39.3939393939394051 -27.4208251823002165
39.4139413941394139 -20.1460278946756972
39.4339433943394511 -33.1164135464513194
39.4539453945394598 -39.6164756846288384
39.4739473947394686 -29.3711924856488729
39.4939493949395057 -51.1979158384887327
39.5139513951395145 -40.5982564589616857
39.5339533953395517 -37.2632730429587440
39.5539553955395604 -22.6145531577727859
39.5739573957395692 -48.9668997000699449
39.5939593959396063 -5.6942457419724555
39.6139613961396151 -61.8238996703132671
39.6339633963396523 -18.4337279349582595
39.6539653965396610 -32.7395196785043154
39.6739673967396698 5.0039134794678333
39.6939693969397069 -2.7287568768463366
39.7139713971397157 -9.8184795214871663
39.7339733973397529 -13.8643429916205374
39.7539753975397616 -37.6747437178761260
39.7739773977397704 -25.0260341438801710
39.7939793979398075 -9.1032304139804907
39.8139813981398163 -59.1006607946773528
39.8339833983398535 -23.4522106218965583
39.8539853985398622 -25.5136536847172763
39.8739873987398710 -15.9050805472254133
39.8939893989399081 -57.8873261964864554
39.9139913991399169 -15.5853763276852533
39.9339933993399541 -30.3433587829664475
39.9539953995399628 -25.3785148547483175
39.9739973997399716 -18.0954695801054228
39.9939993999400087 -19.8712447581414935
40.0140014001400175 -21.1228210814197013
40.0340034003400547 -30.9568263706192717
40.0540054005400634 -18.9229879263423513
40.0740074007400722 -1.3727016620913197
40.0940094009401093 -10.6274856455603821
40.1140114011401181 -17.6994039083235428
40.1340134013401268 -16.1848647976074069
40.1540154015401640 -22.4253045075734541
40.1740174017401728 -15.9144811658477714
40.1940194019402099 -48.0399911510114279
40.2140214021402187 -8.8403998184311874
40.2340234023402274 -75.0960984631121136
40.2540254025402646 -27.3987169080260529
40.2740274027402734 -47.5369819374041001
40.2940294029403105 -47.8586646814791692
40.3140314031403193 -6.3031989418776107
40.3340334033403281 -12.5475272212692346
40.3540354035403652 -14.0185924632180470
40.3740374037403740 17.4628358418194800
40.3940394039404111 -49.3898946138916983
40.4140414041404199 4.9971612671543824
40.4340434043404287 6.4698988101048052
40.4540454045404658 -11.0986899996320645
40.4740474047404746 -14.4363348198727532
40.4940494049405117 -2.9105728524530754
40.5140514051405205 4.5829071153753631
40.5340534053405293 -7.0032860295523633
40.5540554055405664 -51.4119727073459956
40.5740574057405752 -24.9567343115308695
40.5940594059406124 -14.0076667117925471
40.6140614061406211 -58.2786467276453450
40.6340634063406299 -72.1298367843396164
40.6540654065406670 -25.2285969460420638
40.6740674067406758 -0.7205418090363516
40.6940694069407130 -0.0148524441503213
40.7140714071407217 -20.7863274656162886
40.7340734073407305 -36.0781973277827461
40.7540754075407676 -24.7559100736048769
40.7740774077407764 15.6750750017439628
40.7940794079408136 -39.6850184886996118
40.8140814081408223 -40.8950936545976447
40.8340834083408311 -20.5257825708236119
40.8540854085408682 -32.0875110427102328
40.8740874087408770 -34.1899639717239623
40.8940894089409142 -37.2746582713335712
40.9140914091409229 -35.7522132922611746
40.9340934093409317 -32.7765665388233316
40.9540954095409688 -6.1874650635877053
40.9740974097409776 -1.7733116133822868
40.9940994099410148 -9.0449123442343442
41.0141014101410235 -33.4692552382099464
41.0341034103410323 -31.5203390731296018
41.0541054105410694 -15.9142144938535299
41.0741074107410782 -49.3283820678011722
41.0941094109410869 -20.8829154664809025
41.1141114111411241 -35.9003647323234389
41.1341134113411329 -13.6445961845582335
41.1541154115411700 -25.4276074177016156
41.1741174117411788 21.5422824667700432
41.1941194119411875 -29.8875485932395577
41.2141214121412247 -45.2973662476295260
41.2341234123412335 -21.2690682675826004
41.2541254125412706 -51.3606176453860144
41.2741274127412794 -40.1788027077519132
41.2941294129412881 -4.9720921221486059
41.3141314131413253 -0.1783422593371427
41.3341334133413341 -15.3693122258938590
41.3541354135413712 -29.2749713221953272
41.3741374137413800 -62.4165190459432893
41.3941394139413887 -29.6307892678179172
41.4141414141414259 -49.5319624477870661
41.4341434143414347 -18.0624283913800028
41.4541454145414718 -17.5871966863465801
41.4741474147414806 -0.3993629522803417
41.4941494149414893 -65.5403706150790839
41.5141514151415265 -14.5363782039480203
41.5341534153415353 -49.3159658417540783
41.5541554155415724 -24.5416090506309885
41.5741574157415812 -72.8068469493546075
41.5941594159415899 -72.0212528774785028
41.6141614161416271 -10.6767792670643740
41.6341634163416359 -15.9103978036864202
41.6541654165416730 -31.6716502900708896
41.6741674167416818 16.3928615994776230
41.6941694169416905 -25.1371684578497963
41.7141714171417277 -46.5629644029666778
41.7341734173417365 -45.4232698273725077
41.7541754175417736 -15.7266649693506668
41.7741774177417824 5.6089780453627682
41.7941794179417911 18.8713813793754746
41.8141814181418283 -60.9946856351285618
41.8341834183418371 -64.0298276704912723
41.8541854185418742 -20.0034041892165249
41.8741874187418830 -29.5712250387790867
41.8941894189418917 -17.1603646425428735
41.9141914191419289 -22.7269888035364929
41.9341934193419377 -25.2827740241137811
41.9541954195419748 -31.1081066605857970
41.9741974197419836 -12.2376994383114361
41.9941994199419923 -47.0054928532088354
42.0142014201420295 -58.5229672302547641
42.0342034203420383 1.4883493160091810
42.0542054205420470 -29.4712617404786350
42.0742074207420842 -31.2978093394996115
42.0942094209420929 -45.7292404884817003
42.1142114211421301 -26.9663253414536399
42.1342134213421389 -42.6883898405434081
42.1542154215421476 -9.1513665584919899
42.1742174217421848 -24.4527166429486122
42.1942194219421935 -23.8891312908126068
42.2142214221422307 -27.8876561125786360
42.2342234223422395 16.9699607445519653
42.2542254225422482 -4.5790941055484993
42.2742274227422854 -8.4999726832975107
42.2942294229422941 4.2820939520463099
42.3142314231423313 -0.0524368011126981
42.3342334233423401 -35.3357793990619200
42.3542354235423488 -27.4256993917736374
42.3742374237423860 -19.9543704213057005
42.3942394239423948 -0.0561599170945044
42.4142414241424319 -34.5724752049364383
42.4342434243424407 -1.1552959352593248
42.4542454245424494 -3.6231997760558592
42.4742474247424866 -9.0032821982031344
42.4942494249424954 -12.6944752999796524
42.5142514251425325 10.5888256621860428
42.5342534253425413 -44.8064443677781696
42.5542554255425500 -54.6336001977438031
42.5742574257425872 -20.3110574491993852
42.5942594259425960 -34.4881232062164287
42.6142614261426331 -3.8757103018150083
42.6342634263426419 5.7732218958219015
42.6542654265426506 -2.4584362250699101
42.6742674267426878 -28.4061217268288289
42.6942694269426966 -38.3439599047262263
42.7142714271427337 -1.9364684276635913
42.7342734273427425 -5.0063952947309112
42.7542754275427512 -7.3764974666784475
42.7742774277427884 5.7093638184938271
42.7942794279427972 -31.5100459807072539
42.8142814281428343 -36.1252044435272808
42.8342834283428431 -7.6718866544921553
42.8542854285428518 -37.2461136765571723
42.8742874287428890 -41.1590354374952554
42.8942894289428978 10.4669940512978243
42.9142914291429349 11.2202083613795836
42.9342934293429437 -40.8386487922245891
42.9542954295429524 -55.6486929337354255
42.9742974297429896 -37.7274357520435188
42.9942994299429984 29.3820472374274999
43.0143014301430071 -27.6698771817314295
43.0343034303430443 -57.3963280946359689
43.0543054305430530 -16.9142073991479442
43.0743074307430902 -29.2978860666750300
43.0943094309430990 -25.0950885085793232
43.1143114311431077 -40.1511482905430199
43.1343134313431449 9.9020476760051217
43.1543154315431536 -8.7491491135000850
43.1743174317431908 -20.4088484938801287
43.1943194319431996 -54.6976230938540482
43.2143214321432083 1.4536295632063734
43.2343234323432455 -42.0329590842516438
43.2543254325432542 -29.3446710663352484
43.2743274327432914 -24.4002574726874997
43.2943294329433002 -63.6744433886530743
43.3143314331433089 -67.8319145284808087
43.3343334333433461 -31.3424977661758035
43.3543354335433548 -26.1090591614008574
43.3743374337433920 -36.3807102183294973
43.3943394339434008 -35.3876704267108835
43.4143414341434095 -35.3201871024674716
43.4343434343434467 -39.8398392471508558
43.4543454345434554 2.3348792657651742
43.4743474347434926 -27.3920090899219950
43.4943494349435014 -37.0509186614633066
43.5143514351435101 -29.3000939241979665
43.5343534353435473 -38.8782104636679122
43.5543554355435560 -24.7709582859808535
43.5743574357435932 -2.0280672204861574
43.5943594359436020 -16.8113157429609750
43.6143614361436107 -22.2367509438793007
43.6343634363436479 -3.4228053735086768
43.6543654365436566 -4.9033535862882864
43.6743674367436938 -39.2849885626714084
43.6943694369437026 -19.4574963830632868
43.7143714371437113 -7.3142464352807757
43.7343734373437485 9.1259475517127058
43.7543754375437572 -14.9063750362586358
43.7743774377437944 -31.0863066191185524
43.7943794379438032 -17.5959071248860752
43.8143814381438119 -56.8201752241719618
43.8343834383438491 -17.9492051862121542
43.8543854385438578 -47.8698121373977870
43.8743874387438950 -5.6423027697881132
43.8943894389439038 -64.9980358530033016
43.9143914391439125 11.1400209400757220
43.9343934393439497 -16.4312162265035084
43.9543954395439584 -52.2555167622384289
43.9743974397439956 -35.8841522533364099
43.9943994399440044 -20.5078974701108550
44.0144014401440131 -12.1540904616779777
44.0344034403440503 -65.2552847916932421
44.0544054405440590 -57.4448245686230905
44.0744074407440678 1.4147470975877461
44.0944094409441050 -24.4075338229747913
44.1144114411441137 -49.3523777462938540
44.1344134413441509 -17.5965643575104274
44.1544154415441596 -32.3118839406032663
44.1744174417441684 -17.7956054812398534
44.1944194419442056 -38.1826949156636672
44.2144214421442143 -19.8391939447298142
44.2344234423442515 -26.5740895204100873
44.2544254425442602 -46.2642805234328307
44.2744274427442690 -41.2143248506886835
44.2944294429443062 -26.4169324133145480
44.3144314431443149 -49.5305123716592774
44.3344334433443521 -65.6022638376885396
44.3544354435443609 0.3028099687011476
44.3744374437443696 -30.4791543974938719
44.3944394439444068 -56.8892795543475955
44.4144414441444155 -45.4249987341059125
44.4344434443444527 -38.6585671640515116
44.4544454445444615 -28.9210075265457291
44.4744474447444702 -22.5045089094880737
44.4944494449445074 -35.4193682679592925
44.5144514451445161 -50.0486612141047260
44.5344534453445533 -34.0094957757553473
44.5544554455445621 -52.5443042950868460
44.5744574457445708 -15.1733306488668145
44.5944594459446080 -8.2514275421955432
44.6144614461446167 -28.6412708634781836
44.6344634463446539 -58.1192059809735326
44.6544654465446627 -3.2537430635377262
44.6744674467446714 -46.9813472072154426
44.6944694469447086 -19.6866852826371250
44.7144714471447173 -20.2608257924904933
44.7344734473447545 -6.1531277824438071
44.7544754475447633 -26.0290639404293884
44.7744774477447720 -35.9622540015617105
44.7944794479448092 -27.9441262223051581
44.8144814481448179 -12.8472454349219163
44.8344834483448551 -65.4266357203237590
44.8544854485448639 -2.0621513128796742
44.8744874487448726 -58.9500434521206031
44.8944894489449098 3.1188028880938425
44.9144914491449185 -35.3557549555999486
44.9344934493449557 -51.6103420812404465
44.9544954495449645 -27.5242654951736831
44.9744974497449732 -26.1538692031314000
44.9944994499450104 -50.4521735921697143
45.0145014501450191 -5.4524930965831899
45.0345034503450279 -36.6643906379548739
45.0545054505450651 -20.6855942513265951
45.0745074507450738 -57.3617238075880280
45.0945094509451110 -60.8566337081899675
45.1145114511451197 -1.8222043387360998
45.1345134513451285 -40.2581074949277209
45.1545154515451657 -24.1164907923567142
45.1745174517451744 -46.6585842527579615
45.1945194519452116 -46.3085523565675885
45.2145214521452203 -25.8308569151377689
45.2345234523452291 -36.7971349993404999
45.2545254525452663 24.3931371986882546
45.2745274527452750 -41.7946197015826257
45.2945294529453122 -22.7084815857264424
45.3145314531453209 -17.8689430977257544
45.3345334533453297 -23.9069556767428892
45.3545354535453669 -35.0084269948291507
45.3745374537453756 -35.9695270073397637
45.3945394539454128 -22.8207890579575725
45.4145414541454215 -32.1789753047803799
45.4345434543454303 6.1852726696447498
45.4545454545454675 -38.2953784797828973
45.4745474547454762 -34.5960898687685301
45.4945494549455134 -52.4724156255470859
45.5145514551455221 -20.3407506035746053
45.5345534553455309 -24.5408706568130839
45.5545554555455681 -35.9240328336686403
45.5745574557455768 -8.5205920039478649
45.5945594559456140 -36.6898747981802273
45.6145614561456227 -56.4739736604932645
45.6345634563456315 -18.0480466248947664
45.6545654565456687 -39.2377589852637669
45.6745674567456774 -47.3222674463941502
45.6945694569457146 -27.5172726696506871
45.7145714571457233 -32.4157828977414084
45.7345734573457321 -50.6718310351148489
45.7545754575457693 -32.2866483578539345
45.7745774577457780 -24.7498242979771987
45.7945794579458152 -34.6687164269406267
45.8145814581458239 -41.1561177533062335
45.8345834583458327 7.9894852474894336
45.8545854585458699 -60.0055899674664204
45.8745874587458786 -25.6330711516309719
45.8945894589459158 -28.2765476582731488
45.9145914591459245 -21.2680858454213855
45.9345934593459333 -4.4583861538108103
45.9545954595459705 -58.9429143579105315
45.9745974597459792 -30.3208272536265859
45.9945994599459880 -37.8788316099969364
46.0146014601460251 -21.1346732088691098
46.0346034603460339 -27.2791602271745859
46.0546054605460711 -46.5643362130155083
46.0746074607460798 -35.1152876576654620
46.0946094609460886 -32.2511605503825933
46.1146114611461257 -24.2847076115668727
46.1346134613461345 -3.6646304610524574
46.1546154615461717 -15.3324713652928377
46.1746174617461804 -71.8960169009237831
46.1946194619461892 -23.6678006082864520
46.2146214621462263 -16.6375594789937296
46.2346234623462351 -27.3205809515690028
46.2546254625462723 -0.4771092146133995
46.2746274627462810 -36.6456479901965935
46.2946294629462898 -30.5879491713148148
46.3146314631463270 -8.9438798899356620
46.3346334633463357 1.7042965092324138
46.3546354635463729 -18.2505297933815775
46.3746374637463816 -26.8124851909695501
46.3946394639463904 -41.3969622461144269
46.4146414641464276 -24.4779881458600386
46.4346434643464363 -31.4179634866299580
46.4546454645464735 2.6257507857542528
46.4746474647464822 -9.1647092803334509
46.4946494649464910 -51.4246069285569263
46.5146514651465282 -18.2495564151162277
46.5346534653465369 -29.5604669975479446
46.5546554655465741 -25.9091969140497760
46.5746574657465828 -37.3426179654141208
46.5946594659465916 23.8772362620774459
46.6146614661466288 -34.5395027497875020
46.6346634663466375 -39.6723164073773802
46.6546654665466747 9.1233942410463449
46.6746674667466834 -1.8130101460124308
46.6946694669466922 -14.4996432502886510
46.7146714671467294 11.8234690809178886
46.7346734673467381 -8.0582121217535985
46.7546754675467753 -3.0019627975189458
46.7746774677467840 -32.7574989352788677
46.7946794679467928 -49.0687326931171768
46.8146814681468300 9.1446694061913689
46.8346834683468387 -17.8096186661452833
46.8546854685468759 -14.7327158923369002
46.8746874687468846 10.2602822464288259
46.8946894689468934 -3.4206943252861848
46.9146914691469306 -37.5915321971517074
46.9346934693469393 -12.0350670263497719
46.9546954695469481 -61.5255274181399869
46.9746974697469852 -30.5711216357890692
46.9946994699469940 -14.2919101673223654
47.0147014701470312 2.0117476011688566
47.0347034703470399 -35.0251386774157112
47.0547054705470487 -39.3553700624965899
47.0747074707470858 -24.1777811513062524
47.0947094709470946 -59.4876838408545439
47.1147114711471318 -19.8442194777514267
47.1347134713471405 -15.1451954277612462
47.1547154715471493 -37.9504815662215265
47.1747174717471864 -22.1613089940214536
47.1947194719471952 -19.1655521882192872
47.2147214721472324 -25.1139141691015162
47.2347234723472411 4.9321075125149392
47.2547254725472499 -38.2728286162837605
47.2747274727472870 -49.7788088159631457
47.2947294729472958 -6.9850051615373872
47.3147314731473330 -26.1303714993817024
47.3347334733473417 -31.2676613906572882
47.3547354735473505 -69.5036202401539072
47.3747374737473876 -41.3808776076362079
47.3947394739473964 -42.7973975041326966
47.4147414741474336 -29.3906172524928273
47.4347434743474423 -49.9006622100459794
47.4547454745474511 -15.3191746631870060
47.4747474747474882 -15.6459816713044848
47.4947494749474970 12.7322989051018247
47.5147514751475342 -25.0310681708646854
47.5347534753475429 -49.7463947561977022
47.5547554755475517 -24.5417199409441871
47.5747574757475888 -13.5499766926531944
47.5947594759475976 -49.5959977549398872
47.6147614761476348 -17.2613985373784757
47.6347634763476435 -20.2398761967521139
47.6547654765476523 -5.5605456092232011
47.6747674767476894 -44.5275776278614330
47.6947694769476982 -17.3300304145636730
47.7147714771477354 -16.2695868140004656
47.7347734773477441 -21.7005479153174434
47.7547754775477529 -25.9672961796079456
47.7747774777477900 -39.8447758248717250
47.7947794779477988 -22.2990869992174225
47.8147814781478360 -17.6311029039653775
47.8347834783478447 -24.1890973302360521
47.8547854785478535 -39.4024002082110982
47.8747874787478906 -27.0221774114958180
47.8947894789478994 -19.7734116837203757
47.9147914791479081 -1.8092343257891699
47.9347934793479453 -28.1645998586874455
47.9547954795479541 -17.5715638038351756
47.9747974797479912 -23.9450511917206903
47.9947994799480000 -24.1700035560456072
48.0148014801480087 -5.5528130049803508
48.0348034803480459 -20.2230711048385423
48.0548054805480547 -27.4229001061503261
48.0748074807480918 -59.4246013838490938
48.0948094809481006 -42.2101443801259961
48.1148114811481094 -57.7101762452644991
48.1348134813481465 -23.2541717356478443
48.1548154815481553 -37.0492662329126006
48.1748174817481924 0.8025861201483728
48.1948194819482012 -6.1451134212434511
48.2148214821482100 -57.5116425887384963
48.2348234823482471 -25.8092224574904030
48.2548254825482559 -17.2401283092235929
48.2748274827482931 -47.5718799518132798
48.2948294829483018 -19.5863268264608941
48.3148314831483106 -31.8684812036672653
48.3348334833483477 -18.2360517681633496
48.3548354835483565 -37.7221171526251311
48.3748374837483937 -37.0684188250641000
48.3948394839484024 -13.3530935820979657
48.4148414841484112 -31.4517107077522056
48.4348434843484483 -62.8070976512403405
48.4548454845484571 -17.7996219644667342
48.4748474847484943 12.7054536962510163
48.4948494849485030 -25.0220848893084913
48.5148514851485118 -32.9452822884655347
48.5348534853485489 -35.0991162344500651
48.5548554855485577 0.6730216060523766
48.5748574857485949 -21.9917873148323402
48.5948594859486036 -21.7527989360152247
48.6148614861486124 20.0672265587967829
48.6348634863486495 -49.2224142226677230
48.6548654865486583 -8.6364128218858554
48.6748674867486955 -23.7539646344068700
48.6948694869487042 -5.7041812915184025
48.7148714871487130 -36.7441620942753318
48.7348734873487501 -7.9549531033155851
48.7548754875487589 2.4553427093281819
48.7748774877487961 -53.9365171008004651
48.7948794879488048 -27.0679129971267614
48.8148814881488136 -28.2708522584247461
48.8348834883488507 -55.6224698834210400
48.8548854885488595 1.6974044890154687
48.8748874887488682 6.8655165457492195
48.8948894889489054 11.9617392007118326
48.9148914891489142 -16.0136196946574429
48.9348934893489513 -39.0676977944060368
48.9548954895489601 -40.0919063967257188
48.9748974897489688 -23.1112676222668973
48.9948994899490060 -30.0855030588325292
49.0149014901490148 -32.4145916603393545
49.0349034903490519 -59.7580904914493942
49.0549054905490607 -14.6828019361015141
49.0749074907490694 17.5116041927042581
49.0949094909491066 -7.0809614186662024
49.1149114911491154 -23.1158376175547282
49.1349134913491525 -28.7828025349030838
49.1549154915491613 -24.8529589583816595
49.1749174917491700 -21.4233294377264265
49.1949194919492072 26.2741615194725782
49.2149214921492160 -40.2847579131195488
49.2349234923492531 -31.5392164448440369
49.2549254925492619 -15.7423558270806403
49.2749274927492706 -9.8116482786617087
49.2949294929493078 1.3058416582036578
49.3149314931493166 -22.9893622847571066
49.3349334933493537 -8.3425368589509663
49.3549354935493625 -25.2088157764931893
49.3749374937493712 -37.5314106237976333
49.3949394939494084 3.6621046688241634
49.4149414941494172 -22.8253436447695606
49.4349434943494543 -24.3716700226103846
49.4549454945494631 -27.7948700600898064
49.4749474947494718 13.3021135856953236
49.4949494949495090 -4.5681804161811890
49.5149514951495178 0.9157290125989590
49.5349534953495549 -16.7317681366853037
49.5549554955495637 -4.5880732447258481
49.5749574957495724 -30.2594519427892976
49.5949594959496096 -14.7474537637581218
49.6149614961496184 -26.5612497668845720
49.6349634963496555 -27.1609573831613957
49.6549654965496643 -3.1518939456459449
49.6749674967496730 -21.8840747176099768
49.6949694969497102 -36.3380244482175314
49.7149714971497190 -37.8496197482593715
49.7349734973497561 -22.3286141662828364
49.7549754975497649 -55.6836556697857930
49.7749774977497736 -17.9730152334118216
49.7949794979498108 2.9699575325762453
49.8149814981498196 -13.1676672957220102
49.8349834983498283 15.2283461787947907
49.8549854985498655 -12.3222101473919174
49.8749874987498742 -16.9440383871486304
49.8949894989499114 -23.5101762481640293
49.9149914991499202 -46.2962680972748686
49.9349934993499289 -26.1495664033483592
49.9549954995499661 10.4470496339846228
49.9749974997499748 -42.2825523218474402
49.9949994999500120 4.8196286238031441
50.0150015001500208 -38.3368992233286434
50.0350035003500295 -8.7439999566213320
50.0550055005500667 -15.3679546273420584
50.0750075007500755 -21.8480578696496686
50.0950095009501126 -38.3501321541462517
50.1150115011501214 -63.3788879700346399
50.1350135013501301 -38.0602640823244798
50.1550155015501673 -6.5635194762467837
50.1750175017501761 -11.2399375317341796
50.1950195019502132 19.1705222358160157
50.2150215021502220 21.0642420011103795
50.2350235023502307 -34.8363015808654950
50.2550255025502679 17.7949388565738609
50.2750275027502767 -8.7558617577845208
50.2950295029503138 -19.9580028718733793
50.3150315031503226 -28.8647264973940736
50.3350335033503313 -36.2400239807785383
50.3550355035503685 -3.5382063214694313
50.3750375037503773 -9.5807192980438920
50.3950395039504144 -34.4103476222221616
50.4150415041504232 -36.3202365404867109
50.4350435043504319 -9.2498567041737321
50.4550455045504691 -23.8122419394894642
50.4750475047504779 5.4956667149694631
50.4950495049505150 -18.8355154272427647
50.5150515051505238 -49.2145657066516620
50.5350535053505325 -24.3891962603195473
50.5550555055505697 -17.0142039780385161
50.5750575057505785 -16.5717577066562747
50.5950595059506156 -35.3762186652683184
50.6150615061506244 -20.3374512968919774
50.6350635063506331 -21.5701748620375682
50.6550655065506703 4.6842909573984564
50.6750675067506791 -32.0362435538718202
50.6950695069507162 -28.6290905818264498
50.7150715071507250 -34.0889509907374375
50.7350735073507337 -53.0361558604628414
50.7550755075507709 -16.0488038093382528
50.7750775077507797 3.7265129373872270
50.7950795079507884 4.8458085513309292
50.8150815081508256 -5.1086420187360311
50.8350835083508343 -20.4050148233154296
50.8550855085508715 -7.7328562608579752
50.8750875087508803 -25.5465689154123083
50.8950895089508890 -9.7296532916182841
50.9150915091509262 -41.7026615816667174
50.9350935093509349 -48.5702254752227560
50.9550955095509721 -40.8352518373681193
50.9750975097509809 -18.0639483816481956
50.9950995099509896 -30.3286193720711772
51.0151015101510268 -15.3533443501590501
51.0351035103510355 -13.8234439546856667
51.0551055105510727 -10.0392466364080644
51.0751075107510815 -25.1840779068186791
51.0951095109510902 -2.8840784574226142
51.1151115111511274 -4.7825518260552347
51.1351135113511361 -18.9720866683300109
51.1551155115511733 -17.0265201574983500
51.1751175117511821 -61.8001047419899905
51.1951195119511908 -27.6902868829827327
51.2151215121512280 -11.9136306964387266
51.2351235123512367 -22.5460175618470835
51.2551255125512739 -22.8875659716060831
51.2751275127512827 -5.6363456600658726
51.2951295129512914 -32.5450890951524343
51.3151315131513286 -34.7244596909596055
51.3351335133513373 -15.8081132200660406
51.3551355135513745 -41.0855501702965995
51.3751375137513833 -35.4389345406216876
51.3951395139513920 -44.5729171393923735
51.4151415141514292 -18.4372662727354779
51.4351435143514379 -19.3745372482139047
51.4551455145514751 1.0732541450256825
51.4751475147514839 12.1975920763167238
51.4951495149514926 -14.8052494349918717
51.5151515151515298 -8.4074524544594276
51.5351535153515385 -28.1635116193505084
51.5551555155515757 -25.5612407635244026
51.5751575157515845 -27.6884158093182364
51.5951595159515932 13.7119443279441349
51.6151615161516304 35.8512864840465255
51.6351635163516391 -16.0465342145164982
51.6551655165516763 -15.7500441466841714
51.6751675167516851 -7.6627260996546518
51.6951695169516938 -37.1469667051262675
51.7151715171517310 -31.7005812261692199
51.7351735173517397 -34.9055501360710139
51.7551755175517485 -12.7089773556396040
51.7751775177517857 -3.5049634996521206
51.7951795179517944 -11.4633800138622526
51.8151815181518316 -22.2069409528515038
51.8351835183518403 -27.1968341314708262
51.8551855185518491 -5.2765734897139396
51.8751875187518863 -3.3900700083942379
51.8951895189518950 5.5790796987548994
51.9151915191519322 -36.7317327404402505
51.9351935193519409 -15.3447384739009980
51.9551955195519497 -16.6468835113193627
51.9751975197519869 -8.7282872110189214
51.9951995199519956 -10.1942273821318956
52.0152015201520328 -52.5454239476529921
52.0352035203520416 13.1142563780270827
52.0552055205520503 -6.2642251906510040
52.0752075207520875 -22.3433179437773859
52.0952095209520962 0.3822972553479538
52.1152115211521334 -39.2793974304813247
52.1352135213521422 -18.5151464425523002
52.1552155215521509 -42.5463406370511805
52.1752175217521881 -16.3055970060517410
52.1952195219521968 -26.2299415400225797
52.2152215221522340 -1.2746929778232357
52.2352235223522428 -29.7853332551771928
52.2552255225522515 -18.0809313730578545
52.2752275227522887 -6.8709528938955291
52.2952295229522974 -40.3926313387270994
52.3152315231523346 -51.8370645025723036
52.3352335233523434 -20.4461728692827336
52.3552355235523521 -36.2178183297149587
52.3752375237523893 -2.7150171261644989
52.3952395239523980 5.9291662400756984
52.4152415241524352 -63.4728378091692420
52.4352435243524440 32.6293781157053360
52.4552455245524527 -46.8869606600401312
52.4752475247524899 -41.4333657389306111
52.4952495249524986 -26.1670491751362775
52.5152515251525358 -46.3706814414726409
52.5352535253525446 -48.0333900832291221
52.5552555255525533 -26.5942981569846495
52.5752575257525905 -4.3736101772066860
52.5952595259525992 -0.6375484004679812
52.6152615261526364 -31.3796348429493683
52.6352635263526452 -20.5653490372010985
52.6552655265526539 -17.2632679579549055
52.6752675267526911 -17.7995070592880609
52.6952695269526998 -23.5149352357527093
52.7152715271527086 -49.6025851874763006
52.7352735273527458 -17.2685829033739786
52.7552755275527545 -28.8048160632943286
52.7752775277527917 -12.1876476975550077
52.7952795279528004 -38.9227947921912829
52.8152815281528092 -12.3065638337562397
52.8352835283528464 0.4593758107284742
52.8552855285528551 -19.1003460135297942
52.8752875287528923 -18.9926479863335729
52.8952895289529010 -8.9615636736953554
52.9152915291529098 -46.0875550291695859
52.9352935293529470 -13.1172465276284544
52.9552955295529557 -43.0583978884562910
52.9752975297529929 -39.0761234433826914
52.9952995299530016 -3.4513279454432393
53.0153015301530104 -24.0318697734190998
53.0353035303530476 -0.8840505597827732
53.0553055305530563 -25.5704458785614825
53.0753075307530935 -38.8639350828377204
53.0953095309531022 -38.1727326141788694
53.1153115311531110 -24.0467285176207142
53.1353135313531482 -7.1688495916905541
53.1553155315531569 -39.6578856983024508
53.1753175317531941 -23.5800972623987448
53.1953195319532028 -28.6235596481728649
53.2153215321532116 -5.7778609585065528
53.2353235323532488 -1.5476216785763626
53.2553255325532575 -18.0276743561089745
53.2753275327532947 -25.6188759131188206
53.2953295329533034 -37.9221978083669953
53.3153315331533122 -12.9959212191115299
53.3353335333533494 -22.1746192761031793
53.3553355335533581 -40.3963041141407402
53.3753375337533953 -25.0793453841648244
53.3953395339534040 -1.2062254034603477
53.4153415341534128 -24.0222329175383891
53.4353435343534500 -36.6605840575388839
53.4553455345534587 -34.6736052156655248
53.4753475347534959 -3.5337811801756196
53.4953495349535046 3.9035232790854337
53.5153515351535134 -19.9676505826008110
53.5353535353535506 -3.7859691830452196
53.5553555355535593 -26.5392062125084038
53.5753575357535965 -19.3066676566775506
53.5953595359536052 -20.4323629502807229
53.6153615361536140 -15.4450839885595048
53.6353635363536512 -19.8905813422632107
53.6553655365536599 13.0543304373140696
53.6753675367536971 1.7522032797856308
53.6953695369537058 6.0866856146615849
53.7153715371537146 21.9043660020895281
53.7353735373537518 -23.0969401977069211
53.7553755375537605 -30.2047506022677084
53.7753775377537693 -29.5376867956964233
53.7953795379538064 -18.2720048343103372
53.8153815381538152 -21.5902798065425969
53.8353835383538524 -26.2383821979943761
53.8553855385538611 -25.8293979992382354
53.8753875387538699 -11.6588652513870663
53.8953895389539070 -0.4656769264849334
53.9153915391539158 -17.9013313627219688
53.9353935393539530 -40.9024073796134786
53.9553955395539617 -7.4977149624526636
53.9753975397539705 11.6189159884762780
53.9953995399540077 -2.6200932728605331
54.0154015401540164 -25.2961543874147310
54.0354035403540536 -27.1080842013405636
54.0554055405540623 -10.9315145533031188
54.0754075407540711 1.3015865093797370
54.0954095409541083 -17.2653248100288117
54.1154115411541170 -22.7694719648256800
54.1354135413541542 -21.6176975133254672
54.1554155415541629 -13.1305341543995198
54.1754175417541717 10.2854583707609262
54.1954195419542089 -11.5054654002625405
54.2154215421542176 28.4478401585503349
54.2354235423542548 -26.9394426410469485
54.2554255425542635 -23.1984335532286892
54.2754275427542723 -11.2889458923238948
54.2954295429543095 -12.8966264578974101
54.3154315431543182 -16.8703238811416227
54.3354335433543554 -38.7712639806610682
54.3554355435543641 10.1546435433098843
54.3754375437543729 -2.6276661709002003
54.3954395439544101 -20.2643476294637033
54.4154415441544188 -47.7362874928282253
54.4354435443544560 -15.9247252126681413
54.4554455445544647 20.9777742315466753
54.4754475447544735 -17.7142930931757050
54.4954495449545107 -0.0647395000819273
54.5154515451545194 -35.9252465814780422
54.5354535453545566 -73.9554408829591239
54.5554555455545653 -13.5920592071462671
54.5754575457545741 -14.5161559575227628
54.5954595459546113 -19.5553177865358485
54.6154615461546200 -25.4636788580025453
54.6354635463546572 -27.7607900051406418
54.6554655465546659 1.6283001581721681
54.6754675467546747 -7.0534309067072760
54.6954695469547119 -42.3720394864508307
54.7154715471547206 7.1891645227780892
54.7354735473547294 -28.7229045613575238
54.7554755475547665 -12.3216289736821238
54.7754775477547753 -9.7046515994306635
54.7954795479548125 -20.4595254107749369
54.8154815481548212 2.9180461386115883
54.8354835483548300 -44.3543746325974411
54.8554855485548671 3.3017809684941675
54.8754875487548759 -11.8840797348089851
54.8954895489549131 -14.6522852767048892
54.9154915491549218 -32.2458638553425985
54.9354935493549306 -43.9468809595578378
54.9554955495549677 -47.2078688417993959
54.9754975497549765 -42.6114692772665578
54.9954995499550137 -26.0626563312023976
55.0155015501550224 1.5007975862464615
55.0355035503550312 -36.6492036095100318
55.0555055505550683 -33.2076875082068099
55.0755075507550771 -13.3303921902949458
55.0955095509551143 -40.4429837596837274
55.1155115511551230 -37.3171081542368128
55.1355135513551318 -42.0452157652320295
55.1555155515551689 -17.6652697937517402
55.1755175517551777 15.9046890121264024
55.1955195519552149 -17.4738216474937964
55.2155215521552236 -4.6298555175430129
55.2355235523552324 -17.2385127033901746
55.2555255525552695 -32.9404287738352579
55.2755275527552783 -52.8847910889311166
55.2955295529553155 11.9570725534640179
55.3155315531553242 -7.3323846062518978
55.3355335533553330 -17.6504480635478878
55.3555355535553701 -5.9058966783307447
55.3755375537553789 8.9625567551301533
55.3955395539554161 -35.4288869124455346
55.4155415541554248 5.1207335976501689
55.4355435543554336 5.2367077261610344
55.4555455545554707 15.2022833120085323
55.4755475547554795 -6.4990214194397717
55.4955495549555167 12.8252187725561217
55.5155515551555254 -14.5469428456374015
55.5355535553555342 21.1932573459865310
55.5555555555555713 2.9370477737448279
55.5755575557555801 6.7871080651128608
55.5955595559556173 -1.4814463137551623
55.6155615561556260 -13.2486771189869526
55.6355635563556348 -29.2541945628056297
55.6555655565556719 4.0549382089731800
55.6755675567556807 -1.7028634129316700
55.6955695569556894 21.8736663670998119
55.7155715571557266 -16.9099595821401039
55.7355735573557354 4.9135757832507174
55.7555755575557725 -1.1016080655063529
55.7755775577557813 7.2086099684881706
55.7955795579557901 -10.8392504388964710
55.8155815581558272 -2.3472522847616464
55.8355835583558360 17.0455066524979131
55.8555855585558731 14.4060023811273741
55.8755875587558819 -36.2406819578579587
55.8955895589558907 28.9012921637008802
55.9155915591559278 -21.8258808409843965
55.9355935593559366 -18.3629425730183726
55.9555955595559738 23.1050524798743666
55.9755975597559825 -9.6369197192749265
55.9955995599559913 -18.3253743963913109
56.0156015601560284 -1.2499415373693310
56.0356035603560372 -0.3024632627335109
56.0556055605560744 -39.4939569392480010
56.0756075607560831 -18.4375585119356558
56.0956095609560919 -32.2312217163780943
56.1156115611561290 13.0120335715129603
56.1356135613561378 -27.3297930555204545
56.1556155615561750 -13.5489995419218214
56.1756175617561837 -4.0115469082107813
56.1956195619561925 16.4671646174750528
56.2156215621562296 -31.1794021919916595
56.2356235623562384 -31.6461007189693149
56.2556255625562756 -10.1655989819946893
56.2756275627562843 -22.6958072378568190
56.2956295629562931 -24.1013647205021471
56.3156315631563302 -22.0939134832700432
56.3356335633563390 -42.1794145960623865
56.3556355635563762 33.2546701486003755
56.3756375637563849 -33.7240629655139443
56.3956395639563937 4.7536074235754029
56.4156415641564308 27.8836286838526490
56.4356435643564396 13.4343680116709301
56.4556455645564768 11.8440668048530888
56.4756475647564855 -23.5203067514770225
56.4956495649564943 -29.3441871678680677
56.5156515651565314 9.0414481403979234
56.5356535653565402 -30.1905842343141444
56.5556555655565774 -14.2589728285149242
56.5756575657565861 -41.2354461906928336
56.5956595659565949 -9.9698563027926070
56.6156615661566320 15.4042771090415940
56.6356635663566408 0.6821912398112593
56.6556655665566495 -33.3206233851345246
56.6756675667566867 -25.3706533643331724
56.6956695669566955 -3.6294948328072154
56.7156715671567326 31.3842158339675770
56.7356735673567414 -1.4352544610066360
56.7556755675567501 -4.8320474848912918
56.7756775677567873 -26.6886981367837706
56.7956795679567961 -10.0165658095436445
56.8156815681568332 -13.6958498180131905
56.8356835683568420 -1.3030845655093888
56.8556855685568507 35.1709935473040218
56.8756875687568879 -7.7011887218860924
56.8956895689568967 -33.8958545877590680
56.9156915691569338 -4.1410510322755538
56.9356935693569426 27.8378182019861242
56.9556955695569513 -1.0187065799549471
56.9756975697569885 20.8980139401746854
56.9956995699569973 -2.5023607096557927
57.0157015701570344 -12.6093042467823544
57.0357035703570432 -43.0512879403843556
57.0557055705570519 -15.6142636269781079
57.0757075707570891 -30.0466143915795278
57.0957095709570979 -8.2909467463429039
57.1157115711571350 -6.7914609342184367
57.1357135713571438 11.9247707007411972
57.1557155715571525 -22.5349696637299388
57.1757175717571897 -15.6126983943746787
57.1957195719571985 5.3558587294499578
57.2157215721572356 0.5066699183829613
57.2357235723572444 -14.7376089085759823
57.2557255725572531 -15.0896104736245587
57.2757275727572903 -13.2502162250591535
57.2957295729572991 -20.5827278931448063
57.3157315731573362 -14.4103302522405130
57.3357335733573450 -15.3275259012817848
57.3557355735573537 -7.9534749007642764
57.3757375737573909 0.2697440991084834
57.3957395739573997 9.7825989374969282
57.4157415741574368 -1.5075553362931204
57.4357435743574456 -46.0575847968109215
57.4557455745574543 -12.7985434278075445
57.4757475747574915 24.6410126165848418
57.4957495749575003 -17.3109641046185594
57.5157515751575374 26.0665888551621094
57.5357535753575462 -5.6683423633391437
57.5557555755575549 14.3957046319609319
57.5757575757575921 -0.4090085100037379
57.5957595759576009 -28.1083265456855855
57.6157615761576096 -7.1046849060150716
57.6357635763576468 -5.6484723348785089
57.6557655765576555 -33.0800725363590118
57.6757675767576927 -14.3445390337226115
57.6957695769577015 30.2913402324764576
57.7157715771577102 1.4312570562658840
57.7357735773577474 -1.1174106478722541
57.7557755775577562 -10.0027561758370158
57.7757775777577933 -4.1772477304475029
57.7957795779578021 -13.2584633589567122
57.8157815781578108 -22.7097379316749333
57.8357835783578480 -5.9968438502263410
57.8557855785578568 -28.2636628953777844
57.8757875787578939 -21.5883318075935335
57.8957895789579027 -19.2958764249959458
57.9157915791579114 -8.1912052607740158
57.9357935793579486 7.9305762278911640
57.9557955795579574 -27.0352317178374939
57.9757975797579945 -23.7361880426554279
57.9957995799580033 -8.5916689116165941
58.0158015801580120 -34.8821842375125613
58.0358035803580492 11.9410827788184832
58.0558055805580580 37.2491935833933283
58.0758075807580951 10.6023408772285226
58.0958095809581039 -2.5324533776041198
58.1158115811581126 8.9836018465388339
58.1358135813581498 9.1559373153094548
58.1558155815581586 -14.7586473974878185
58.1758175817581957 24.8780388080985198
58.1958195819582045 -4.5066825190359783
58.2158215821582132 9.9638565420120226
58.2358235823582504 13.2986758524994251
58.2558255825582592 -21.1687602770961298
58.2758275827582963 0.5542088713139566
58.2958295829583051 -36.2864541284246300
58.3158315831583138 -39.7610611095048014
58.3358335833583510 9.5632306095327841
58.3558355835583598 -14.6583537911112334
58.3758375837583969 -10.5989505449632695
58.3958395839584057 29.9838878497062353
58.4158415841584144 13.9464112348850477
58.4358435843584516 18.0584769281962920
58.4558455845584604 -54.5249323702724809
58.4758475847584975 -12.1248379473499277
58.4958495849585063 9.4522791105122206
58.5158515851585150 4.4827884127104856
58.5358535853585522 13.1788422262659068
58.5558555855585610 3.9361368871400861
58.5758575857585697 -30.6988189199654471
58.5958595859586069 26.8788016652804203
58.6158615861586156 -29.1409172685873550
58.6358635863586528 -6.8524952177527085
58.6558655865586616 -23.5915317542087308
58.6758675867586703 -1.5092205480162115
58.6958695869587075 -11.4938332487427957
58.7158715871587162 9.2189573830790508
58.7358735873587534 2.4449382741542514
58.7558755875587622 -24.3422322019784119
58.7758775877587709 18.1422225120589182
58.7958795879588081 -2.5441502630022459
58.8158815881588168 21.2442545923941708
58.8358835883588540 35.3941323531347720
58.8558855885588628 26.7431367216817897
58.8758875887588715 -19.4283047538435731
58.8958895889589087 -37.4522525359974523
58.9158915891589174 -24.6879111284544699
58.9358935893589546 -11.9876018751474209
58.9558955895589634 10.9326327739609788
58.9758975897589721 33.5846031685281332
58.9958995899590093 17.6625480205915402
59.0159015901590180 11.7014529571893480
59.0359035903590552 9.1566866387088908
59.0559055905590640 -12.8303724900528131
59.0759075907590727 9.1940304625939469
59.0959095909591099 6.5081114781792397
59.1159115911591186 8.7247579027177693
59.1359135913591558 8.8793281337601009
59.1559155915591646 -3.6079136321919369
59.1759175917591733 -27.9928017715431992
59.1959195919592105 -2.6874218322793215
59.2159215921592192 8.6354246277961941
59.2359235923592564 -20.4507142839094520
59.2559255925592652 39.8268788025627103
59.2759275927592739 -10.9694675843107241
59.2959295929593111 18.1264185470525057
59.3159315931593198 -27.1639935728818962
59.3359335933593570 9.7350885839904979
59.3559355935593658 18.9101546343544449
59.3759375937593745 -3.3774824449990928
59.3959395939594117 13.2089379320155391
59.4159415941594204 -17.4182324032680391
59.4359435943594576 -0.0195053134775822
59.4559455945594664 13.1562869367119148
59.4759475947594751 -5.8652891266105573
59.4959495949595123 32.3203658334029384
59.5159515951595210 0.6523163575800741
59.5359535953595298 14.6054378145798864
59.5559555955595670 25.1875772993410862
59.5759575957595757 -20.2225476306840370
59.5959595959596129 24.2913779773140135
59.6159615961596216 25.0814260905897868
59.6359635963596304 48.2314139553359382
59.6559655965596676 -6.7784341343633177
59.6759675967596763 -14.3281639649957526
59.6959695969597135 2.5052491609850809
59.7159715971597223 -27.0075075458847529
59.7359735973597310 -4.9125294483504618
59.7559755975597682 14.2749788903061354
59.7759775977597769 -33.9723629814287449
59.7959795979598141 6.0185731745966420
59.8159815981598229 -8.0946043933280976
59.8359835983598316 24.3932756898058933
59.8559855985598688 16.6368554057208868
59.8759875987598775 16.4382569126979128
59.8959895989599147 15.3610658368564383
59.9159915991599235 30.3316775663398488
59.9359935993599322 24.2934599238953837
59.9559955995599694 -13.3622019561965892
59.9759975997599781 25.2374654497769271
59.9959995999600153 -0.5698285185314802
60.0160016001600241 -10.9363301071898604
60.0360036003600328 31.4346366452177755
60.0560056005600700 25.8259519559502344
60.0760076007600787 12.0533344315405735
60.0960096009601159 -24.2202654985075618
60.1160116011601247 21.4190312368995173
60.1360136013601334 9.1873268595343429
60.1560156015601706 13.2684704348321976
60.1760176017601793 15.2314076029247865
60.1960196019602165 -14.6493520746026284
60.2160216021602253 22.4764469518708587
60.2360236023602340 -12.0544023261645243
60.2560256025602712 18.9791328752539350
60.2760276027602799 -16.3703531375559237
60.2960296029603171 -17.5827796875229581
60.3160316031603259 24.8664989907665088
60.3360336033603346 28.3639794507765686
60.3560356035603718 17.3775029449238119
60.3760376037603805 -42.4816922952485285
60.3960396039604177 6.4897444702376479
60.4160416041604265 9.6009900530444519
60.4360436043604352 2.6445717076915036
60.4560456045604724 29.7754793347731095
60.4760476047604811 16.1521305384520701
60.4960496049604899 -1.1333415305039480
60.5160516051605271 14.9559998308547151
60.5360536053605358 -6.4771030251157571
60.5560556055605730 16.4842618997420836
60.5760576057605817 -31.8218115330555236
60.5960596059605905 1.1812532011631509
60.6160616061606277 -49.6472758977760122
60.6360636063606364 7.7010288929662574
60.6560656065606736 0.9803002754092356
60.6760676067606823 12.1313017692133656
60.6960696069606911 -6.2487505531998719
60.7160716071607283 3.6872106121383057
60.7360736073607370 20.0489927553897687
60.7560756075607742 -11.3993674574852477
60.7760776077607829 -1.9964957350724646
60.7960796079607917 -12.8532602681462222
60.8160816081608289 -38.1180980483390357
60.8360836083608376 25.1891093490762863
60.8560856085608748 -5.2992119437056315
60.8760876087608835 17.7687008954780836
60.8960896089608923 12.3316444183403497
60.9160916091609295 -26.2869174398721483
60.9360936093609382 10.3262999382803144
60.9560956095609754 40.5391798446191700
60.9760976097609841 -18.9220756058618136
60.9960996099609929 34.7680271870359050
61.0161016101610301 3.0413381344553470
61.0361036103610388 16.7873631682895024
61.0561056105610760 17.0105296856778025
61.0761076107610847 -19.5965943186871101
61.0961096109610935 6.8067156569667073
61.1161116111611307 26.1477853818402224
61.1361136113611394 -6.9163287676592127
61.1561156115611766 0.3368498254047516
61.1761176117611853 0.1443716712895284
61.1961196119611941 21.1070572589944732
61.2161216121612313 18.4506118667112275
61.2361236123612400 5.0957612098459268
61.2561256125612772 24.3609568364990778
61.2761276127612859 3.4292543122081547
61.2961296129612947 2.2853047006650709
61.3161316131613319 -1.1581369472198730
61.3361336133613406 -20.4971801560513462
61.3561356135613778 -10.6033660048210869
61.3761376137613865 37.7834169129088693
61.3961396139613953 23.6609648665348367
61.4161416141614325 47.0399666832606442
61.4361436143614412 20.1927999760967225
61.4561456145614500 21.2733548628191897
61.4761476147614871 4.4676901832417029
61.4961496149614959 -9.8921098059284169
61.5161516151615331 7.4962715211894579
61.5361536153615418 1.3306984264674320
61.5561556155615506 12.3474940433087710
61.5761576157615877 -14.3173443878042814
61.5961596159615965 3.0489094963520778
61.6161616161616337 23.7036287142693496
61.6361636163616424 34.6330287862767534
61.6561656165616512 20.8878641478069227
61.6761676167616884 18.9481761271476472
61.6961696169616971 42.2858992307655157
61.7161716171617343 -29.2285035814809397
61.7361736173617430 13.3287421299935751
61.7561756175617518 24.5600958840494314
61.7761776177617890 -11.3141593037200821
61.7961796179617977 -9.0512085988391444
61.8161816181618349 -11.1520185690408749
61.8361836183618436 29.7686702619935986
61.8561856185618524 36.3353047056546643
61.8761876187618896 -23.7876166087376006
61.8961896189618983 -23.6683519705509440
61.9161916191619355 -19.6265351505802030
61.9361936193619442 -7.7704778206727596
61.9561956195619530 2.3385766036561311
61.9761976197619902 19.7248634579120825
61.9961996199619989 -19.7984106876249655
62.0162016201620361 38.1254654371158566
62.0362036203620448 9.2459305905114295
62.0562056205620536 32.6932677151460780
62.0762076207620908 -13.7726190431368654
62.0962096209620995 24.0715957006486718
62.1162116211621367 26.9437209238337729
62.1362136213621454 20.8502075279805439
62.1562156215621542 -13.5522775412900849
62.1762176217621914 -9.6189890596888130
62.1962196219622001 -7.6727538083387223
62.2162216221622373 -13.6784213050844414
62.2362236223622460 -11.9218255852392243
62.2562256225622548 17.8836630355619377
62.2762276227622920 13.3228541444584181
62.2962296229623007 -3.5235416760240010
62.3162316231623379 30.1740632564425297
62.3362336233623466 22.0888523412136628
62.3562356235623554 35.4163304032074819
62.3762376237623926 10.7442894057778222
62.3962396239624013 -11.7938041023299558
62.4162416241624101 10.1538779567171087
62.4362436243624472 7.6366746237288758
62.4562456245624560 26.9619009207625027
62.4762476247624932 24.9264206225886227
62.4962496249625019 12.7293251999284482
62.5162516251625107 25.9357687856930283
62.5362536253625478 11.3083318281291980
62.5562556255625566 39.2733046299551347
62.5762576257625938 39.9732365326351555
62.5962596259626025 12.0161753473718367
62.6162616261626113 11.5800815806247837
62.6362636263626484 -32.2134989488296810
62.6562656265626572 53.7749951362036072
62.6762676267626944 3.8716199869130783
62.6962696269627031 16.4743227427496635
62.7162716271627119 1.4871899602932412
62.7362736273627490 7.3354775016958946
62.7562756275627578 -10.0676717870126442
62.7762776277627950 20.9061582044678573
62.7962796279628037 9.8302675272914684
62.8162816281628125 12.5697138718178056
62.8362836283628496 23.6257680991136922
62.8562856285628584 18.4972994482118906
62.8762876287628956 30.2633807114726991
62.8962896289629043 -18.2484523284194786
62.9162916291629131 41.6752255631268795
62.9362936293629502 11.3567566878874846
62.9562956295629590 22.9266688260029241
62.9762976297629962 -13.7467027605718251
62.9962996299630049 -4.8777762104392721
63.0163016301630137 21.4290596933733184
63.0363036303630508 -2.0150718717846221
63.0563056305630596 6.4212214087062556
63.0763076307630968 18.8920638517947843
63.0963096309631055 14.6320661519838566
63.1163116311631143 6.4668870830604117
63.1363136313631514 -7.3237450387837164
63.1563156315631602 0.3813986884169189
63.1763176317631974 16.9834297430065320
63.1963196319632061 26.4857007847736696
63.2163216321632149 6.4546589451292977
63.2363236323632520 73.1284772311312281
63.2563256325632608 6.4655280522499119
63.2763276327632980 16.7279119365730935
63.2963296329633067 -42.4987803617883912
63.3163316331633155 30.2049189099213145
63.3363336333633526 -1.0244201411077540
63.3563356335633614 47.7839111670463552
63.3763376337633701 24.1275849035332222
63.3963396339634073 7.9747523608189876
63.4163416341634161 7.7375452312828497
63.4363436343634532 4.4869155857007392
63.4563456345634620 17.0727990173978590
63.4763476347634708 8.5412750932063641
63.4963496349635079 -10.2753068711624849
63.5163516351635167 -0.1714662800301134
63.5363536353635538 37.2922562622659797
63.5563556355635626 0.4287294589278901
63.5763576357635714 15.3784576201440295
63.5963596359636085 -6.2102000274396687
63.6163616361636173 -7.4142717118309385
63.6363636363636545 29.6651653903398511
63.6563656365636632 7.7285537056942086
63.6763676367636720 24.9901669290451451
63.6963696369637091 11.4314603876735177
63.7163716371637179 18.8220191067348779
63.7363736373637551 16.3651472140370053
63.7563756375637638 -10.3323768080007810
63.7763776377637726 14.4722896605877924
63.7963796379638097 38.2800462167395210
63.8163816381638185 5.8886671453938249
63.8363836383638557 -5.8757412436405332
63.8563856385638644 27.5146144659802019
63.8763876387638732 -19.1121139903897195
63.8963896389639103 1.0572338329503737
63.9163916391639191 30.4067865408832390
63.9363936393639563 21.8298185829258422
63.9563956395639650 37.4514360659614596
63.9763976397639738 23.6166223119105787
63.9963996399640109 -0.4710016141201869
64.0164016401640197 5.9832514280706555
64.0364036403640569 5.1743271527859207
64.0564056405640656 15.4201924974662870
64.0764076407640744 6.7591328634704109
64.0964096409641115 22.1114505231578846
64.1164116411641203 5.8610505450296699
64.1364136413641575 -8.5051373466102547
64.1564156415641662 32.9408348783733089
64.1764176417641750 30.9894009268627961
64.1964196419642121 18.3092444074246075
64.2164216421642209 69.5064518834871876
64.2364236423642581 21.3464089936679748
64.2564256425642668 39.1715182592824505
64.2764276427642756 15.2859538224864142
64.2964296429643127 12.9516720099304763
64.3164316431643215 10.0371498066688130
64.3364336433643587 13.6717269290257342
64.3564356435643674 40.1642008622374433
64.3764376437643762 4.5264162501749148
64.3964396439644133 13.1216823359161516
64.4164416441644221 41.4430381999573569
64.4364436443644308 28.7521663470787772
64.4564456445644680 49.1408068437984866
64.4764476447644768 -1.2624738558719599
64.4964496449645139 31.9094016829046971
64.5164516451645227 -12.5789774790541102
64.5364536453645314 3.3314513341777037
64.5564556455645686 16.7048882775094540
64.5764576457645774 48.8939971799496647
64.5964596459646145 48.4169757300947481
64.6164616461646233 34.8037450586639139
64.6364636463646320 17.1274384256477674
64.6564656465646692 44.4178069795903099
64.6764676467646780 20.4626559094508309
64.6964696469647151 11.2080813951935649
64.7164716471647239 10.4068850364148791
64.7364736473647326 45.3332467716697991
64.7564756475647698 42.7123768529929464
64.7764776477647786 38.1348528871305774
64.7964796479648157 34.8614463345962804
64.8164816481648245 13.5970320993472971
64.8364836483648332 -1.3637779054733628
64.8564856485648704 19.9247047833181270
64.8764876487648792 43.3769741973023812
64.8964896489649163 9.1916454421519571
64.9164916491649251 3.5323975403673131
64.9364936493649338 -26.6624533797950640
64.9564956495649710 21.2945432792081775
64.9764976497649798 6.2632362060935272
64.9964996499650169 9.0517967375620305
65.0165016501650257 33.0593252300583913
65.0365036503650344 15.8482082495858556
65.0565056505650716 32.3957927827540502
65.0765076507650804 12.0529520129895342
65.0965096509651175 8.5637724266040571
65.1165116511651263 -5.8070753688980652
65.1365136513651350 35.1041805471193271
65.1565156515651722 12.3899117643546663
65.1765176517651810 4.7780941404581370
65.1965196519652181 12.8859758527908497
65.2165216521652269 42.9449166175185297
65.2365236523652356 16.4584876869479295
65.2565256525652728 13.8537462889326282
65.2765276527652816 34.7084229521539598
65.2965296529653187 18.0385546084574706
65.3165316531653275 41.8919004441504939
65.3365336533653362 53.2406873710145021
65.3565356535653734 4.3832551718680861
65.3765376537653822 19.9757948013559954
65.3965396539653909 25.6570287004904785
65.4165416541654281 53.2052950531726268
65.4365436543654369 -12.8025084035710712
65.4565456545654740 58.6426106036538286
65.4765476547654828 40.2996111685768668
65.4965496549654915 -6.4936116005925264
65.5165516551655287 15.9576122650481889
65.5365536553655375 44.0851154277863841
65.5565556555655746 12.9910270007940252
65.5765576557655834 17.4900622622279371
65.5965596559655921 40.3157520446918909
65.6165616561656293 -6.4279562912468045
65.6365636563656381 3.9381082459747461
65.6565656565656752 45.9954249646543047
65.6765676567656840 12.4271787340330135
65.6965696569656927 40.4256695692745325
65.7165716571657299 3.6262312946518271
65.7365736573657387 24.6595928344318907
65.7565756575657758 27.7407473421760571
65.7765776577657846 15.1117548781128761
65.7965796579657933 8.9842340748542711
65.8165816581658305 14.9438082347192900
65.8365836583658393 38.3545705829809265
65.8565856585658764 46.3967541726743633
65.8765876587658852 56.6611795690178468
65.8965896589658939 21.7653919544822898
65.9165916591659311 48.0735246356414905
65.9365936593659399 -4.8542286265308299
65.9565956595659770 45.8022997482298067
65.9765976597659858 20.2487900018878548
65.9965996599659945 7.8323573789622927
66.0166016601660317 22.9756687227724754
66.0366036603660405 21.0067955259317927
66.0566056605660776 47.6893646982959041
66.0766076607660864 7.8848900492236211
66.0966096609660951 28.2871427472952917
66.1166116611661323 14.7056173074584660
66.1366136613661411 30.7480083240570217
66.1566156615661782 43.4778511131256735
66.1766176617661870 21.7953641371596163
66.1966196619661957 61.9217953272469899
66.2166216621662329 27.0740179894683273
66.2366236623662417 15.7639606446291811
66.2566256625662788 52.7677131910503050
66.2766276627662876 27.9788439152991444
66.2966296629662963 36.0377325288910981
66.3166316631663335 20.4730702509334463
66.3366336633663423 27.0305725676383233
66.3566356635663510 17.5327788791706141
66.3766376637663882 24.4943459058728052
66.3966396639663969 -2.3438706871438910
66.4166416641664341 47.0899999572205346
66.4366436643664429 40.9899162048770904
66.4566456645664516 32.1643534791429175
66.4766476647664888 33.8344671412674103
66.4966496649664975 4.0756718169808401
66.5166516651665347 55.3570293007323926
66.5366536653665435 41.1764458954479551
66.5566556655665522 11.6349671479733274
66.5766576657665894 26.5482471476385982
66.5966596659665981 12.3070410115117532
66.6166616661666353 26.1091682674533878
66.6366636663666441 18.3457050058834028
66.6566656665666528 14.7055290058676107
66.6766676667666900 33.4819449712706216
66.6966696669666987 34.9613802255546062
66.7166716671667359 25.0535278836417490
66.7366736673667447 67.2837214967388348
66.7566756675667534 32.8939279445863519
66.7766776677667906 23.6607447162247837
66.7966796679667993 4.5529415450478048
66.8166816681668365 16.9049861546226552
66.8366836683668453 37.7538592110792308
66.8566856685668540 23.7764366363518818
66.8766876687668912 27.7378445831827989
66.8966896689668999 26.2555095000318630
66.9166916691669371 -4.2958445671023071
66.9366936693669459 39.0422194111417085
66.9566956695669546 45.1854306640655494
66.9766976697669918 16.6564158907969322
66.9966996699670005 43.2038263117696246
67.0167016701670377 20.9497713371267338
67.0367036703670465 42.7800634247223002
67.0567056705670552 14.3053878566977986
67.0767076707670924 57.4728215098609070
67.0967096709671011 16.1916304600651202
67.1167116711671383 -26.5941475062111046
67.1367136713671471 50.2358708824915396
67.1567156715671558 28.1446316104914018
67.1767176717671930 43.1152242543644135
67.1967196719672017 36.9503716043159756
67.2167216721672389 60.6896331734494865
67.2367236723672477 26.6150446257760365
67.2567256725672564 31.7357157911908168
67.2767276727672936 23.3745845362146873
67.2967296729673023 29.8644279243451400
67.3167316731673111 20.1443440139882668
67.3367336733673483 59.5916037748850727
67.3567356735673570 53.5111638129337024
67.3767376737673942 57.3605572745469203
67.3967396739674030 26.5154861555517343
67.4167416741674117 42.3405382975187052
67.4367436743674489 23.5320014653384888
67.4567456745674576 -4.7473623956558200
67.4767476747674948 -6.2806537938047668
67.4967496749675036 45.5464405357011728
67.5167516751675123 42.0039721177157332
67.5367536753675495 52.3125446185723320
67.5567556755675582 61.1087915366436505
67.5767576757675954 56.7057273651753206
67.5967596759676042 43.1794350837294587
67.6167616761676129 31.6690983831554291
67.6367636763676501 41.4655376647082718
67.6567656765676588 62.7468365030964321
67.6767676767676960 56.3459101185390807
67.6967696769677048 49.9085095230131088
67.7167716771677135 28.8845772911298404
67.7367736773677507 45.3536038420029683
67.7567756775677594 54.2516297184293776
67.7767776777677966 22.0442519517421616
67.7967796779678054 46.3581612607478348
67.8167816781678141 23.8631913383631726
67.8367836783678513 37.3987737632695740
67.8567856785678600 -5.7921652042293275
67.8767876787678972 31.7484360848511820
67.8967896789679060 61.6963733770291043
67.9167916791679147 38.8327014900990903
67.9367936793679519 8.1257338377987587
67.9567956795679606 27.9237087695826389
67.9767976797679978 57.3682288706956953
67.9967996799680066 21.0745150364718157
68.0168016801680153 39.2678716367962437
68.0368036803680525 18.2389783498682618
68.0568056805680612 47.3573356531379019
68.0768076807680984 42.5265716579410835
68.0968096809681072 36.9405866160210650
68.1168116811681159 26.2839096053838155
68.1368136813681531 32.5937427182963617
68.1568156815681618 21.6369775930284476
68.1768176817681990 10.7108637819635604
68.1968196819682078 17.9656431283383320
68.2168216821682165 25.7213861942316768
68.2368236823682537 55.6498589427821884
68.2568256825682624 22.9997220196742731
68.2768276827682712 35.7326238717805538
68.2968296829683084 47.4139259640619812
68.3168316831683171 45.0389475884770079
68.3368336833683543 50.7928721911919894
68.3568356835683630 45.8929467262001225
68.3768376837683718 29.1399834251493814
68.3968396839684090 7.8183810680684083
68.4168416841684177 18.7450070583708275
68.4368436843684549 50.2449073916519282
68.4568456845684636 54.8178326663063444
68.4768476847684724 47.8072435489343448
68.4968496849685096 21.3788509644768823
68.5168516851685183 31.7796428690999591
68.5368536853685555 17.2340631217880293
68.5568556855685642 28.6037501304096473
68.5768576857685730 20.6823137839570421
68.5968596859686102 38.5429752845514386
68.6168616861686189 12.1931834663370005
68.6368636863686561 27.6584410502069460
68.6568656865686648 32.2691053152445164
68.6768676867686736 7.2352794664262596
68.6968696869687108 13.4892573827789661
68.7168716871687195 55.1468993489150421
68.7368736873687567 41.8160012724188164
68.7568756875687654 46.2048171533695751
68.7768776877687742 22.5251237868266188
68.7968796879688114 8.9038175872412992
68.8168816881688201 34.3534729549083195
68.8368836883688573 36.3643368440661305
68.8568856885688660 52.9493466946388267
68.8768876887688748 64.4113171742030488
68.8968896889689120 23.5472357493617821
68.9168916891689207 26.9287070738539001
68.9368936893689579 26.7097281981835479
68.9568956895689666 61.9970049391290559
68.9768976897689754 12.2428873535433134
68.9968996899690126 52.2849536158757928
69.0169016901690213 -1.9836771004517288
69.0369036903690585 14.0788494591380697
69.0569056905690672 8.8799737145144775
69.0769076907690760 38.0564194706695602
69.0969096909691132 9.7339370396687954
69.1169116911691219 41.1960003454848547
69.1369136913691591 -9.1247027627883242
69.1569156915691678 46.6837207773831366
69.1769176917691766 23.2301682173967876
69.1969196919692138 64.7240889737264240
69.2169216921692225 52.5440825083364231
69.2369236923692313 47.6349957005044118
69.2569256925692684 25.4521997557609154
69.2769276927692772 33.6636472083810361
69.2969296929693144 58.1450503632387310
69.3169316931693231 36.2961635883874862
69.3369336933693319 34.6748907625888805
69.3569356935693691 76.4051617466324871
69.3769376937693778 38.0849243093013925
69.3969396939694150 59.2714696577311315
69.4169416941694237 64.7260086594854442
69.4369436943694325 48.1697455983550995
69.4569456945694697 22.6325774790581775
69.4769476947694784 31.4108412465517723
69.4969496949695156 47.8362433196063606
69.5169516951695243 -3.8856602944527125
69.5369536953695331 29.9512709125722481
69.5569556955695703 62.5493028488484555
69.5769576957695790 42.8658065489434392
69.5969596959696162 43.6662713829603106
69.6169616961696249 71.0905547532901494
69.6369636963696337 30.3354637224299104
69.6569656965696709 17.7292497362486117
69.6769676967696796 85.4128159362761039
69.6969696969697168 18.6190602301028214
69.7169716971697255 5.3884712691632899
69.7369736973697343 20.5139579185867831
69.7569756975697715 17.7403823256442834
69.7769776977697802 80.4619219287530143
69.7969796979698174 65.9687657999958219
69.8169816981698261 41.7579582922396284
69.8369836983698349 38.2844785681491544
69.8569856985698721 52.6626240356824198
69.8769876987698808 36.8712928073021473
69.8969896989699180 74.4398082320391836
69.9169916991699267 51.5033003324369361
69.9369936993699355 68.7950189638313532
69.9569956995699727 72.7564867513698914
69.9769976997699814 33.9378858040479372
69.9969996999700186 11.5969117797286856
70.0170017001700273 50.6359615176064537
70.0370037003700361 45.9764464259600345
70.0570057005700733 32.9557927339054118
70.0770077007700820 -14.7110032205081183
70.0970097009701192 68.4643250938594008
70.1170117011701279 44.8817158293616032
70.1370137013701367 44.0856650386023361
70.1570157015701739 33.8261426675109220
70.1770177017701826 54.4102045447927054
70.1970197019701914 30.5497879930040277
70.2170217021702285 26.8840412054503908
70.2370237023702373 34.2145908298339521
70.2570257025702745 62.3927717524243377
70.2770277027702832 39.8176589544628001
70.2970297029702920 42.0985883974917101
70.3170317031703291 38.1207488124791070
70.3370337033703379 37.6850381092312858
70.3570357035703751 29.9334877570390958
70.3770377037703838 49.8154109632545925
70.3970397039703926 69.8139020876301544
70.4170417041704297 16.7485465447811777
70.4370437043704385 9.2951067661909192
70.4570457045704757 42.9822698116519177
70.4770477047704844 39.6518991140327728
70.4970497049704932 26.3049803558256983
70.5170517051705303 62.5937420208179205
70.5370537053705391 59.2144114989488486
70.5570557055705763 71.2492832556784776
70.5770577057705850 32.6563651289870620
70.5970597059705938 3.9240056307589768
70.6170617061706309 58.4606617431176900
70.6370637063706397 44.5048096963714741
70.6570657065706769 55.3049587296869518
70.6770677067706856 63.9135214805610588
70.6970697069706944 42.8663050113713524
70.7170717071707315 40.0600920858377307
70.7370737073707403 51.1210793642530419
70.7570757075707775 59.9914410257430291
70.7770777077707862 32.0312823084534983
70.7970797079707950 18.1893327674155429
70.8170817081708321 2.5391538910568130
70.8370837083708409 70.1209719231359827
70.8570857085708781 22.5870475036863425
70.8770877087708868 74.7015919592723066
70.8970897089708956 21.8385200147033167
70.9170917091709327 30.5237489863083837
70.9370937093709415 47.9450757180983587
70.9570957095709787 50.9707410559542353
70.9770977097709874 63.3058065330257733
70.9970997099709962 34.8221523204246068
71.0171017101710333 29.8524637683038634
71.0371037103710421 79.2427455424844140
71.0571057105710793 59.2118071021075991
71.0771077107710880 75.0184883620292737
71.0971097109710968 46.9216323289616781
71.1171117111711339 73.0737519548521988
71.1371137113711427 21.7213587599303537
71.1571157115711515 47.6360136442754296
71.1771177117711886 39.2773695510728302
71.1971197119711974 48.2121794279253990
71.2171217121712345 23.5533178154340526
71.2371237123712433 29.4963521658362602
71.2571257125712521 46.9188324918761097
71.2771277127712892 34.5348922302416099
71.2971297129712980 67.7331319831251619
71.3171317131713352 44.7379796818924760
71.3371337133713439 35.6912755267305926
71.3571357135713527 33.7211241957932586
71.3771377137713898 2.6902078307134829
71.3971397139713986 34.6075170624365285
71.4171417141714358 61.5158713286031400
71.4371437143714445 35.3262579075802421
71.4571457145714533 33.8726654321669471
71.4771477147714904 47.1265397032174391
71.4971497149714992 30.9525124064344830
71.5171517151715364 63.3096756999362071
71.5371537153715451 60.8718500260156219
71.5571557155715539 59.2690816895100809
71.5771577157715910 94.5857382669006199
71.5971597159715998 9.3529980633001983
71.6171617161716370 37.6821177015662983
71.6371637163716457 50.7458721927039420
71.6571657165716545 86.4593049315942608
71.6771677167716916 54.8592914669148470
71.6971697169717004 40.9623088620917599
71.7171717171717376 67.4161893069372411
71.7371737173717463 34.2905775149630756
71.7571757175717551 54.8296812991418960
71.7771777177717922 17.6483227898820942
71.7971797179718010 58.3448342468155658
71.8171817181718382 45.7402541264411866
71.8371837183718469 53.4555949028843500
71.8571857185718557 57.8938456948364006
71.8771877187718928 68.4865400177181982
71.8971897189719016 74.4953371015807448
71.9171917191719388 39.7949756445186864
71.9371937193719475 46.3882697585429113
71.9571957195719563 70.0887342258455988
71.9771977197719934 85.9372770066183875
71.9971997199720022 62.0089029319086080
72.0172017201720394 30.5797570897714230
72.0372037203720481 38.1710624116533950
72.0572057205720569 62.9458892439478674
72.0772077207720940 68.5577552407427504
72.0972097209721028 61.1127085284794447
72.1172117211721115 28.8304810850546431
72.1372137213721487 27.0733991277897061
72.1572157215721575 54.1630563037603352
72.1772177217721946 35.3756649937144232
72.1972197219722034 39.1237360393800842
72.2172217221722121 54.1946629404393647
72.2372237223722493 43.4176472077172662
72.2572257225722581 64.0403543885806101
72.2772277227722952 44.3285687227061231
72.2972297229723040 39.6904011699355053
72.3172317231723127 41.2087846801384501
72.3372337233723499 66.3434394162078007
72.3572357235723587 69.0635788126654688
72.3772377237723958 48.8015667402682354
72.3972397239724046 58.1162798217546666
72.4172417241724133 97.5991396208962243
72.4372437243724505 63.5256391783649548
72.4572457245724593 51.5575743953509686
72.4772477247724964 53.7318113323294213
72.4972497249725052 34.7657353940740137
72.5172517251725139 36.3846047828579842
72.5372537253725511 72.9940658505106228
72.5572557255725599 46.4274847920437352
72.5772577257725970 37.3554325417474615
72.5972597259726058 41.0722255973326540
72.6172617261726145 36.7254264647167972
72.6372637263726517 63.5546824333096794
72.6572657265726605 44.3651321685118987
72.6772677267726976 34.6712837053378706
72.6972697269727064 49.7272300984470874
72.7172717271727151 78.8756557007506558
72.7372737273727523 79.1775777741014224
72.7572757275727611 31.3744501624806169
72.7772777277727982 58.1294950240447434
72.7972797279728070 48.4592219499837498
72.8172817281728157 57.0430467231194456
72.8372837283728529 52.0082752964317692
72.8572857285728617 47.9078695463997946
72.8772877287728988 5.1726510635212364
72.8972897289729076 97.9855683762866789
72.9172917291729163 45.9984066748575842
72.9372937293729535 67.6548461289268630
72.9572957295729623 46.3830158930120504
72.9772977297729994 33.7406990847630226
72.9972997299730082 74.2067183643257096
73.0173017301730169 22.2928181144785071
73.0373037303730541 42.0583090007228009
73.0573057305730629 41.2751865665408815
73.0773077307730716 23.9406434379832831
73.0973097309731088 55.1118349203975768
73.1173117311731176 61.2627785582831876
73.1373137313731547 56.5537933063267673
73.1573157315731635 37.5764789549095326
73.1773177317731722 45.2715113818581116
73.1973197319732094 60.5876038792781699
73.2173217321732182 6.2687413856731524
73.2373237323732553 63.7491064837519730
73.2573257325732641 54.7371860768607874
73.2773277327732728 48.2140444188433577
73.2973297329733100 60.6896735890522905
73.3173317331733188 51.1429797249237978
73.3373337333733559 62.6791381836091688
73.3573357335733647 53.7125591599380030
73.3773377337733734 57.6950741409569972
73.3973397339734106 70.3545116746957007
73.4173417341734194 24.0212919927726603
73.4373437343734565 58.6685078284245094
73.4573457345734653 65.7192168772163399
73.4773477347734740 74.8509416960997669
73.4973497349735112 47.6259344549123682
73.5173517351735200 70.1705740972986121
73.5373537353735571 54.9766643919227391
73.5573557355735659 34.8649080010048493
73.5773577357735746 31.0258114508176810
73.5973597359736118 42.5528460990668549
73.6173617361736206 26.3091744424646663
73.6373637363736577 47.2489074831257128
73.6573657365736665 47.9966740899318722
73.6773677367736752 45.8768377146057205
73.6973697369737124 55.9501321237854157
73.7173717371737212 53.3367171025287021
73.7373737373737583 36.7106621703646567
73.7573757375737671 42.7628803136979059
73.7773777377737758 77.4449989105739860
73.7973797379738130 78.1158468534753467
73.8173817381738218 78.4929953356886045
73.8373837383738589 2.9894973461564476
73.8573857385738677 64.4657697466241046
73.8773877387738764 43.8077387963224041
73.8973897389739136 28.4320672784680042
73.9173917391739224 73.6801206459840330
73.9373937393739595 41.0046461724911993
73.9573957395739683 39.7052389109637573
73.9773977397739770 55.2202230980895479
73.9973997399740142 97.4023308437549531
74.0174017401740230 54.1800654903004499
74.0374037403740317 70.0431773417412131
74.0574057405740689 38.9726325402048275
74.0774077407740776 70.6189990287206086
74.0974097409741148 70.7118838188454646
74.1174117411741236 33.1455116012567998
74.1374137413741323 52.8753308837075409
74.1574157415741695 35.2746800761369812
74.1774177417741782 50.7852524104657661
74.1974197419742154 7.9514226585590251
74.2174217421742242 33.5619083850057649
74.2374237423742329 60.2466136359713573
74.2574257425742701 71.2239119127555398
74.2774277427742788 45.1921142176743658
74.2974297429743160 45.4416917551962314
74.3174317431743248 56.8039624970374533
74.3374337433743335 49.4607846419548522
74.3574357435743707 39.3093085296682361
74.3774377437743794 49.8086974069814232
74.3974397439744166 50.8253547025228087
74.4174417441744254 106.9502736451346152
74.4374437443744341 57.8172015730496369
74.4574457445744713 57.6080216633903532
74.4774477447744800 59.9235315743265460
74.4974497449745172 76.5199316487387335
74.5174517451745260 66.7382164619251625
74.5374537453745347 62.9074704763944794
74.5574557455745719 61.9307221879421590
74.5774577457745806 41.3278578310473677
74.5974597459746178 51.4946438442692553
74.6174617461746266 30.5575886596138986
74.6374637463746353 88.4054273507471464
74.6574657465746725 54.7832004894020699
74.6774677467746812 51.3669580604444675
74.6974697469747184 78.2717311865194176
74.7174717471747272 57.1198883197887071
74.7374737473747359 67.2491434681660962
74.7574757475747731 63.2738287674988342
74.7774777477747818 42.6342036252295884
74.7974797479748190 72.2905038766051860
74.8174817481748278 79.2958569974589551
74.8374837483748365 58.5882212003606213
74.8574857485748737 53.3222858983446315
74.8774877487748824 95.5013211358119207
74.8974897489749196 62.8775538453515637
74.9174917491749284 74.5345422590545468
74.9374937493749371 49.9342165489176892
74.9574957495749743 37.2197064897953283
74.9774977497749830 32.7853044237501905
74.9974997499750202 53.8390347004140679
75.0175017501750290 25.3648744893908855
75.0375037503750377 67.1942415967131268
75.0575057505750749 5.2394627776873577
75.0775077507750837 30.9423952228975025
75.0975097509750924 70.2589623072402247
75.1175117511751296 80.8531868372011218
75.1375137513751383 64.8395882904511183
75.1575157515751755 70.3181367238795900
75.1775177517751843 35.8213264383866914
75.1975197519751930 45.5154044761934102
75.2175217521752302 29.2431010417655237
75.2375237523752389 40.5285692530832051
75.2575257525752761 73.3049096247109873
75.2775277527752849 58.7705923320911481
75.2975297529752936 73.2219311676743558
75.3175317531753308 34.4677689189849445
75.3375337533753395 39.9317581687809735
75.3575357535753767 26.5740896828898485
75.3775377537753855 47.9023508281049502
75.3975397539753942 75.7100917057828440
75.4175417541754314 79.2860472823556393
75.4375437543754401 50.5586145214762297
75.4575457545754773 57.4059907988556901
75.4775477547754861 56.5605123218332295
75.4975497549754948 60.3092877391242155
75.5175517551755320 24.3477138738118200
75.5375537553755407 67.7239076013011072
75.5575557555755779 52.3009635543235163
75.5775577557755867 56.0165988630136908
75.5975597559755954 62.3844965710987083
75.6175617561756326 72.2506686834898346
75.6375637563756413 56.8290766263013580
75.6575657565756785 100.0819951202365985
75.6775677567756873 63.9028486200090313
75.6975697569756960 59.3251574535919346
75.7175717571757332 47.3470034837064517
75.7375737573757419 73.6049462107682615
75.7575757575757791 77.2748507431662688
75.7775777577757879 66.6571123849358287
75.7975797579757966 54.1185757238553933
75.8175817581758338 23.3704472837967216
75.8375837583758425 82.6840423196696577
75.8575857585758797 64.2194832905574202
75.8775877587758885 43.1481454911912152
75.8975897589758972 73.5799953629400250
75.9175917591759344 46.4583470502811977
75.9375937593759431 46.8328494343650448
75.9575957595759803 56.7783371275791211
75.9775977597759891 24.4353436328332165
75.9975997599759978 83.4260271923581342
76.0176017601760350 28.9880264084701054
76.0376037603760437 65.2050350596541932
76.0576057605760525 62.9928025626237016
76.0776077607760897 80.8859971486879061
76.0976097609760984 80.6262584124642245
76.1176117611761356 62.0338247455902945
76.1376137613761443 38.6924351720582820
76.1576157615761531 44.6275792680993248
76.1776177617761903 34.2862263204358584
76.1976197619761990 73.6887109558960134
76.2176217621762362 82.6450682205625640
76.2376237623762449 79.1519241036459960
76.2576257625762537 68.5005974077004254
76.2776277627762909 59.0937308671715158
76.2976297629762996 47.1075375712113527
76.3176317631763368 66.2173553384130997
76.3376337633763455 66.7824860168575043
76.3576357635763543 45.3866452830121503
76.3776377637763915 113.3081671238887225
76.3976397639764002 93.1246013803010158
76.4176417641764374 87.5060125596062051
76.4376437643764461 70.8894282511143388
76.4576457645764549 94.1046494977624519
76.4776477647764921 59.9201440182501770
76.4976497649765008 95.4178785739090358
76.5176517651765380 72.0120427168549355
76.5376537653765467 82.0073636782785655
76.5576557655765555 70.0883745702478933
76.5776577657765927 53.0729875139109453
76.5976597659766014 58.8037043824775765
76.6176617661766386 85.9968083090291913
76.6376637663766473 78.0565641594815389
76.6576657665766561 35.4068178090932335
76.6776677667766933 36.9635126719024427
76.6976697669767020 58.1044671521903879
76.7176717671767392 56.9041014290481186
76.7376737673767479 73.3977487285788754
76.7576757675767567 78.9710921741274205
76.7776777677767939 48.2719262013267638
76.7976797679768026 86.4670064930689222
76.8176817681768398 56.7052782532817758
76.8376837683768485 77.2513585761468278
76.8576857685768573 54.4491812885466970
76.8776877687768945 54.5831624253283536
76.8976897689769032 61.8421545302520030
76.9176917691769404 82.6538123857113902
76.9376937693769491 52.0115789117943947
76.9576957695769579 61.4162808900269255
76.9776977697769951 69.1044809131812485
76.9976997699770038 85.4043194436437858
77.0177017701770126 48.3832874331534413
77.0377037703770498 52.0908848540429545
77.0577057705770585 68.9362709723464206
77.0777077707770957 75.6163831061247294
77.0977097709771044 72.1376725898571181
77.1177117711771132 59.5428859206203498
77.1377137713771504 60.2594025707786756
77.1577157715771591 72.8037246177639474
77.1777177717771963 32.2625560897296353
77.1977197719772050 102.9985084278253424
77.2177217721772138 80.7397164869549044
77.2377237723772510 51.4832678058005513
77.2577257725772597 83.5036816855845814
77.2777277727772969 66.8687022363872359
77.2977297729773056 31.7587743976963885
77.3177317731773144 84.3041685328289248
77.3377337733773516 64.9944131243918122
77.3577357735773603 71.0149636058248603
77.3777377737773975 64.8778797486165644
77.3977397739774062 57.9152784550040849
77.4177417741774150 41.9130748413101344
77.4377437743774522 72.7591831564351423
77.4577457745774609 8.7903698830658925
77.4777477747774981 54.6226194606929596
77.4977497749775068 84.3436860360335032
77.5177517751775156 70.7548443018689426
77.5377537753775528 61.8599697257719257
77.5577557755775615 55.4429717961235156
77.5777577757775987 58.2058385177504505
77.5977597759776074 66.9188980838196699
77.6177617761776162 70.0240056204740142
77.6377637763776534 89.1537525864206657
77.6577657765776621 56.7150502480013969
77.6777677767776993 74.6272636702738339
77.6977697769777080 49.6314817226412259
77.7177717771777168 57.5752267900810466
77.7377737773777540 62.3379202628325970
77.7577757775777627 50.1979469072379629
77.7777777777777999 82.7661005127831970
77.7977797779778086 57.6862160528020240
77.8177817781778174 50.5460583349744326
77.8377837783778546 48.8796893870800702
77.8577857785778633 62.7330883402098465
77.8777877787779005 100.7132988385610304
77.8977897789779092 68.8286842958743108
77.9177917791779180 60.8279164716852989
77.9377937793779552 67.9503845855085871
77.9577957795779639 80.0731118423298369
77.9777977797779727 65.1162247563410830
77.9977997799780098 78.2325723431627864
78.0178017801780186 55.1868443673222018
78.0378037803780558 48.9961529883010272
78.0578057805780645 41.5515519090191390
78.0778077807780733 59.1186240307826054
78.0978097809781104 55.9793002962917043
78.1178117811781192 97.2601777620994881
78.1378137813781564 86.7723793073563172
78.1578157815781651 74.3548195145851736
78.1778177817781739 70.3455955604831189
78.1978197819782110 95.1204091963807059
78.2178217821782198 34.5451622031117935
78.2378237823782570 77.9239765882228710
78.2578257825782657 94.8643468799764094
78.2778277827782745 66.8124650914023874
78.2978297829783116 57.6779700883319109
78.3178317831783204 68.4217161875931339
78.3378337833783576 65.5083876680618147
78.3578357835783663 78.8992241033320170
78.3778377837783751 68.3720685441271456
78.3978397839784122 55.6147199986732659
78.4178417841784210 34.4517872457272603
78.4378437843784582 62.2955791720083525
78.4578457845784669 68.7675755934710082
78.4778477847784757 64.4331647818393094
78.4978497849785128 59.9627704449413201
78.5178517851785216 75.9714100979075226
78.5378537853785588 104.9002688654713609
78.5578557855785675 45.4598581588237067
78.5778577857785763 59.7686649654171873
78.5978597859786134 54.4520762117367241
78.6178617861786222 68.6567798534594971
78.6378637863786594 56.2565383337093508
78.6578657865786681 102.9756998522490647
78.6778677867786769 79.9798227509082551
78.6978697869787140 30.5400491191461043
78.7178717871787228 40.2524269411233178
78.7378737873787600 103.1640766258618953
78.7578757875787687 54.9772569152982911
78.7778777877787775 32.4141967546497298
78.7978797879788146 50.4758773962080411
78.8178817881788234 66.7223859821575616
78.8378837883788606 22.6848532959290026
78.8578857885788693 75.6422479637388676
78.8778877887788781 41.4097582541081692
78.8978897889789152 49.9118946876514045
78.9178917891789240 75.4436863644064886
78.9378937893789328 62.8341334654657899
78.9578957895789699 49.9326173036906624
78.9778977897789787 72.7675529189869934
78.9978997899790158 88.8767330345116306
79.0179017901790246 43.9686944727963507
79.0379037903790334 58.3088295059954760
79.0579057905790705 46.2418178579316361
79.0779077907790793 70.9648080881938768
79.0979097909791165 73.1349781421588006
79.1179117911791252 82.0850277532171901
79.1379137913791340 38.7283580013427837
79.1579157915791711 75.8689627027826674
79.1779177917791799 56.5047054185137583
79.1979197919792171 67.3877703761631892
79.2179217921792258 56.2933457943620397
79.2379237923792346 49.1323232453342200
79.2579257925792717 21.2606757258715575
79.2779277927792805 89.7154517903342281
79.2979297929793177 48.1744667600571290
79.3179317931793264 78.1100347317134407
79.3379337933793352 71.7310233635086547
79.3579357935793723 44.3694580177781361
79.3779377937793811 45.8247132621033586
79.3979397939794183 51.3338046594258870
79.4179417941794270 50.0546692714519423
79.4379437943794358 63.7427457432276583
79.4579457945794729 48.3055882775107648
79.4779477947794817 49.8553590943765812
79.4979497949795189 74.5404392813178873
79.5179517951795276 63.1460530236421818
79.5379537953795364 65.3579759509584619
79.5579557955795735 66.4898279306396205
79.5779577957795823 56.1281815451621355
79.5979597959796195 69.0542385592967065
79.6179617961796282 61.1783290758018694
79.6379637963796370 88.8672636079804477
79.6579657965796741 83.8635733772790246
79.6779677967796829 62.7173621439230757
79.6979697969797201 81.6618126496139780
79.7179717971797288 54.3385788614694789
79.7379737973797376 76.6829511511289894
79.7579757975797747 55.6025545221040147
79.7779777977797835 87.0282700788372949
79.7979797979798207 88.0661620470910691
79.8179817981798294 40.6901840469095504
79.8379837983798382 50.3542052558166304
79.8579857985798753 97.4003507867003293
79.8779877987798841 88.0376932039355751
79.8979897989798928 30.6955081540029653
79.9179917991799300 76.7834435500613495
79.9379937993799388 64.7276243830943940
79.9579957995799759 79.2594417468754386
79.9779977997799847 61.5001449184174689
79.9979997999799934 68.2579768646059932
80.0180018001800306 62.7986624521592063
80.0380038003800394 49.9122170803673555
80.0580058005800765 105.4421243489366589
80.0780078007800853 67.5629160894622913
80.0980098009800940 75.8379249986852670
80.1180118011801312 73.8833891433309731
80.1380138013801400 36.6483856977267592
80.1580158015801771 69.7160175169358922
80.1780178017801859 83.7715516598321983
80.1980198019801946 72.9691608339884397
80.2180218021802318 89.6308527215956587
80.2380238023802406 83.4646184579769681
80.2580258025802777 65.6960101243920178
80.2780278027802865 78.0180259208931091
80.2980298029802952 82.0343740983429939
80.3180318031803324 76.9038503396152890
80.3380338033803412 57.3650811635336382
80.3580358035803783 48.5988504389675455
80.3780378037803871 83.8797618902939632
80.3980398039803958 92.3085838924662738
80.4180418041804330 87.9497687968598001
80.4380438043804418 51.9329298591727238
80.4580458045804789 79.7916592429525338
80.4780478047804877 73.5250092960585704
80.4980498049804964 85.3575227343559249
80.5180518051805336 79.9103481232677950
80.5380538053805424 90.9417987352648822
80.5580558055805795 58.8264641750754507
80.5780578057805883 69.8615574315187189
80.5980598059805970 65.7942787295829561
80.6180618061806342 92.0276497437045862
80.6380638063806430 56.5135970393179150
80.6580658065806801 82.5015397748519490
80.6780678067806889 46.9682571468993046
80.6980698069806976 42.4214022901854335
80.7180718071807348 134.7783892157317496
80.7380738073807436 89.8145156236984548
80.7580758075807807 42.8438436684266009
80.7780778077807895 73.3292212478853855
80.7980798079807983 44.8535136144161442
80.8180818081808354 78.2255157508033676
80.8380838083808442 85.4789634005710752
80.8580858085808529 56.4304049378218124
80.8780878087808901 78.3388561600078077
80.8980898089808989 64.4007153870499707
80.9180918091809360 88.5059154479264123
80.9380938093809448 58.7791326531285421
80.9580958095809535 79.6423206716659990
80.9780978097809907 39.6529665761309644
80.9980998099809995 51.0861188337434839
81.0181018101810366 61.2009380927116027
81.0381038103810454 83.7316727628469835
81.0581058105810541 47.9321585638720293
81.0781078107810913 49.0029437693968717
81.0981098109811001 52.7975595325326026
81.1181118111811372 29.7217310594430657
81.1381138113811460 54.0802342200563899
81.1581158115811547 57.1018611692608360
81.1781178117811919 44.4856549261320993
81.1981198119812007 43.0261590729346892
81.2181218121812378 47.5609427229603199
81.2381238123812466 77.9012975508566257
81.2581258125812553 89.1996581112812095
81.2781278127812925 64.8818953553897018
81.2981298129813013 42.0581723066173367
81.3181318131813384 59.4710117267251022
81.3381338133813472 83.7156254269967945
81.3581358135813559 83.8249404579270845
81.3781378137813931 66.2486841370568698
81.3981398139814019 64.5360129110410554
81.4181418141814390 99.6389429602990333
81.4381438143814478 50.8222181592972859
81.4581458145814565 52.0453932787134406
81.4781478147814937 52.8503162202235188
81.4981498149815025 62.4711146587849981
81.5181518151815396 72.6345136334893624
81.5381538153815484 73.0547325262925682
81.5581558155815571 103.7067572851673276
81.5781578157815943 27.4176909566283769
81.5981598159816031 67.6125593639915792
81.6181618161816402 85.5997205468212314
81.6381638163816490 62.7542520423944978
81.6581658165816577 62.3932837975442780
81.6781678167816949 56.1717754817611308
81.6981698169817037 74.1957700471669028
81.7181718171817408 74.7519553953282099
81.7381738173817496 52.6143754437508875
81.7581758175817583 99.4473235427868332
81.7781778177817955 39.5272553688024004
81.7981798179818043 44.8069911598706980
81.8181818181818130 40.2829531505122418
81.8381838183818502 69.7878242308772627
81.8581858185818589 74.3627543056626763
81.8781878187818961 72.2060794782702970
81.8981898189819049 79.9290868012587339
81.9181918191819136 82.1118705086953042
81.9381938193819508 58.2720569473693359
81.9581958195819595 78.5720221143672291
81.9781978197819967 60.0123473446443185
81.9981998199820055 63.1225997639078358
82.0182018201820142 47.5463210635888771
82.0382038203820514 56.1943855415551212
82.0582058205820601 55.0186931658013663
82.0782078207820973 78.7572536364522620
82.0982098209821061 50.4728479684512337
82.1182118211821148 48.3743430109138757
82.1382138213821520 63.0238602013415488
82.1582158215821607 36.9477591267819250
82.1782178217821979 73.1025736238008790
82.1982198219822067 78.3922910840552873
82.2182218221822154 56.6084212492044543
82.2382238223822526 43.2206871662128265
82.2582258225822613 51.2139727380024183
82.2782278227822985 69.2886249258961726
82.2982298229823073 88.5297979225283314
82.3182318231823160 97.5283589876864880
82.3382338233823532 75.8517560493879444
82.3582358235823619 76.7894327393121046
82.3782378237823991 68.9054544560932953
82.3982398239824079 86.4013200589662915
82.4182418241824166 77.4805473856967808
82.4382438243824538 75.0985325398644932
82.4582458245824625 88.1906765333135922
82.4782478247824997 73.6983708050925514
82.4982498249825085 45.2507691239199303
82.5182518251825172 70.6505963824670573
82.5382538253825544 73.8185701937461545
82.5582558255825631 92.2286120946433812
82.5782578257826003 65.1255813278458646
82.5982598259826091 70.5355360696161711
82.6182618261826178 64.1233398972637616
82.6382638263826550 65.1559345846348918
82.6582658265826637 93.1052052825159109
82.6782678267827009 103.6743988761924982
82.6982698269827097 71.3019747774109192
82.7182718271827184 67.2838342676051866
82.7382738273827556 93.2834473483778766
82.7582758275827644 82.0298244264660781
82.7782778277827731 97.9889035954694805
82.7982798279828103 53.8173309184104127
82.8182818281828190 51.1216406404597734
82.8382838283828562 29.5530840174700273
82.8582858285828650 62.0348908333836491
82.8782878287828737 15.6257359020992794
82.8982898289829109 58.4837319659562809
82.9182918291829196 69.7472250714419033
82.9382938293829568 51.7527035607650561
82.9582958295829656 47.1145142983350382
82.9782978297829743 42.2002026953761202
82.9982998299830115 125.5414893077742278
83.0183018301830202 47.4573576210300914
83.0383038303830574 57.0497400195601330
83.0583058305830662 67.7127766461296687
83.0783078307830749 86.2946873567941850
83.0983098309831121 53.1895273259543586
83.1183118311831208 55.2260033389477982
83.1383138313831580 63.8739412099694235
83.1583158315831668 51.8514340359551227
83.1783178317831755 46.7619956485415784
83.1983198319832127 65.0215686639436967
83.2183218321832214 47.1902397255154824
83.2383238323832586 67.1532391177996715
83.2583258325832674 104.6683375714952433
83.2783278327832761 77.4865277275835780
83.2983298329833133 69.0164690458183259
83.3183318331833220 77.5961737935132589
83.3383338333833592 92.6108754053832257
83.3583358335833680 70.8793885150801088
83.3783378337833767 95.9932779397807110
83.3983398339834139 64.2611567767349925
83.4183418341834226 87.4648900693887299
83.4383438343834598 81.9942311714437011
83.4583458345834686 68.4001937400238660
83.4783478347834773 56.5273907071261448
83.4983498349835145 21.3370220991553765
83.5183518351835232 67.7001685733807648
83.5383538353835604 69.2507579978217507
83.5583558355835692 53.6828266425823131
83.5783578357835779 98.2738833661904607
83.5983598359836151 75.8199751290795234
83.6183618361836238 71.4010426236951190
83.6383638363836610 76.8995551245017879
83.6583658365836698 47.8642419554425800
83.6783678367836785 33.9137203989668592
83.6983698369837157 27.4013449547801997
83.7183718371837244 46.5282589397490227
83.7383738373837332 58.3896489417931335
83.7583758375837704 31.5323119435387724
83.7783778377837791 75.3113974503642112
83.7983798379838163 62.4722019085291151
83.8183818381838250 21.9486011876351554
83.8383838383838338 74.8909128638269976
83.8583858385838710 43.8486444110805067
83.8783878387838797 64.7951531876410485
83.8983898389839169 68.0135842034351725
83.9183918391839256 97.3313466206662952
83.9383938393839344 65.3139750501636058
83.9583958395839716 76.5452364916976364
83.9783978397839803 82.4399280885903920
83.9983998399840175 20.0726067796578107
84.0184018401840262 58.1015521672437671
84.0384038403840350 97.2006129297061818
84.0584058405840722 54.7160030931875525
84.0784078407840809 83.1316828116307818
84.0984098409841181 65.2138114956528199
84.1184118411841268 64.4134110427865778
84.1384138413841356 67.1562283718317161
84.1584158415841728 63.6093295879717076
84.1784178417841815 75.3068367314759399
84.1984198419842187 60.7966242190763850
84.2184218421842274 46.0927413470423204
84.2384238423842362 50.8223319052044573
84.2584258425842734 91.3339533858368640
84.2784278427842821 78.8441326706466299
84.2984298429843193 79.2041416055611478
84.3184318431843280 46.9125427666358092
84.3384338433843368 62.4621154322099699
84.3584358435843740 85.5176324846209752
84.3784378437843827 65.0483625600656410
84.3984398439844199 80.7128724973964040
84.4184418441844286 39.7783466247268649
84.4384438443844374 94.1967574523226858
84.4584458445844746 90.4059463755487087
84.4784478447844833 28.3563291579994896
84.4984498449845205 46.4970253385666581
84.5184518451845292 69.1085764927394877
84.5384538453845380 48.2511924473006388
84.5584558455845752 80.2994155890565224
84.5784578457845839 47.5822910891349267
84.5984598459846211 60.7278097527656726
84.6184618461846298 63.3110574894175642
84.6384638463846386 43.5769419603350840
84.6584658465846758 53.5639748354476239
84.6784678467846845 74.1596044055981451
84.6984698469847217 62.7470934993962146
84.7184718471847304 45.7513312374779986
84.7384738473847392 60.9116469808487722
84.7584758475847764 54.7015405854356800
84.7784778477847851 77.7873251588506491
84.7984798479847939 83.1460334319592960
84.8184818481848311 63.2448973814563189
84.8384838483848398 40.8727011621078944
84.8584858485848770 55.9030704062241526
84.8784878487848857 46.1955983184952217
84.8984898489848945 85.9455818858478295
84.9184918491849317 49.5548632112351015
84.9384938493849404 85.9849126091105802
84.9584958495849776 75.0208032879314004
84.9784978497849863 73.6311189634965473
84.9984998499849951 9.6734240843589632
85.0185018501850323 91.8596788106752058
85.0385038503850410 47.3366427779157917
85.0585058505850782 59.2414802069885056
85.0785078507850869 55.6456451363297333
85.0985098509850957 54.7576441410568222
85.1185118511851329 36.1901501017653118
85.1385138513851416 105.7371475592527759
85.1585158515851788 97.0294677998410435
85.1785178517851875 53.6168218942911068
85.1985198519851963 64.0975483799396102
85.2185218521852335 52.9974639305995865
85.2385238523852422 32.6477010767940072
85.2585258525852794 51.2583154836232993
85.2785278527852881 49.1439550477243401
85.2985298529852969 50.8456472366683556
85.3185318531853341 101.2019014017361656
85.3385338533853428 81.9028663002858792
85.3585358535853800 42.7137902317525331
85.3785378537853887 83.9672821129536118
85.3985398539853975 75.4724958177586132
85.4185418541854347 37.2753851276976320
85.4385438543854434 49.2399499690947309
85.4585458545854806 42.0126175465607758
85.4785478547854893 58.4457483983193526
85.4985498549854981 76.3760971002494102
85.5185518551855353 49.8959928829209218
85.5385538553855440 56.5901478127248296
85.5585558555855812 57.5905517168290615
85.5785578557855899 73.8231955726520823
85.5985598559855987 61.5074883267788763
85.6185618561856359 68.6692590153575537
85.6385638563856446 36.0977592817890454
85.6585658565856818 93.9267136433741001
85.6785678567856905 62.2022209871510867
85.6985698569856993 74.7395711820205833
85.7185718571857365 72.4438783587179103
85.7385738573857452 67.4217265297256034
85.7585758575857540 34.1425870357449881
85.7785778577857911 62.8193617925252425
85.7985798579857999 48.4202981320873249
85.8185818581858371 70.2135502129161324
85.8385838583858458 55.6706006464355596
85.8585858585858546 76.0691805704565382
85.8785878587858917 76.8307001999514512
85.8985898589859005 43.3622072458456742
85.9185918591859377 71.2197634345263850
85.9385938593859464 58.8183494778730065
85.9585958595859552 86.2435095770871953
85.9785978597859923 68.9368399202591604
85.9985998599860011 43.8655140319486634
86.0186018601860383 57.0585162464041602
86.0386038603860470 71.7219283754742634
86.0586058605860558 66.3039315320000497
86.0786078607860929 105.2131428343345192
86.0986098609861017 47.5210539657065425
86.1186118611861389 49.5223057934155975
86.1386138613861476 39.2501425446202177
86.1586158615861564 57.7542065638748809
86.1786178617861935 39.5654689053837814
86.1986198619862023 60.4537575239419240
86.2186218621862395 68.6700435875634270
86.2386238623862482 47.6986732090917371
86.2586258625862570 71.1904840274374209
86.2786278627862941 63.6647637379264566
86.2986298629863029 73.7482212042058336
86.3186318631863401 74.6030972687044169
86.3386338633863488 56.6455156473467909
86.3586358635863576 51.2096832015688292
86.3786378637863947 61.4869204393490847
86.3986398639864035 59.6689149124949623
86.4186418641864407 85.1488328544875230
86.4386438643864494 66.0803933047345424
86.4586458645864582 77.0089766477220081
86.4786478647864953 51.0944707687752171
86.4986498649865041 29.2182870358501141
86.5186518651865413 55.4411282513013077
86.5386538653865500 51.7294788162479264
86.5586558655865588 38.5885659246978392
86.5786578657865959 62.5120591587082473
86.5986598659866047 49.1224947756944488
86.6186618661866419 24.4972265741096891
86.6386638663866506 88.4374695024090869
86.6586658665866594 36.2124120078795428
86.6786678667866965 98.3680814166483231
86.6986698669867053 37.5605460813233378
86.7186718671867141 52.4240033359304576
86.7386738673867512 45.4022074372024633
86.7586758675867600 57.4881630002727775
86.7786778677867972 62.9997613743027358
86.7986798679868059 45.1256530416243820
86.8186818681868147 49.3930166496839149
86.8386838683868518 64.1049406846091756
86.8586858685868606 60.2492744338423307
86.8786878687868978 55.4046129309022888
86.8986898689869065 46.8598233586416626
86.9186918691869153 73.3558225505121015
86.9386938693869524 77.6142106584039624
86.9586958695869612 47.9966333790433026
86.9786978697869984 38.0539175783296457
86.9986998699870071 31.1163709102944033
87.0187018701870159 57.4774683405977811
87.0387038703870530 72.1629601745038372
87.0587058705870618 29.3524738058843369
87.0787078707870990 47.2039480699855005
87.0987098709871077 46.5571979849115394
87.1187118711871165 70.4822634574920954
87.1387138713871536 46.4967507518419438
87.1587158715871624 33.1442173123302979
87.1787178717871996 43.9447261461035694
87.1987198719872083 56.3811069247308794
87.2187218721872171 67.9942665770741286
87.2387238723872542 81.6188007683431067
87.2587258725872630 56.5517388558950458
87.2787278727873002 73.7298567413360217
87.2987298729873089 31.7700562947639007
87.3187318731873177 54.6067651294623104
87.3387338733873548 51.7249805075044549
87.3587358735873636 77.5819995360586461
87.3787378737874008 60.5570075758780817
87.3987398739874095 53.1011439215832510
87.4187418741874183 85.7989699623004753
87.4387438743874554 55.1126885322300453
87.4587458745874642 58.5961962385246338
87.4787478747875014 51.1947404284024188
87.4987498749875101 41.2255260251082660
87.5187518751875189 50.9657843554381245
87.5387538753875560 70.2931985199559080
87.5587558755875648 61.8057635096483580
87.5787578757876020 45.0124380253276613
87.5987598759876107 69.9803574519863361
87.6187618761876195 24.6828312080690040
87.6387638763876566 76.7418503978050524
87.6587658765876654 81.2264409821099065
87.6787678767876741 57.8327606917244452
87.6987698769877113 67.5888377028003475
87.7187718771877201 45.9238425593727868
87.7387738773877572 56.1827183095382665
87.7587758775877660 60.7680367647745783
87.7787778777877747 37.3517522977145831
87.7987798779878119 33.0376337769860839
87.8187818781878207 44.1579044671659702
87.8387838783878578 99.9513715667779366
87.8587858785878666 58.0893247674453264
87.8787878787878753 35.3699623521807922
87.8987898789879125 54.0180193219012921
87.9187918791879213 59.3007177727057666
87.9387938793879584 49.7817381554465612
87.9587958795879672 51.2646452314272025
87.9787978797879759 42.2790661499509568
87.9987998799880131 63.6775886200791064
88.0188018801880219 39.8830167357693455
88.0388038803880590 33.0886014214709547
88.0588058805880678 25.0019121258245036
88.0788078807880765 36.0559693613693639
88.0988098809881137 45.4788943252834201
88.1188118811881225 61.4964601860392719
88.1388138813881596 38.7497702307339580
88.1588158815881684 41.2807182376672230
88.1788178817881771 84.5375221714295577
88.1988198819882143 77.6871872327876076
88.2188218821882231 39.8705537145307645
88.2388238823882602 72.3200866226636379
88.2588258825882690 59.0374168291124803
88.2788278827882777 50.7735135853816715
88.2988298829883149 68.7618410830263542
88.3188318831883237 52.3196214544604743
88.3388338833883608 41.0842626885727285
88.3588358835883696 60.1224000502418008
88.3788378837883783 76.1709645579210246
88.3988398839884155 23.9784114628021676
88.4188418841884243 53.9343859409182400
88.4388438843884614 38.2481272236902470
88.4588458845884702 61.8258553853286230
88.4788478847884790 73.9041680490053068
88.4988498849885161 48.8704917580334595
88.5188518851885249 80.8384165545544420
88.5388538853885620 53.1835085702511208
88.5588558855885708 51.6704020953442509
88.5788578857885796 70.8137493310281485
88.5988598859886167 75.6699818105930149
88.6188618861886255 22.0533992014616942
88.6388638863886342 38.0897324612006898
88.6588658865886714 40.5529565279789637
88.6788678867886802 59.5951341670731978
88.6988698869887173 54.2345799010524843
88.7188718871887261 21.1365500184945816
88.7388738873887348 62.5882207097503525
88.7588758875887720 42.3001624383086750
88.7788778877887808 6.2177545016150759
88.7988798879888179 62.6561691098544173
88.8188818881888267 48.1866421868763126
88.8388838883888354 85.0512495397459958
88.8588858885888726 30.5301074990776300
88.8788878887888814 37.2343289749402686
88.8988898889889185 34.4602830843517012
88.9188918891889273 48.6541174937323788
88.9388938893889360 68.0967722799421153
88.9588958895889732 81.8469975761771451
88.9788978897889820 49.8527292688085737
88.9988998899890191 59.4495819307437330
89.0189018901890279 44.3305986227909585
89.0389038903890366 38.8560956377642981
89.0589058905890738 76.9809748526376723
89.0789078907890826 55.8668265616415951
89.0989098909891197 45.0402074631488887
89.1189118911891285 53.9603640693469302
89.1389138913891372 47.6015991213416427
89.1589158915891744 49.6545063941887577
89.1789178917891832 62.5595531783392289
89.1989198919892203 7.9471549847620722
89.2189218921892291 51.6043581111888727
89.2389238923892378 46.5111319732163793
89.2589258925892750 29.4124095148489175
89.2789278927892838 47.1959270253229448
89.2989298929893209 65.7059405161720207
89.3189318931893297 42.7424926667905538
89.3389338933893384 45.6796111845433686
89.3589358935893756 61.1324238459140403
89.3789378937893844 56.2262538212058800
89.3989398939894215 71.4256981547863177
89.4189418941894303 51.1275851948041833
89.4389438943894390 21.5448291171307709
89.4589458945894762 36.6400528617945938
89.4789478947894850 26.1113090784110184
89.4989498949895221 50.0061292325495970
89.5189518951895309 34.0811741350754502
89.5389538953895396 87.9669261470133108
89.5589558955895768 40.3146062519568744
89.5789578957895856 45.2427605989611905
89.5989598959895943 34.3357451738205484
89.6189618961896315 48.2057086505305890
89.6389638963896402 29.2163407215695621
89.6589658965896774 75.4122667696673830
89.6789678967896862 42.8002325728617024
89.6989698969896949 31.5414481793881691
89.7189718971897321 49.1760065891270202
89.7389738973897408 37.4911515514101410
89.7589758975897780 20.2746113072847649
89.7789778977897868 40.6212409565979016
89.7989798979897955 56.9456330974996305
89.8189818981898327 45.8614546297598693
89.8389838983898414 62.3256130208948917
89.8589858985898786 44.9092998762589914
89.8789878987898874 38.3931734065603010
89.8989898989898961 61.1728184843189098
89.9189918991899333 34.8806304029001808
89.9389938993899420 45.4471007897724846
89.9589958995899792 44.8458087033413690
89.9789978997899880 43.2257941561958177
89.9989998999899967 31.5988811154334286
90.0190019001900339 36.3734434150828037
90.0390039003900426 14.0798276943454077
90.0590059005900798 44.0409354496149206
90.0790079007900886 37.8944207879956991
90.0990099009900973 61.7385401265881342
90.1190119011901345 64.1179031561714226
90.1390139013901432 91.3232750798110686
90.1590159015901804 45.0215351232976317
90.1790179017901892 43.8523129534831853
90.1990199019901979 17.3973614777609207
90.2190219021902351 46.8874018398586898
90.2390239023902438 33.2465278218493836
90.2590259025902810 53.6282913511170420
90.2790279027902898 5.5318487627605464
90.2990299029902985 36.3312818040913967
90.3190319031903357 35.8053306730508396
90.3390339033903444 28.9763405476285989
90.3590359035903816 55.1288081493521673
90.3790379037903904 38.2656281511480927
90.3990399039903991 42.5513934822054907
90.4190419041904363 66.9932522826057379
90.4390439043904451 14.0241013114075805
90.4590459045904822 16.2438677575340016
90.4790479047904910 43.6345267856914134
90.4990499049904997 48.8420280335158168
90.5190519051905369 29.5377274366303162
90.5390539053905457 35.2427223078025520
90.5590559055905544 41.1572893647358811
90.5790579057905916 47.0421245903853844
90.5990599059906003 56.0205777433334902
90.6190619061906375 25.2321320325989475
90.6390639063906463 33.4066203094418199
90.6590659065906550 48.2647519092835111
90.6790679067906922 54.1967226776161013
90.6990699069907009 54.1293150978138868
90.7190719071907381 16.3098544550413322
90.7390739073907469 28.3171029143063180
90.7590759075907556 52.8656969328050934
90.7790779077907928 68.5848817762259273
90.7990799079908015 68.7729786520715010
90.8190819081908387 29.7076281421594963
90.8390839083908475 75.3138800051044086
90.8590859085908562 25.1678383395376777
90.8790879087908934 -7.1397785703621750
90.8990899089909021 34.0758505397373170
90.9190919091909393 65.3233487806389803
90.9390939093909481 53.8617952763806755
90.9590959095909568 14.2802578191039196
90.9790979097909940 40.4586594742865415
90.9990999099910027 30.4867925368304817
91.0191019101910399 35.3478184321301825
91.0391039103910487 59.6189861802363339
91.0591059105910574 33.3843471309275444
91.0791079107910946 78.0047762039197039
91.0991099109911033 6.9970692268542791
91.1191119111911405 32.8337446460437619
91.1391139113911493 17.5625250405936484
91.1591159115911580 10.5427700291178823
91.1791179117911952 24.1917289925873433
91.1991199119912039 51.4493350438761254
91.2191219121912411 17.8474765497066983
91.2391239123912499 25.0069548665612231
91.2591259125912586 85.5252844093048452
91.2791279127912958 14.9456135175765574
91.2991299129913045 14.5711847534817380
91.3191319131913417 -13.3582813574723644
91.3391339133913505 26.8991570775205631
91.3591359135913592 42.1676853505441187
91.3791379137913964 10.4290446013672806
91.3991399139914051 42.3204868988446776
91.4191419141914423 17.3254771400930956
91.4391439143914511 25.5475262000520047
91.4591459145914598 34.3800934540337693
91.4791479147914970 27.2102934134650809
91.4991499149915057 26.0401734942817953
91.5191519151915145 45.0601615588931139
91.5391539153915517 25.6064471004283511
91.5591559155915604 54.8102251364065722
91.5791579157915976 38.5006397596537013
91.5991599159916063 52.3474632620863787
91.6191619161916151 43.4024634580872757
91.6391639163916523 29.5785108319721388
91.6591659165916610 25.9428314601821413
91.6791679167916982 66.2300327119997689
91.6991699169917069 41.0445606353574277
91.7191719171917157 20.3313657727761523
91.7391739173917529 54.1831497623109186
91.7591759175917616 22.1126857584062435
91.7791779177917988 42.2691454697932230
91.7991799179918075 33.1754348687527312
91.8191819181918163 48.0396591263629347
91.8391839183918535 30.4320566963624231
91.8591859185918622 33.8955421527740768
91.8791879187918994 18.3719815638546891
91.8991899189919081 43.7138692724796414
91.9191919191919169 20.0150346682979219
91.9391939193919541 42.8096140056769556
91.9591959195919628 16.2646529134913180
91.9791979197920000 35.6411779605159893
91.9991999199920087 16.6663443459249514
92.0192019201920175 40.6895939806490645
92.0392039203920547 26.5798522996819671
92.0592059205920634 32.4733405363423913
92.0792079207921006 55.4605608887115196
92.0992099209921093 38.6818313265279556
92.1192119211921181 35.8480508447126169
92.1392139213921553 52.0141783022849467
92.1592159215921640 3.0251867229833849
92.1792179217922012 77.3237641690962505
92.1992199219922099 32.9795326137754188
92.2192219221922187 12.1453374870938937
92.2392239223922559 60.2756654795403648
92.2592259225922646 24.0824749748524169
92.2792279227923018 12.6621076925272469
92.2992299229923105 6.6831114974992722
92.3192319231923193 21.2731244084148763
92.3392339233923565 60.8486730225714751
92.3592359235923652 45.4754220401273841
92.3792379237924024 29.1997809941188109
92.3992399239924111 19.1121060995248158
92.4192419241924199 23.8015522905648282
92.4392439243924571 51.1361558145252602
92.4592459245924658 20.1260866543950705
92.4792479247924746 21.8839662808119897
92.4992499249925118 6.3098649822816704
92.5192519251925205 10.7169555281266753
92.5392539253925577 37.4144948343141905
92.5592559255925664 54.0582062461875950
92.5792579257925752 9.9771066856977981
92.5992599259926124 71.8976731002358349
92.6192619261926211 50.6819208356366886
92.6392639263926583 10.3399399174501383
92.6592659265926670 -27.3764125674526539
92.6792679267926758 25.5487958166243985
92.6992699269927130 22.6132969437710898
92.7192719271927217 35.2750824460912611
92.7392739273927589 13.6910674244866719
92.7592759275927676 9.6314501104835131
92.7792779277927764 47.3187269233590371
92.7992799279928136 54.1957796006929584
92.8192819281928223 37.5087299646391230
92.8392839283928595 28.4711903120322596
92.8592859285928682 -0.4883880692649498
92.8792879287928770 33.4093547660171382
92.8992899289929142 48.5321538899502656
92.9192919291929229 2.5104639713438033
92.9392939293929601 15.1766279160343753
92.9592959295929688 9.3928658885989265
92.9792979297929776 8.9614043690784868
92.9992999299930148 29.2683376252099876
93.0193019301930235 27.7417918169062716
93.0393039303930607 39.8141191778762078
93.0593059305930694 26.2823166082697774
93.0793079307930782 0.9157495654861130
93.0993099309931154 23.6274405261599298
93.1193119311931241 54.4956729106387030
93.1393139313931613 5.5081346638655866
93.1593159315931700 -13.2185781324919525
93.1793179317931788 25.1325887073222027
93.1993199319932160 23.6154081292358988
93.2193219321932247 32.3070336201406292
93.2393239323932619 28.2715771201722248
93.2593259325932706 40.9500432482444410
93.2793279327932794 22.6861252197204664
93.2993299329933166 24.8951148516374090
93.3193319331933253 59.9337406294621644
93.3393339333933625 42.5272895577106169
93.3593359335933712 34.4448761807043482
93.3793379337933800 36.6663072284944818
93.3993399339934172 13.8845223302287497
93.4193419341934259 -3.7292914126804710
93.4393439343934347 24.5920540919249895
93.4593459345934718 29.1459491034556066
93.4793479347934806 16.8798095034330871
93.4993499349935178 47.1786076110061430
93.5193519351935265 27.8725212652626233
93.5393539353935353 32.6367128228135286
93.5593559355935724 25.8627514254196136
93.5793579357935812 20.2341953976042319
93.5993599359936184 34.0240562162218154
93.6193619361936271 60.1213803428632474
93.6393639363936359 29.2916592833108140
93.6593659365936730 33.1076018176325988
93.6793679367936818 62.1464784674510895
93.6993699369937190 23.6775504239753651
93.7193719371937277 24.9839909084860281
93.7393739373937365 50.6972480754389494
93.7593759375937736 -20.4121101552967872
93.7793779377937824 29.6221247846889035
93.7993799379938196 39.7127648872344139
93.8193819381938283 0.3458458546672780
93.8393839383938371 31.0560939260596101
93.8593859385938742 56.2775391339459077
93.8793879387938830 46.8836300535034454
93.8993899389939202 2.2426993270511844
93.9193919391939289 14.6595097552350495
93.9393939393939377 -23.5654535443294897
93.9593959395939748 48.9154665193626101
93.9793979397939836 2.5655164251263969
93.9993999399940208 27.3166538357421338
94.0194019401940295 42.0874739052231917
94.0394039403940383 22.5051047429116728
94.0594059405940754 35.7933418125623604
94.0794079407940842 23.7623603728821564
94.0994099409941214 30.6218834335771035
94.1194119411941301 23.1251232021921993
94.1394139413941389 40.7387063461833492
94.1594159415941760 21.5321485384838915
94.1794179417941848 27.4399898728057536
94.1994199419942220 52.9110722441175625
94.2194219421942307 -4.5151784857449151
94.2394239423942395 22.1261810026353025
94.2594259425942766 24.1039492093444530
94.2794279427942854 -3.9257870242633395
94.2994299429943226 26.9913661311362745
94.3194319431943313 10.4925203286027795
94.3394339433943401 -0.4186998160322126
94.3594359435943772 23.0122597828516042
94.3794379437943860 27.4845525851804240
94.3994399439943948 32.6008614927790035
94.4194419441944319 28.9489403644575845
94.4394439443944407 6.4472448632166923
94.4594459445944779 28.0011879202893752
94.4794479447944866 -14.9838996926399162
94.4994499449944954 25.3279943495918900
94.5194519451945325 16.5785171309376018
94.5394539453945413 4.8967851901829267
94.5594559455945785 28.2645087281248841
94.5794579457945872 8.1668247380355652
94.5994599459945960 -3.9844347852343311
94.6194619461946331 -2.9504149437392257
94.6394639463946419 8.0717992826997804
94.6594659465946791 16.3647566764102201
94.6794679467946878 56.8312510260399364
94.6994699469946966 23.1405463773334468
94.7194719471947337 2.0582433273729777
94.7394739473947425 -3.2406272980744681
94.7594759475947797 24.1856859049467516
94.7794779477947884 24.9118468568267346
94.7994799479947972 35.9450047606610497
94.8194819481948343 9.6017860822921737
94.8394839483948431 13.9795549324231345
94.8594859485948803 19.5213870591506620
94.8794879487948890 -4.6515801174629665
94.8994899489948978 1.0403287299377197
94.9194919491949349 21.8379509497776851
94.9394939493949437 38.9813434445672584
94.9594959495949809 23.1005021248852032
94.9794979497949896 9.8742229801266994
94.9994999499949984 -35.1661221051981414
95.0195019501950355 -39.1474238469881257
95.0395039503950443 50.8454748235782503
95.0595059505950815 9.8059616314901294
95.0795079507950902 -21.7736592893606833
95.0995099509950990 0.0033101434726532
95.1195119511951361 29.6647218361472262
95.1395139513951449 -6.5567311069585674
95.1595159515951821 20.5038821615530580
95.1795179517951908 25.6378236963422346
95.1995199519951996 46.9713056452304443
95.2195219521952367 -2.5065220146561611
95.2395239523952455 49.1252988965657593
95.2595259525952827 30.8050392174532455
95.2795279527952914 6.6433780973716416
95.2995299529953002 -5.2508507574262957
95.3195319531953373 0.8403902719750693
95.3395339533953461 6.7689696835851247
95.3595359535953833 -12.1621296273762223
95.3795379537953920 17.2772183230448704
95.3995399539954008 10.7381021574746001
95.4195419541954379 -6.6246170851184587
95.4395439543954467 6.2195986323156056
95.4595459545954554 -2.2001646187220594
95.4795479547954926 -13.6897775556671970
95.4995499549955014 7.9834599893909086
95.5195519551955385 30.8146919534992847
95.5395539553955473 10.6744190620646560
95.5595559555955560 12.2350953819281276
95.5795579557955932 -32.4653472532273213
95.5995599559956020 13.1768271462505098
95.6195619561956391 9.2459883761407191
95.6395639563956479 10.8179490730643000
95.6595659565956566 35.9544602377591147
95.6795679567956938 20.0403481461185073
95.6995699569957026 12.1403891521009477
95.7195719571957397 -34.8682442033193354
95.7395739573957485 -23.4911254545139698
95.7595759575957572 28.2157490027608020
95.7795779577957944 10.6371895167393529
95.7995799579958032 21.3206789312407849
95.8195819581958403 42.3939837832159085
95.8395839583958491 17.4295482411485345
95.8595859585958578 9.7325763244760033
95.8795879587958950 23.1516142086078318
95.8995899589959038 4.1007997255500372
95.9195919591959409 3.8795292315432173
95.9395939593959497 1.9166982549774616
95.9595959595959584 13.3938619669286858
95.9795979597959956 5.9129743578504241
95.9995999599960044 -4.8604251931817100
96.0196019601960415 -3.0112571431273070
96.0396039603960503 16.7474182371601685
96.0596059605960590 -25.3441505455491836
96.0796079607960962 -16.7091918041982517
96.0996099609961050 -1.1504603304163297
96.1196119611961421 -19.4845399772743377
96.1396139613961509 8.4701779518151348
96.1596159615961597 46.0750908456307542
96.1796179617961968 -10.4150135677004876
96.1996199619962056 18.3699513211032794
96.2196219621962427 30.7788855117872089
96.2396239623962515 -17.5186876087946501
96.2596259625962603 -8.6961325462531427
96.2796279627962974 -3.6273208683429052
96.2996299629963062 -4.7613185577913377
96.3196319631963433 -24.3596927544900907
96.3396339633963521 -30.0721055226418379
96.3596359635963609 -0.9337633297182713
96.3796379637963980 -16.0332682519623617
96.3996399639964068 -3.9871272679347864
96.4196419641964155 3.6768617844649691
96.4396439643964527 33.9529593675783801
96.4596459645964615 1.0609859967502948
96.4796479647964986 3.3642322439317467
96.4996499649965074 54.0654432535415452
96.5196519651965161 31.3272221332136915
96.5396539653965533 38.6804172476829748
96.5596559655965621 16.4885120554871030
96.5796579657965992 4.5191137244464432
96.5996599659966080 6.1712583465653328
96.6196619661966167 19.2570838307258683
96.6396639663966539 -21.1338546373810452
96.6596659665966627 5.4793124742436330
96.6796679667966998 12.4390770514966977
96.6996699669967086 -17.7713472626980007
96.7196719671967173 16.6548822634415998
96.7396739673967545 1.6252551218180407
96.7596759675967633 13.0582568898554250
96.7796779677968004 9.1556736290348351
96.7996799679968092 -21.3562634515657059
96.8196819681968179 16.4969325028591456
96.8396839683968551 8.6050257331168289
96.8596859685968639 32.3344855409100873
96.8796879687969010 -21.2547022688579190
96.8996899689969098 -22.1518257610753508
96.9196919691969185 3.1762893247254711
96.9396939693969557 -4.4600962987816670
96.9596959695969645 16.9543251019622865
96.9796979697970016 7.2219783168527014
96.9996999699970104 4.3821046375145798
97.0197019701970191 -16.4746643296914961
97.0397039703970563 -3.6940284390045188
97.0597059705970651 13.4258192957870097
97.0797079707971022 32.6212831049619041
97.0997099709971110 1.9892488583137582
97.1197119711971197 -27.9988809668265226
97.1397139713971569 6.8860480371173010
97.1597159715971657 19.8329349305944049
97.1797179717972028 5.1515490373699802
97.1997199719972116 -4.1782830280732997
97.2197219721972203 -2.6472225839939321
97.2397239723972575 -6.6011828856742518
97.2597259725972663 14.1613366386366941
97.2797279727973034 -14.7466607861448225
97.2997299729973122 -12.9476188470394433
97.3197319731973209 8.7971361600271063
97.3397339733973581 -1.3841098111522365
97.3597359735973669 -26.3805198735792388
97.3797379737973756 11.3415593199510205
97.3997399739974128 -1.1966583015845353
97.4197419741974215 14.6626442068728657
97.4397439743974587 -47.5156270982775624
97.4597459745974675 -53.0610191689778361
97.4797479747974762 -42.2512665455278338
97.4997499749975134 3.4041351374014868
97.5197519751975221 15.3774067678062742
97.5397539753975593 18.2058329242721726
97.5597559755975681 -21.8923371025748565
97.5797579757975768 -13.7265917094234773
97.5997599759976140 -5.3326026907638608
97.6197619761976227 -19.0331058250445295
97.6397639763976599 -52.6245419592813519
97.6597659765976687 -8.8866747021726322
97.6797679767976774 -5.8182868165273067
97.6997699769977146 6.1085751802419503
97.7197719771977233 29.2888764778237913
97.7397739773977605 -21.5542556897920932
97.7597759775977693 -7.2581811618355214
97.7797779777977780 8.5030469831125508
97.7997799779978152 -5.1383448710686643
97.8197819781978239 0.7760646407695573
97.8397839783978611 -21.3724390815771343
97.8597859785978699 22.2095262214602371
97.8797879787978786 -38.1486213601372555
97.8997899789979158 -2.5054612954113074
97.9197919791979245 2.8785952294262511
97.9397939793979617 -14.4914009644613113
97.9597959795979705 22.6375527381428938
97.9797979797979792 -11.1400272308335015
97.9997999799980164 -19.5412331735781564
98.0198019801980251 -5.7971034842256364
98.0398039803980623 2.5652507141655700
98.0598059805980711 -22.5645756220919154
98.0798079807980798 30.0433500355122334
98.0998099809981170 -15.4421944365886183
98.1198119811981257 -53.1794771264799024
98.1398139813981629 -30.1473176242882843
98.1598159815981717 -13.7247932886675592
98.1798179817981804 3.5234403401215371
98.1998199819982176 4.1191983977537898
98.2198219821982264 -29.4506105116175405
98.2398239823982635 19.7215479877221185
98.2598259825982723 -21.1931394794934320
98.2798279827982810 -8.0782264262034360
98.2998299829983182 9.8273916697142703
98.3198319831983270 -30.4929803035306932
98.3398339833983357 -32.7366503453040281
98.3598359835983729 -15.2636495286973570
98.3798379837983816 6.2634097455854398
98.3998399839984188 -18.1906789694774034
98.4198419841984276 -16.8132499775996251
98.4398439843984363 -0.5200457791051019
98.4598459845984735 -30.2683207432191637
98.4798479847984822 -33.3650540383491219
98.4998499849985194 -19.5635191215630364
98.5198519851985282 -18.7604034043972554
98.5398539853985369 -20.4588168035381166
98.5598559855985741 2.6672492210734671
98.5798579857985828 9.7817507154628132
98.5998599859986200 2.6767909474679605
98.6198619861986288 -33.2699153771980889
98.6398639863986375 -15.8195048653111954
98.6598659865986747 -29.9993886300187071
98.6798679867986834 -8.0190593362521874
98.6998699869987206 -22.2110566266898601
98.7198719871987294 -38.9908689219056868
98.7398739873987381 2.3640399309968334
98.7598759875987753 7.1710198972738066
98.7798779877987840 -14.4318014307467841
98.7998799879988212 -11.0951089859586176
98.8198819881988300 -23.0454537119355436
98.8398839883988387 -3.5484137392307638
98.8598859885988759 -28.2903169211405299
98.8798879887988846 0.9258187758726031
98.8998899889989218 9.2724926800826069
98.9198919891989306 -21.6098776618381727
98.9398939893989393 2.2122810058200777
98.9598959895989765 -43.8359486786018593
98.9798979897989852 -28.5841544969978401
98.9998999899990224 13.1402829705066821
99.0199019901990312 4.1640347414890293
99.0399039903990399 -19.3967025225386998
99.0599059905990771 -33.2194535644928877
99.0799079907990858 -45.3341015310400763
99.0999099909991230 -46.7120168922189052
99.1199119911991318 -21.9990600822347915
99.1399139913991405 -41.6413858588562391
99.1599159915991777 -34.1348270348751797
99.1799179917991864 -21.5792859939711725
99.1999199919992236 0.4308887921657707
99.2199219921992324 -7.4117437454218003
99.2399239923992411 -31.4250083653038814
99.2599259925992783 -23.2262797494510949
99.2799279927992870 -41.4545319525999645
99.2999299929992958 -51.1626114275628794
99.3199319931993330 -12.5490732903569491
99.3399339933993417 -13.5213799153431147
99.3599359935993789 -21.2454796857815040
99.3799379937993876 -10.4580580547057842
99.3999399939993964 -6.8907291904896262
99.4199419941994336 -31.2865435837132324
99.4399439943994423 -17.7377284559536328
99.4599459945994795 -39.0736558042213744
99.4799479947994882 -12.2683537417767479
99.4999499949994970 -12.6547817599481256
99.5199519951995342 -0.7441297635146853
99.5399539953995429 -9.6422876194638629
99.5599559955995801 -35.5880271497455496
99.5799579957995888 -15.6335550015908282
99.5999599959995976 -47.9346749137832688
99.6199619961996348 -37.0454223463063670
99.6399639963996435 -2.5686292632513243
99.6599659965996807 -11.6870495649739645
99.6799679967996894 -0.9879009487770176
99.6999699969996982 -35.5320382609382648
99.7199719971997354 -16.1136313525064345
99.7399739973997441 -9.7506073388004353
99.7599759975997813 -27.2836787607833600
99.7799779977997900 -34.3909382792868712
99.7999799979997988 -6.2208756039215061
99.8199819981998360 -27.0851772711681100
99.8399839983998447 -0.0150285694923582
99.8599859985998819 1.9687365709869589
99.8799879987998906 -16.5861563588035423
99.8999899989998994 -27.5990903490936468
99.9199919991999366 -39.0391603180830344
99.9399939993999453 -27.9007295805917614
99.9599959995999825 -43.5606437156169903
99.9799979997999912 -31.7100560227086667
100.0000000000000000 -17.3320196262583437
